sample,sample_number,ID,date,time,monero,group,sex,age,repro,PA,BA,iVA,AA,all_scfa,neo_post_3days,neo_post_5days,neo_post_7days,neo_pre_3days,neo_pre_5days,neo_pre_7days,total_3_day,total_5_day,total_7_day,max_t_days1,max_t_days10,max_t_days15,max_t_days2,max_t_days20,max_t_days3,max_t_days30,max_t_days5,rain_days1,rain_days10,rain_days15,rain_days2,rain_days20,rain_days3,rain_days30,rain_days4,rain_days5,richness,total_scans,residuals,animal.x,plant,fruit,insect,nectar,pith,animal.y,seeds,flower,nurse,leaves,fungi
001-MAN299-CIMI-CR-23-JL,299,MAN,2022-11-02,06:19:00,AW,Mesas,M,8.3,M,NA,NA,NA,NA,NA,853.5972382739226,853.5972382739226,853.5972382739226,853.5972382739226,853.5972382739226,853.5972382739226,853.5972382739226,853.5972382739226,853.5972382739226,26.915104166666666,27.25313446969697,27.210852864583334,26.868472222222223,27.032946428571428,26.848229166666666,26.96935819892473,27.08826388888889,0.16562499999999986,0.06799242424242452,0.06770833333333345,0.11180555555555544,0.11597222222222,0.08385416666666702,0.09556451612903337,0.06708333333333368,0.05590277777777771,3,3,-0.5196960569324908,33.33333333333333,66.66666666666666,33.33333333333333,33.33333333333333,0,33.33333333333333,0,0,0,0,0,0
002-MAU301-CIMI-CR-23-JL,301,MAU,2022-11-02,07:15:00,AW,Mesas,M,9.3,M,NA,NA,NA,NA,NA,844.9112027405832,844.9112027405832,844.9112027405832,844.9112027405832,844.9112027405832,844.9112027405832,844.9112027405832,844.9112027405832,844.9112027405832,26.915104166666666,27.25313446969697,27.210852864583334,26.868472222222223,27.032946428571428,26.848229166666666,26.96935819892473,27.08826388888889,0.16562499999999986,0.06799242424242452,0.06770833333333345,0.11180555555555544,0.11597222222222,0.08385416666666702,0.09556451612903337,0.06708333333333368,0.05590277777777771,1,1,-2.261576808722636,100,0,0,100,0,0,0,0,0,0,0,0
003-MAN968-CIMI-CR-23-JL,968,MAN,2023-03-15,10:29:00,CB,Mesas,M,8.7,M,NA,NA,NA,NA,NA,413.07694437869776,345.27399205410006,345.27399205410006,413.07694437869776,413.07694437869776,413.07694437869776,413.07694437869776,345.27399205410006,345.27399205410006,26.02453125,28.026486742424243,28.49017578125,26.000243055555554,28.565367063492065,26.220963541666666,28.648125,27.15125,0.34166666666666673,0.09128787878787767,0.06276041666666579,0.32152777777777813,0.047817460317459905,0.2411458333333331,0.03239247311828036,0.20083333333333328,0.16736111111111002,11,24,4.770051836864025,25,75,62.5,25,0,0,0,12.5,0,0,0,0
004-MIL396-CIMI-CR-23-JL,396,MIL,2022-11-22,10:34:00,JL,Mesas,F,5.9,Pregnant,NA,NA,NA,NA,NA,674.5183233045084,674.5183233045084,674.5183233045084,674.5183233045084,674.5183233045084,674.5183233045084,674.5183233045084,674.5183233045084,674.5183233045084,26.795677083333334,27.082660984848484,26.506139322916667,26.955,26.25127976190476,26.8615625,26.58607190860215,27.244184027777777,0.0020833333333333368,0.007386363636363582,0.09492187500000188,0.0013888888888888922,0.16170634920634638,0.0010416666666666688,0.12392473118279494,8.333333333333348e-4,6.944444444444464e-4,6,13,1.1897077020182307,30.76923076923077,69.23076923076923,23.076923076923077,30.76923076923077,23.076923076923077,23.076923076923077,0,0,0,0,0,0
005-MIL959-CIMI-CR-23-JL,959,MIL,2023-03-13,09:29:00,JL,Mesas,F,6.2,Lactating,NA,NA,NA,NA,NA,659.2667230639219,697.7312907211153,697.7312907211153,983.309713245342,983.309713245342,983.309713245342,659.2667230639219,697.7312907211153,697.7312907211153,26.417395833333334,28.7407196969697,28.81392578125,27.326944444444443,28.8699751984127,27.714609375,28.853877688172044,28.130746527777777,0.14062499999999997,0.02916666666666728,0.020052083333333613,0.10694444444444455,0.015277777777777227,0.0802083333333332,0.010349462365590941,0.06416666666666684,0.05347222222222229,8,34,0.4794555958147463,20.588235294117645,79.41176470588235,70.58823529411765,17.647058823529413,2.941176470588235,0,2.941176470588235,5.88235294117647,0,0,0,0
006-MON212-CIMI-CR-23-JL,212,MON,2022-10-12,10:01:00,JL,Mesas,F,4.7,juv,NA,NA,NA,NA,NA,333.26398910491343,333.26398910491343,333.26398910491343,378.62377246047583,361.0133264275852,361.0133264275852,378.62377246047583,361.0133264275852,361.0133264275852,27.35625,26.7321875,26.477493489583335,27.06309027777778,26.391473214285714,26.392239583333332,26.209075940860217,26.457517361111112,0.0177083333333333,0.0479166666666669,0.08450520833333369,0.04027777777777772,0.10605158730158688,0.10520833333333315,0.10598118279569817,0.10000000000000017,0.08784722222222212,NA,NA,NA,NA,NA,NA,NA,NA,NA,NA,NA,NA,NA,NA,NA
007-MON491-CIMI-CR-23-JL,491,MON,2022-12-13,09:38:00,AW,Mesas,F,4.9,juv,NA,NA,NA,NA,NA,349.50510276923194,349.50510276923194,349.50510276923194,349.50510276923194,349.50510276923194,349.50510276923194,349.50510276923194,349.50510276923194,349.50510276923194,27.4584375,27.19560606060606,27.113847656249998,27.523645833333333,26.911969246031745,27.440625,26.983309811827958,27.286336805555557,0,0,0.0013020833333333539,0,0.025297619047618392,0,0.019690860215053882,0,0,4,21,-1.842769290821192,61.904761904761905,38.095238095238095,14.285714285714285,61.904761904761905,0,23.809523809523807,0,0,0,0,0,0
009-MIL695-CIMI-CR-23-JL,695,MIL,2023-01-26,08:20:00,AW,Mesas,F,6.1,Lactating,NA,NA,NA,NA,NA,509.18575578267826,509.18575578267826,509.18575578267826,509.18575578267826,509.18575578267826,509.18575578267826,509.18575578267826,509.18575578267826,509.18575578267826,28.79296875,28.376714015151514,28.16688599348534,28.946805555555557,28.069285359801487,28.867916666666666,28.033331092436974,28.621163194444446,0,0,0,0,0,0,0,0,0,5,15,-0.06841154619162494,33.33333333333333,66.66666666666666,66.66666666666666,33.33333333333333,0,0,0,0,0,0,0,0
010-MIS411-CIMI-CR-23-JL,411,MIS,2022-11-23,14:29:00,AG,Mesas,F,3.9,juv,NA,NA,NA,NA,NA,504.8910106508902,504.8910106508902,504.8910106508902,504.8910106508902,504.8910106508902,504.8910106508902,504.8910106508902,504.8910106508902,504.8910106508902,26.40046875,27.08311553030303,26.68033203125,26.72479166666667,26.236512896825396,26.862005208333333,26.56228494623656,27.030208333333334,0,0.007196969696969781,0.05963541666666733,0.0013888888888888926,0.14732142857143155,0.0010416666666666688,0.12163978494623465,8.333333333333352e-4,6.944444444444465e-4,7,17,1.6734692055985196,47.05882352941176,52.94117647058824,35.294117647058826,47.05882352941176,0,17.647058823529413,0,0,0,0,0,0
011-MIS201-CIMI-CR-23-JL,201,MIS,2022-10-10,12:48:00,JL,Mesas,F,3.8,juv,NA,NA,NA,NA,NA,666.4516090371178,666.4516090371178,666.4516090371178,555.5052342119469,404.4493759314732,404.4493759314732,666.4516090371178,563.1870861905883,563.1870861905883,25.428229166666668,26.46278409090909,26.265631510416668,25.813680555555557,26.263531746031745,26.008151041666668,26.158380376344088,26.34753472222222,0.19270833333333326,0.05928030303030333,0.11393229166666687,0.15486111111111114,0.11180555555555562,0.12291666666666666,0.10766129032258051,0.0983333333333336,0.0819444444444442,NA,NA,NA,NA,NA,NA,NA,NA,NA,NA,NA,NA,NA,NA,NA
012-MIS357-CIMI-CR-23-JL,357,MIS,2022-11-15,10:50:00,JL,Mesas,F,3.9,juv,NA,NA,NA,NA,NA,622.3381459566068,622.3381459566068,622.3381459566068,622.3381459566068,622.3381459566068,622.3381459566068,622.3381459566068,622.3381459566068,622.3381459566068,26.6025,25.61348484848485,25.855403645833334,26.676180555555554,26.272480158730158,26.651640625,26.474687499999998,26.359861111111112,0.036458333333333356,0.2473484848484835,0.2139322916666673,0.02430555555555563,0.16309523809523813,0.018750000000000055,0.144354838709679,0.04583333333333351,0.07326388888888914,2,11,-2.552173049771914,81.81818181818183,18.181818181818183,0,81.81818181818183,0,18.181818181818183,0,0,0,0,0,0
013-MIS864-CIMI-CR-23-JL,864,MIS,2023-02-27,11:36:00,AW,Mesas,F,4.1,juv,NA,NA,NA,NA,NA,710.0801583718045,710.0801583718045,710.0801583718045,1106.3351107354172,1106.3351107354172,1106.3351107354172,710.0801583718045,710.0801583718045,710.0801583718045,28.61453125,28.86654356060606,28.839641927083335,28.74888888888889,28.933005952380952,28.7896875,28.769069220430108,28.8228125,0,0,0,0,0,0,0,0,0,7,10,2.576886574333014,10,90,70,10,10,0,0,10,0,0,0,0
014-MOS295-CIMI-CR-23-JL,295,MOS,2022-11-01,12:41:00,JL,Mesas,M,9.3,M,NA,NA,NA,NA,NA,238.569647758055,238.569647758055,238.569647758055,252.0134900723216,252.0134900723216,252.0134900723216,238.569647758055,238.569647758055,238.569647758055,26.856145833333333,27.27523674242424,27.172708333333333,26.83326388888889,27.056641865079364,27.035677083333333,26.930735887096773,27.269010416666667,0.016666666666666666,0.040719696969697294,0.04947916666666648,0.011111111111111136,0.1018849206349206,0.008333333333333354,0.08581989247311816,0.006666666666666676,0.005555555555555574,1,1,-2.261576808722636,100,0,0,100,0,0,0,0,0,0,0,0
015-MAY395-CIMI-CR-23-JL,395,MAY,2022-11-22,10:19:00,AW,Mesas,F,3.9,juv,NA,NA,NA,NA,NA,1264.7517159763768,1264.7517159763768,515.9317066140849,1264.7517159763768,1264.7517159763768,1264.7517159763768,1264.7517159763768,1264.7517159763768,515.9317066140849,26.795677083333334,27.082660984848484,26.506139322916667,26.955,26.25127976190476,26.8615625,26.58607190860215,27.244184027777777,0.0020833333333333368,0.007386363636363582,0.09492187500000188,0.0013888888888888922,0.16170634920634638,0.0010416666666666688,0.12392473118279494,8.333333333333348e-4,6.944444444444464e-4,6,8,1.8350058225428698,37.5,62.5,50,37.5,12.5,0,0,0,0,0,0,0
018-MOS394-CIMI-CR-23-JL,394,MOS,2022-11-22,11:03:00,AW,Mesas,M,9.4,M,NA,NA,NA,NA,NA,387.4739348036614,387.4739348036614,387.4739348036614,387.4739348036614,387.4739348036614,387.4739348036614,387.4739348036614,387.4739348036614,387.4739348036614,26.795677083333334,27.082660984848484,26.506139322916667,26.955,26.25127976190476,26.8615625,26.58607190860215,27.244184027777777,0.0020833333333333368,0.007386363636363582,0.09492187500000188,0.0013888888888888922,0.16170634920634638,0.0010416666666666688,0.12392473118279494,8.333333333333348e-4,6.944444444444464e-4,6,12,1.3187673261231583,25,75,41.66666666666667,25,8.333333333333332,25,0,0,0,0,0,0
019-MOS1243-CIMI-CR-23-JL,1243,MOS,2023-05-04,15:23:00,AW,Mesas,M,9.8,M,NA,NA,NA,NA,NA,539.3262674556207,539.3262674556207,768.505483521619,539.3262674556207,539.3262674556207,539.3262674556207,539.3262674556207,539.3262674556207,768.505483521619,31.950677083333332,29.645047348484848,29.699889322916665,31.554895833333333,29.795704365079366,31.193802083333335,29.79017809139785,30.402013888888888,0,0.007196969696969737,0.008984375000000107,0,0.006845238095238146,0.0031249999999999807,0.004637096774193544,0.002916666666666658,0.003472222222222219,1,4,-2.648755681037419,0,100,100,0,0,0,0,0,0,0,0,0
020-MOS1189-CIMI-CR-23-JL,1189,MOS,2023-04-20,12:56:00,AW,Mesas,M,9.8,M,NA,NA,NA,NA,NA,455.4700402366888,455.4700402366888,455.4700402366888,455.4700402366888,455.4700402366888,455.4700402366888,455.4700402366888,455.4700402366888,455.4700402366888,30.735052083333333,30.280265151515152,30.023951822916665,30.436458333333334,29.743506944444444,30.310911458333333,29.640332661290323,30.35767361111111,0,0,0,0,9.920634920634955e-5,0,6.720430107527035e-5,0,0,4,14,-0.9393519220866972,42.857142857142854,57.14285714285714,57.14285714285714,42.857142857142854,0,0,0,0,0,0,0,0
021-MOZ152-CIMI-CR-23-JL,152,MOZ,2022-09-28,08:58:00,SK/EM,Mesas,M,12.3,M,NA,NA,NA,NA,NA,156.57765227492018,156.57765227492018,156.57765227492018,53.95069462721887,53.95069462721887,53.95069462721887,156.57765227492018,156.57765227492018,156.57765227492018,25.73796875,25.922045454545454,25.892936197916665,25.595555555555556,25.98998015873016,25.699661458333335,26.120020161290324,26.100885416666667,0.3250000000000001,0.16742424242424334,0.15846354166666568,0.37291666666666645,0.1541666666666664,0.28906250000000006,0.15087365591397825,0.2891666666666668,0.24097222222222206,NA,NA,NA,NA,NA,NA,NA,NA,NA,NA,NA,NA,NA,NA,NA
022-MOZ110-CIMI-CR-23-JL,110,MOZ,2022-09-13,10:03:00,JL,Mesas,M,12.2,M,1.9,0.24,0.98,13.4,16.52,454.237837278106,454.237837278106,454.237837278106,466.37719526627166,466.37719526627166,466.37719526627166,454.237837278106,454.237837278106,454.237837278106,25.684583333333332,26.430833333333332,26.298274739583334,26.100590277777776,26.31376122556788,26.127526041666666,26.65452420016407,26.140225694444446,0.14999999999999986,0.17481060606060622,0.14960937499999963,0.12152777777777764,0.14896988906497635,0.09687499999999977,0.13445447087776868,0.16041666666666685,0.1590277777777779,NA,NA,NA,NA,NA,NA,NA,NA,NA,NA,NA,NA,NA,NA,NA
023-MOZ424-CIMI-CR-23-JL,424,MOZ,2022-12-01,09:13:00,MC,Mesas,M,12.4,M,0.19,0,0.27,2.77,3.23,225.24625798817377,225.24625798817377,225.24625798817377,225.24625798817377,225.24625798817377,456.70335029586164,225.24625798817377,225.24625798817377,456.70335029586164,26.92671875,26.545795454545456,26.857194010416666,26.814930555555556,26.76264384920635,26.770651041666667,26.34278561827957,26.467899305555555,0.0072916666666666555,0.048674242424242606,0.03359374999999985,0.00486111111111112,0.03650793650793639,0.0052083333333333304,0.12762096774193685,0.020416666666666604,0.017708333333333375,5,48,-4.327379141654243,44.44444444444444,55.55555555555556,28.888888888888886,44.44444444444444,0,26.666666666666668,0,0,0,0,0,0
024-MOZ694-CIMI-CR-23-JL,694,MOZ,2023-01-25,16:00:00,AW,Mesas,M,12.6,M,NA,NA,NA,NA,NA,710.8776886349743,710.8776886349743,710.8776886349743,710.8776886349743,710.8776886349743,710.8776886349743,710.8776886349743,710.8776886349743,710.8776886349743,29.202864583333334,28.161070075757575,28.146879478827362,29.01232638888889,28.047235732009927,28.802942708333333,28.01872268907563,28.685399305555556,0,0,0,0,0,0,0,0,0,8,20,2.286290333283736,25,75,65,25,0,0,0,10,0,0,0,0
026-MOS961-CIMI-CR-23-JL,961,MOS,2023-03-14,10:48:00,MC,Mesas,M,9.7,M,NA,NA,NA,NA,NA,347.6310619329462,347.6310619329462,347.6310619329462,272.6744473372879,272.6744473372879,272.6744473372879,347.6310619329462,347.6310619329462,347.6310619329462,26.114375,28.433920454545454,28.68509765625,26.370625,28.71465277777778,27.06447916666667,28.758229166666666,27.686354166666668,0.14270833333333297,0.029545454545454135,0.02031250000000041,0.09513888888888902,0.015476190476190883,0.08124999999999986,0.010483870967741614,0.06500000000000003,0.05416666666666657,8,19,2.4153499573886634,11.11111111111111,88.88888888888889,83.33333333333334,11.11111111111111,0,0,0,5.555555555555555,0,0,0,0
027-MUL480-CIMI-CR-23-JL,480,MUL,2022-12-12,11:14:00,JL,Mesas,F,11.5,Lactating,6.48,0.23,2.2,20.5,29.41,204.19856405220605,314.5742167786725,314.5742167786725,208.39571587561304,208.39571587561304,208.39571587561304,204.19856405220605,314.5742167786725,314.5742167786725,27.378645833333334,27.17502840909091,27.001529947916666,27.31628472222222,26.835982142857144,27.228385416666665,26.943450940860217,27.210555555555555,0,0,0.006380208333333111,0,0.02529761904761848,0,0.019758064516129208,0,0,6,19,0.41534995738866376,31.25,68.75,31.25,31.25,0,37.5,0,0,0,0,0,0
028-MUL151-CIMI-CR-23-JL,151,MUL,2022-09-28,09:09:00,AW,Mesas,F,11.3,Lactating,NA,NA,NA,NA,NA,175.9514074953963,175.9514074953963,175.9514074953963,176.16041219498504,176.16041219498504,176.16041219498504,175.9514074953963,175.9514074953963,175.9514074953963,25.73796875,25.922045454545454,25.892936197916665,25.595555555555556,25.98998015873016,25.699661458333335,26.120020161290324,26.100885416666667,0.3250000000000001,0.16742424242424334,0.15846354166666568,0.37291666666666645,0.1541666666666664,0.28906250000000006,0.15087365591397825,0.2891666666666668,0.24097222222222206,NA,NA,NA,NA,NA,NA,NA,NA,NA,NA,NA,NA,NA,NA,NA
031-MUL957-CIMI-CR-23-JL,957,MUL,2023-03-13,11:27:00,JL,Mesas,F,11.7,Lactating,2.13,0.16,0.82,11.2,14.309999999999999,713.4554769230762,4388.968255660884,3695.977297217851,444.4698887573959,444.4698887573959,444.4698887573959,713.4554769230762,4388.968255660884,3695.977297217851,26.417395833333334,28.7407196969697,28.81392578125,27.326944444444443,28.8699751984127,27.714609375,28.853877688172044,28.130746527777777,0.14062499999999997,0.02916666666666728,0.020052083333333613,0.10694444444444455,0.015277777777777227,0.0802083333333332,0.010349462365590941,0.06416666666666684,0.05347222222222229,9,34,1.4794555958147462,29.411764705882355,70.58823529411765,67.64705882352942,29.411764705882355,0,0,0,2.941176470588235,0,0,0,0
032-MUS622-CIMI-CR-23-JL,622,MUS,2023-01-09,11:19:00,AW,Mesas,F,4.8,juv,NA,NA,NA,NA,NA,663.0912568047224,663.0912568047224,663.0912568047224,663.0912568047224,663.0912568047224,663.0912568047224,663.0912568047224,663.0912568047224,663.0912568047224,27.66625,27.843380681818182,27.902154947916667,27.731979166666665,27.938834325396826,27.667760416666667,27.906377688172043,27.8265625,0,0,0,0,0,0,0,0,0,1,1,-2.261576808722636,0,100,100,0,0,0,0,0,0,0,0,0
033-MUS393-CIMI-CR-23-JL,393,MUS,2022-11-22,09:02:00,JL,Mesas,F,4.6,juv,NA,NA,NA,NA,NA,698.5494745562122,698.5494745562122,447.989361538461,698.5494745562122,698.5494745562122,698.5494745562122,698.5494745562122,698.5494745562122,447.989361538461,26.795677083333334,27.082660984848484,26.506139322916667,26.955,26.25127976190476,26.8615625,26.58607190860215,27.244184027777777,0.0020833333333333368,0.007386363636363582,0.09492187500000188,0.0013888888888888922,0.16170634920634638,0.0010416666666666688,0.12392473118279494,8.333333333333348e-4,6.944444444444464e-4,8,13,3.1897077020182305,46.15384615384615,53.84615384615385,38.46153846153847,38.46153846153847,0,15.384615384615385,7.6923076923076925,0,0,0,0,0
034-MYK398-CIMI-CR-23-JL,398,MYK,2022-11-22,09:22:00,JL,Mesas,M,1.8,M,NA,NA,NA,NA,NA,561.549761893503,561.549761893503,561.549761893503,561.549761893503,561.549761893503,651.7084913609606,561.549761893503,561.549761893503,651.7084913609606,26.795677083333334,27.082660984848484,26.506139322916667,26.955,26.25127976190476,26.8615625,26.58607190860215,27.244184027777777,0.0020833333333333368,0.007386363636363582,0.09492187500000188,0.0013888888888888922,0.16170634920634638,0.0010416666666666688,0.12392473118279494,8.333333333333348e-4,6.944444444444464e-4,5,13,0.18970770201823076,46.15384615384615,53.84615384615385,7.6923076923076925,46.15384615384615,15.384615384615385,30.76923076923077,0,0,0,0,0,0
035-MYK363-CIMI-CR-23-JL,363,MYK,2022-11-15,10:45:00,JL,Mesas,M,1.8,M,4.07,0.22,1.15,15.4,20.84,741.867220828418,741.867220828418,651.7084913609606,741.867220828418,741.867220828418,741.867220828418,741.867220828418,741.867220828418,651.7084913609606,26.6025,25.61348484848485,25.855403645833334,26.676180555555554,26.272480158730158,26.651640625,26.474687499999998,26.359861111111112,0.036458333333333356,0.2473484848484835,0.2139322916666673,0.02430555555555563,0.16309523809523813,0.018750000000000055,0.144354838709679,0.04583333333333351,0.07326388888888914,6,22,0.02817108507388027,54.54545454545454,45.45454545454545,18.181818181818183,54.54545454545454,0,22.727272727272727,0,0,0,0,4.545454545454546,0
036-MYK297-CIMI-CR-23-JL,297,MYK,2022-11-02,10:03:00,AW,Mesas,M,1.8,M,NA,NA,NA,NA,NA,481.96398504006237,481.96398504006237,481.96398504006237,811.9254319526618,811.9254319526618,811.9254319526618,481.96398504006237,481.96398504006237,481.96398504006237,26.915104166666666,27.25313446969697,27.210852864583334,26.868472222222223,27.032946428571428,26.848229166666666,26.96935819892473,27.08826388888889,0.16562499999999986,0.06799242424242452,0.06770833333333345,0.11180555555555544,0.11597222222222,0.08385416666666702,0.09556451612903337,0.06708333333333368,0.05590277777777771,4,9,-0.294053801562058,55.55555555555556,44.44444444444444,22.22222222222222,55.55555555555556,0,22.22222222222222,0,0,0,0,0,0
037-PED239-CIMI-CR-23-JL,239,PED,2022-10-18,10:49:00,AW,Tenori,M,12.3,M,2.68,0.07,0.3,20.9,23.95,562.8145136094669,562.8145136094669,596.390660355029,562.8145136094669,562.8145136094669,562.8145136094669,562.8145136094669,562.8145136094669,596.390660355029,26.568125,26.48410984848485,26.720618489583334,26.371354166666666,26.537256944444444,26.487890625,26.338004032258066,26.52861111111111,0.02083333333333334,0.17121212121212093,0.11940104166666524,0.11180555555555542,0.11954365079365015,0.18489583333333345,0.12668010752688236,0.22666666666666685,0.23055555555555615,NA,NA,NA,NA,NA,NA,NA,NA,NA,NA,NA,NA,NA,NA,NA
038-TAB285-CIMI-CR-23-JL,285,TAB,2022-10-28,10:52:00,JL,Tenori,F,5.8,juv,NA,NA,NA,NA,NA,388.8735112426082,388.8735112426082,388.8735112426082,270.717093491134,270.717093491134,270.717093491134,388.8735112426082,388.8735112426082,388.8735112426082,27.735677083333332,27.3034375,27.041002604166668,27.868402777777778,26.895694444444445,27.705651041666666,26.79892809139785,27.45810763888889,0,0.06799242424242427,0.13124999999999992,6.944444444444462e-4,0.12380952380952256,0.0463541666666665,0.10409946236559138,0.06833333333333383,0.06874999999999981,1,3,-2.519696056932491,100,0,0,100,0,0,0,0,0,0,0,0
039-TAB524-CIMI-CR-23-JL,524,TAB,2022-12-15,12:02:00,AW,Tenori,F,5.9,Pregnant,NA,NA,NA,NA,NA,1047.43525049312,1047.43525049312,1047.43525049312,995.876607822954,995.876607822954,995.876607822954,984.9615736878643,984.9615736878643,984.9615736878643,27.47953125,27.278267045454545,27.221966145833335,27.590902777777778,27.002445436507937,27.468984375,27.049653897849463,27.45359375,0,0,9.114583333333349e-4,0,0.02380952380952276,0,0.017338709677419795,0,0,8,38,-0.036782900604964856,52.63157894736842,47.368421052631575,15.789473684210526,52.63157894736842,5.263157894736842,26.31578947368421,0,0,0,0,0,0
040-TAB671-CIMI-CR-23-JL,671,TAB,2023-01-17,07:33:00,AW,Tenori,F,6,Pregnant,0.96,0.24,0.81,7.32,9.33,822.1669095384736,822.1669095384736,822.1669095384736,1479.7595076923244,1479.7595076923244,1479.7595076923244,822.1669095384736,822.1669095384736,822.1669095384736,27.282135416666666,27.672379146919432,27.690807817589576,26.875625,27.792749379652605,27.087057291666667,27.869442016806723,27.48424347826087,0,0,0,0,0,0,0,0,0,5,18,-0.45559041850640836,61.111111111111114,38.88888888888889,38.88888888888889,61.111111111111114,0,0,0,0,0,0,0,0
041-TAM340-CIMI-CR-23-JL,340,TAM,2022-11-11,10:05:00,AW,Tenori,F,8.4,Lactating,1.84,0,0.45,16.1,18.39,488.1802639963622,488.1802639963622,488.1802639963622,506.43235421462316,506.43235421462316,506.43235421462316,506.43235421462316,506.43235421462316,506.43235421462316,25.776302083333334,25.48224431818182,26.061354166666668,25.661597222222223,26.35215277777778,25.598255208333335,26.501841397849464,25.058107638888888,0.1822916666666668,0.3039772727272723,0.2092447916666677,0.12291666666666659,0.17916666666666703,0.21822916666666636,0.17594086021505356,0.2874999999999994,0.40659722222222267,5,30,-2.0043059077655427,40,60,20,36.666666666666664,0,40,3.3333333333333335,0,0,0,0,0
043-TAN167-CIMI-CR-23-JL,167,TAN,2022-10-03,15:45:00,JL,Tenori,F,5.6,juv,224,18.4,6.67,767,1016.0699999999999,1126.833552662729,1126.833552662729,1126.833552662729,1126.833552662729,1126.833552662729,1126.833552662729,1126.833552662729,1126.833552662729,1126.833552662729,26.5471875,26.164507575757575,26.021673177083333,26.166145833333335,25.975773809523808,26.210859375,26.15779569892473,26.19184027777778,0,0.14734848484848442,0.12604166666666727,0.013888888888888914,0.1290674603174603,0.04010416666666656,0.14133064516129043,0.03499999999999991,0.09999999999999933,NA,NA,NA,NA,NA,NA,NA,NA,NA,NA,NA,NA,NA,NA,NA
044-TAN949-CIMI-CR-23-JL,949,TAN,2023-03-10,13:30:00,JL,Tenori,F,6,Pregnant,NA,NA,NA,NA,NA,1025.3522840236676,1025.3522840236676,1025.3522840236676,1302.1135141166387,1302.1135141166387,1710.908896327594,1302.1135141166387,1302.1135141166387,1710.908896327594,28.930104166666666,29.255719696969695,29.11517578125,28.93454861111111,29.073462301587302,28.98825520833333,29.03371303763441,29.043576388888887,0,0,0,0,0,0,0,0,0,8,35,0.3503959717098185,54.285714285714285,45.714285714285715,40,54.285714285714285,5.714285714285714,0,0,0,0,0,0,0
045-TAN1059-CIMI-CR-23-JL,1059,TAN,2023-03-31,08:30:00,MC,Tenori,F,6.1,Pregnant,NA,NA,NA,NA,NA,786.2665305719914,882.7498550953311,882.7498550953311,786.2665305719914,786.2665305719914,786.2665305719914,786.2665305719914,882.7498550953311,882.7498550953311,28.65,29.315473484848486,28.922955729166667,28.8403125,28.41891369047619,28.98815104166667,28.697301747311826,29.19453125,0,0,0.03736979166666559,0,0.07628968253968368,0,0.05168010752688107,0,0,3,13,-1.8102922979817693,53.84615384615385,46.15384615384615,46.15384615384615,53.84615384615385,0,0,0,0,0,0,0,0
046-TEM325-CIMI-CR-23-JL,325,TEM,2022-11-08,15:59:00,AW,Tenori,M,6.2,M,7.25,1.24,0.19,24,32.68,532.0087753846267,532.0087753846267,532.0087753846267,555.7680397633254,555.7680397633254,555.7680397633254,532.0087753846267,532.0087753846267,532.0087753846267,24.602083333333333,25.86595643939394,26.372109375,24.454618055555557,26.571899801587303,24.53924479166667,26.54033938172043,24.914947916666666,0.5343749999999997,0.27083333333333504,0.20755208333333292,0.6902777777777778,0.17599206349206545,0.5692708333333332,0.17741935483870847,0.4741666666666666,0.44062500000000054,3,8,-1.1649941774571302,50,50,37.5,50,0,12.5,0,0,0,0,0,0
047-TEM260-CIMI-CR-23-JL,260,TEM,2022-10-20,14:01:00,EM,Tenori,M,6.1,M,NA,NA,NA,NA,NA,737.7718343195532,737.7718343195532,737.7718343195532,737.7718343195532,737.7718343195532,737.7718343195532,737.7718343195532,737.7718343195532,737.7718343195532,27.564739583333335,26.862765151515152,26.693678385416668,27.327638888888888,26.671631944444446,27.06643229166667,26.469284274193548,26.84684027777778,0.036458333333333315,0.14337121212121234,0.12395833333333277,0.03472222222222217,0.10208333333333373,0.028645833333333304,0.12385752688171982,0.08166666666666646,0.13541666666666696,NA,NA,NA,NA,NA,NA,NA,NA,NA,NA,NA,NA,NA,NA,NA
048-TEM585-CIMI-CR-23-JL,585,TEM,2023-01-02,12:50:00,JL,Tenori,M,6.3,M,NA,NA,NA,NA,NA,537.2730990855238,537.2730990855238,537.2730990855238,537.2730990855238,537.2730990855238,537.2730990855238,537.2730990855238,537.2730990855238,537.2730990855238,27.33953125,27.99746212121212,27.986204427083333,27.598993055555557,28.0084623015873,27.826510416666665,27.72631384408602,27.91251736111111,0,0,0,0,0,0,0,0,0,4,10,-0.4231134256669858,10,90,60,10,0,30,0,0,0,0,0,0
049-TER635-CIMI-CR-23-JL,635,TER,2023-01-10,08:11:00,JL,Tenori,F,6.5,Pregnant,25.1,1.87,2.33,105,134.3,1521.6167668639036,1521.6167668639036,1521.6167668639036,1521.6167668639036,1521.6167668639036,1521.6167668639036,1521.6167668639036,1521.6167668639036,1521.6167668639036,27.880885416666665,27.80753787878788,27.896653645833332,27.81576388888889,27.942728174603175,27.827682291666665,27.93615927419355,27.792951388888888,0,0,0,0,0,0,0,0,0,4,12,-0.6812326738768416,58.333333333333336,41.66666666666667,25,58.333333333333336,0,16.666666666666664,0,0,0,0,0,0
051-TER324-CIMI-CR-23-JL,324,TER,2022-11-08,08:04:00,JL,Tenori,F,6.4,Pregnant,NA,NA,NA,NA,NA,815.0177269807,815.0177269807,815.0177269807,640.5064047337326,640.5064047337326,640.5064047337326,815.0177269807,815.0177269807,815.0177269807,24.602083333333333,25.86595643939394,26.372109375,24.454618055555557,26.571899801587303,24.53924479166667,26.54033938172043,24.914947916666666,0.5343749999999997,0.27083333333333504,0.20755208333333292,0.6902777777777778,0.17599206349206545,0.5692708333333332,0.17741935483870847,0.4741666666666666,0.44062500000000054,3,16,-2.197471170296553,62.5,37.5,25,62.5,0,12.5,0,0,0,0,0,0
052-TER1058-CIMI-CR-23-JL,1058,TER,2023-03-31,07:45:00,VM,Tenori,F,6.8,Lactating,175,59,10.5,671,915.5,2171.985223668637,1322.2301644970453,1322.2301644970453,1655.4019022485318,1655.4019022485318,1759.0136752662788,1655.4019022485318,1261.092969940839,1437.3790327810725,28.65,29.315473484848486,28.922955729166667,28.8403125,28.41891369047619,28.98815104166667,28.697301747311826,29.19453125,0,0,0.03736979166666559,0,0.07628968253968368,0,0.05168010752688107,0,0,2,8,-2.1649941774571304,50,50,50,50,0,0,0,0,0,0,0,0
053-TET329-CIMI-CR-23-JL,329,TET,2022-11-08,16:53:00,AW,Tenori,F,34.4,Cycling,21.9,2.12,0.49,53.1,77.61,5517.931057988282,5517.931057988282,5517.931057988282,5517.931057988282,5517.931057988282,5517.931057988282,5517.931057988282,5517.931057988282,5517.931057988282,24.602083333333333,25.86595643939394,26.372109375,24.454618055555557,26.571899801587303,24.53924479166667,26.54033938172043,24.914947916666666,0.5343749999999997,0.27083333333333504,0.20755208333333292,0.6902777777777778,0.17599206349206545,0.5692708333333332,0.17741935483870847,0.4741666666666666,0.44062500000000054,4,19,-1.5846500426113361,52.63157894736842,47.368421052631575,10.526315789473683,52.63157894736842,0,36.84210526315789,0,0,0,0,0,0
054-TIL320-CIMI-CR-23-JL,320,TIL,2022-11-08,10:50:00,UN,Tenori,M,6.2,M,6.55,0.57,0.33,20.2,27.65,481.59938556213524,481.59938556213524,577.8635533727874,422.65292165681666,422.65292165681666,422.65292165681666,462.0409036686465,462.0409036686465,542.9639342958659,24.602083333333333,25.86595643939394,26.372109375,24.454618055555557,26.571899801587303,24.53924479166667,26.54033938172043,24.914947916666666,0.5343749999999997,0.27083333333333504,0.20755208333333292,0.6902777777777778,0.17599206349206545,0.5692708333333332,0.17741935483870847,0.4741666666666666,0.44062500000000054,3,9,-1.294053801562058,44.44444444444444,55.55555555555556,22.22222222222222,44.44444444444444,0,33.33333333333333,0,0,0,0,0,0
055-TIN255-CIMI-CR-23-JL,255,TIN,2022-10-20,10:36:00,AW,Tenori,M,3.4,M,NA,NA,NA,NA,NA,1318.020815343811,1318.020815343811,1318.020815343811,1318.020815343811,1318.020815343811,1318.020815343811,1318.020815343811,1318.020815343811,1318.020815343811,27.564739583333335,26.862765151515152,26.693678385416668,27.327638888888888,26.671631944444446,27.06643229166667,26.469284274193548,26.84684027777778,0.036458333333333315,0.14337121212121234,0.12395833333333277,0.03472222222222217,0.10208333333333373,0.028645833333333304,0.12385752688171982,0.08166666666666646,0.13541666666666696,NA,NA,NA,NA,NA,NA,NA,NA,NA,NA,NA,NA,NA,NA,NA
056-TIN580-CIMI-CR-23-JL,580,TIN,2022-12-29,10:43:00,JL,Tenori,M,3.6,M,NA,NA,NA,NA,NA,1484.4962226131483,1484.4962226131483,1484.4962226131483,1484.4962226131483,1484.4962226131483,1484.4962226131483,1484.4962226131483,1484.4962226131483,1484.4962226131483,28.08453125,28.041695075757577,28.066126302083333,27.990833333333335,27.89453373015873,27.988619791666668,27.620702284946237,28.113072916666667,0,0,0,0,0,0,4.7043010752687e-4,0,0,4,23,-2.1008885390310477,30.434782608695656,69.56521739130434,52.17391304347826,30.434782608695656,0,13.043478260869565,0,0,4.3478260869565215,0,0,0
057-TIZ462-CIMI-CR-23-JL,462,TIZ,2022-12-08,14:08:00,AW,Tenori,M,10.1,M,19.3,0.49,0.76,37.9,58.45,841.9632852070997,841.9632852070997,841.9632852070997,841.9632852070997,841.9632852070997,841.9632852070997,841.9632852070997,841.9632852070997,841.9632852070997,27.174895833333334,27.008579545454545,26.776510416666667,27.27107638888889,26.858209325396825,27.093671875,26.733111559139786,27.07074652777778,0,0.0018939393939393656,0.033203125000000014,0,0.025496031746032176,0,0.04791666666666738,0,0,4,13,-0.8102922979817693,23.076923076923077,76.92307692307693,15.384615384615385,23.076923076923077,15.384615384615385,46.15384615384615,0,0,0,0,0,0
060-TIZ708-CIMI-CR-23-JL,708,TIZ,2023-01-27,07:27:00,JL,Tenori,M,10.2,M,0.31,0.52,0.23,4.74,5.800000000000001,530.8343630769343,443.8375128994137,443.8375128994137,530.8343630769343,530.8343630769343,530.8343630769343,530.8343630769343,443.8375128994137,443.8375128994137,28.39109375,28.52318181818182,28.177485342019544,28.644479166666667,28.110848635235733,28.796979166666667,28.050887394957982,28.665659722222223,0,0,0,0,0,0,0,0,0,7,11,2.447826950228086,27.27272727272727,72.72727272727273,63.63636363636363,27.27272727272727,0,9.090909090909092,0,0,0,0,0,0
063-TRU449-CIMI-CR-23-JL,449,TRU,2022-12-06,12:50:00,JL,Tenori,F,15.4,Cycling,NA,NA,NA,NA,NA,835.842483500585,835.842483500585,731.9767075958528,789.3083158072812,789.3083158072812,789.3083158072812,824.208941577259,824.208941577259,743.4430292381385,27.012447916666666,26.76994318181818,26.729108072916667,27.015868055555554,26.922718253968252,27.018671875,26.52684811827957,27.23878472222222,0,0.00965909090909084,0.03346354166666685,0,0.02559523809523777,0,0.0984543010752715,0,0,3,12,-1.6812326738768417,25,75,25,25,0,50,0,0,0,0,0,0
064-TRU434-CIMI-CR-23-JL,434,TRU,2022-12-05,12:40:00,CB,Tenori,F,15.4,Cycling,NA,NA,NA,NA,NA,940.4406572652858,824.208941577259,824.208941577259,789.3083158072812,789.3083158072812,789.3083158072812,940.4406572652858,824.208941577259,824.208941577259,26.792083333333334,26.686534090909092,26.71724609375,26.870416666666667,26.906656746031747,27.049635416666668,26.440709005376345,27.008663194444445,0,0.04545454545454475,0.03346354166666685,0,0.025595238095237772,0,0.10510752688172235,0,0.0024305555555555565,3,16,-2.197471170296553,43.75,56.25,12.5,43.75,0,43.75,0,0,0,0,0,0
065-TRU668-CIMI-CR-23-JL,668,TRU,2023-01-16,13:58:00,VM,Tenori,F,15.6,Pregnant,NA,NA,NA,NA,NA,691.6284721104671,691.6284721104671,691.6284721104671,690.7351157396596,1680.132315266278,1680.132315266278,691.6284721104671,1186.1037327810745,1186.1037327810745,26.399479166666666,27.64027488151659,27.688918566775243,26.840104166666666,27.79158312655087,27.155546875,27.905499159663865,27.54269565217391,0,0,0,0,0,0,0,0,0,7,31,-0.13336553187047015,41.935483870967744,58.06451612903226,41.935483870967744,41.935483870967744,0,16.129032258064516,0,0,0,0,0,0
066-TSU729-CIMI-CR-23-JL,729,TSU,2023-02-01,14:57:00,AW,Tenori,M,5.4,M,NA,NA,NA,NA,NA,1426.3588796844342,1426.3588796844342,1426.3588796844342,1426.3588796844342,1426.3588796844342,1426.3588796844342,1426.3588796844342,1426.3588796844342,1426.3588796844342,29.12390625,28.574138257575758,28.50478515625,28.8759375,28.245811414392058,28.60703125,28.106642016806724,28.44484375,0,0,0,0,0,0,0,0,0,8,16,2.802528829703447,25,75,37.5,25,0,31.25,0,0,6.25,0,0,0
067-TSU318-CIMI-CR-23-JL,318,TSU,2022-11-08,12:15:00,UN,Tenori,M,5.2,M,NA,NA,NA,NA,NA,697.75900473374,697.75900473374,629.5209010468914,695.6134437870073,695.6134437870073,695.6134437870073,697.75900473374,697.75900473374,629.5209010468914,24.602083333333333,25.86595643939394,26.372109375,24.454618055555557,26.571899801587303,24.53924479166667,26.54033938172043,24.914947916666666,0.5343749999999997,0.27083333333333504,0.20755208333333292,0.6902777777777778,0.17599206349206545,0.5692708333333332,0.17741935483870847,0.4741666666666666,0.44062500000000054,4,9,-0.294053801562058,33.33333333333333,66.66666666666666,11.11111111111111,33.33333333333333,11.11111111111111,44.44444444444444,0,0,0,0,0,0
068-MAN651-CIMI-CR-23-JL,651,MAN,2023-01-11,12:50:00,MC,Mesas,M,8.5,M,NA,NA,NA,NA,NA,1011.4967744472142,1011.4967744472142,1011.4967744472142,917.1827293678024,917.1827293678024,917.1827293678024,1011.4967744472142,1011.4967744472142,1011.4967744472142,28.14640625,27.813001893939393,27.90890625,27.979930555555555,27.9615873015873,27.906328125,27.95306115591398,27.827309027777776,0,0,0,0,0,0,0,0,0,7,18,1.5444095814935916,27.77777777777778,72.22222222222221,66.66666666666666,27.77777777777778,0,0,0,5.555555555555555,0,0,0,0
069-MAN907-CIMI-CR-23-JL,907,MAN,2023-03-03,14:31:00,AW,Mesas,M,8.7,M,NA,NA,NA,NA,NA,1124.5750674556202,1124.5750674556202,1124.5750674556202,850.6128873248183,850.6128873248183,850.6128873248183,850.6128873248183,850.6128873248183,850.6128873248183,29.694114583333334,29.0703125,28.98751953125,29.434652777777778,28.951150793650793,29.324427083333333,28.898692876344086,29.08779513888889,0,0,0,0,0,0,0,0,0,9,19,3.4153499573886634,26.31578947368421,73.68421052631578,68.42105263157895,26.31578947368421,0,0,0,5.263157894736842,0,0,0,0
070-MAN655-CIMI-CR-23-JL,655,MAN,2023-01-12,10:30:00,MC,Mesas,M,8.5,M,0.1,0,0.31,2.16,2.5700000000000003,1105.810819526626,1105.810819526626,1105.810819526626,1011.4967744472142,1011.4967744472142,1011.4967744472142,1011.4967744472142,1011.4967744472142,1011.4967744472142,28.32104712041885,27.873156398104264,27.949954397394137,28.25205574912892,27.985553349875932,28.100391644908616,27.996850420168066,27.991565217391305,0,0,0,0,0,0,0,0,0,8,26,1.511932588654169,23.076923076923077,76.92307692307693,73.07692307692307,23.076923076923077,0,0,0,3.8461538461538463,0,0,0,0
071-MAN213-CIMI-CR-23-JL,213,MAN,2022-10-12,09:40:00,AW,Mesas,M,8.3,M,NA,NA,NA,NA,NA,300.8210380762346,300.8210380762346,300.8210380762346,154.43932479827848,154.43932479827848,154.43932479827848,252.02713365024923,252.02713365024923,252.02713365024923,27.35625,26.7321875,26.477493489583335,27.06309027777778,26.391473214285714,26.392239583333332,26.209075940860217,26.457517361111112,0.0177083333333333,0.0479166666666669,0.08450520833333369,0.04027777777777772,0.10605158730158688,0.10520833333333315,0.10598118279569817,0.10000000000000017,0.08784722222222212,NA,NA,NA,NA,NA,NA,NA,NA,NA,NA,NA,NA,NA,NA,NA
073-413MOZ-CIMI-CR-23-JL,413,MOZ,2022-11-24,10:39:00,LS,Mesas,M,12.4,M,NA,NA,NA,NA,NA,688.1604426035495,688.1604426035495,456.70335029586164,554.282458382649,554.282458382649,554.282458382649,554.282458382649,554.282458382649,472.0234082840302,26.529531249999998,27.05152462121212,26.7470703125,26.42565972222222,26.25891865079365,26.662604166666668,26.558104838709678,26.750885416666666,0.015625,0.010037878787878825,0.030078125000000445,0.010416666666666652,0.1358134920634886,0.008854166666666682,0.11760752688171805,0.007083333333333309,0.005902777777777787,6,34,-1.5205444041852538,42.42424242424242,57.57575757575758,36.36363636363637,42.42424242424242,0,21.21212121212121,0,0,0,0,0,0
074-499MOZ-CIMI-CR-23-JL,499,MOZ,2022-12-13,13:28:00,JL,Mesas,M,12.5,M,NA,NA,NA,NA,NA,370.53847614846603,370.53847614846603,370.53847614846603,445.26035857988114,445.26035857988114,445.26035857988114,370.53847614846603,370.53847614846603,370.53847614846603,27.4584375,27.19560606060606,27.113847656249998,27.523645833333333,26.911969246031745,27.440625,26.983309811827958,27.286336805555557,0,0,0.0013020833333333539,0,0.025297619047618392,0,0.019690860215053882,0,0,6,34,-1.5205444041852538,43.75,56.25,31.25,43.75,0,25,0,0,0,0,0,0
076-1002May-CIMI-CR-23-JL,1002,MAY,2023-03-20,15:36:00,AW,Mesas,F,4.2,juv,NA,NA,NA,NA,NA,283.7861945562148,283.7861945562148,283.7861945562148,1247.1392955029585,980.9117479628064,980.9117479628064,1247.1392955029585,980.9117479628064,980.9117479628064,29.7971875,27.564053030303032,28.03677734375,28.97184027777778,28.387614087301586,28.358255208333333,28.544183467741934,27.678177083333335,0,0.14564393939393902,0.10013020833333308,0.0013888888888888924,0.07628968253968386,0.14895833333333372,0.05168010752688291,0.1195833333333335,0.21284722222222174,9,38,0.9632170993950352,28.947368421052634,71.05263157894737,55.26315789473685,28.947368421052634,0,0,0,15.789473684210526,0,0,0,0
077-1078May-CIMI-CR-23-JL,1078,MAY,2023-04-05,08:43:00,AW,Mesas,F,4.3,juv,0.77,0,0.18,5.68,6.63,923.9257665411596,923.9257665411596,923.9257665411596,923.9257665411596,923.9257665411596,923.9257665411596,923.9257665411596,923.9257665411596,923.9257665411596,29.490677083333335,29.160113636363636,29.254016927083335,29.4959375,28.969588293650794,29.310833333333335,28.609761424731182,28.97126736111111,0,1.8939393939394164e-4,1.3020833333333314e-4,6.944444444444462e-4,0.028571428571427332,5.208333333333344e-4,0.051747311827957575,4.166666666666676e-4,3.4722222222222327e-4,6,12,1.3187673261231583,25,75,66.66666666666666,25,0,0,0,8.333333333333332,0,0,0,0
078-181TES-CIMI-CR-23-JL,181,TES,2022-10-06,10:23:00,AW,Tenori,F,18.3,Lactating,NA,NA,NA,NA,NA,901.2259370414232,901.2259370414232,901.2259370414232,1526.9804478106512,1526.9804478106512,1526.9804478106512,1526.9804478106512,1526.9804478106512,1526.9804478106512,27.026302083333334,26.382320075757576,26.356367187500002,27.40486111111111,26.22861111111111,27.40328125,26.227610887096773,26.78550347222222,0,0.11761363636363541,0.10638020833333293,0,0.10882936507936511,0,0.12466397849462305,0,0.006944444444444392,NA,NA,NA,NA,NA,NA,NA,NA,NA,NA,NA,NA,NA,NA,NA
079-980MON-CIMI-CR-23-JL,980,MON,2023-03-16,08:11:00,JL,Mesas,F,5.1,juv,NA,NA,NA,NA,NA,458.1706487010396,434.1231524102933,557.5054193753992,363.6914011834316,363.6914011834316,363.6914011834316,458.1706487010396,434.1231524102933,557.5054193753992,26.318020833333332,27.764119318181816,28.357070312500003,26.304375,28.469791666666666,26.216197916666665,28.592600806451614,26.81565972222222,0.3406249999999994,0.09147727272727192,0.06289062499999945,0.2284722222222218,0.047916666666667315,0.24166666666666634,0.032459677419355654,0.1933333333333327,0.16770833333333338,7,34,-0.5205444041852537,29.411764705882355,70.58823529411765,61.76470588235294,29.411764705882355,0,0,0,8.823529411764707,0,0,0,0
080-988MIS-CIMI-CR-23-JL,988,MIS,2023-03-16,17:16:00,VM,Mesas,F,4.2,juv,0.3,0,0.73,2.37,3.4000000000000004,849.9190682164176,849.9190682164176,849.9190682164176,673.4447982755737,673.4447982755737,673.4447982755737,799.6808572330381,799.6808572330381,799.6808572330381,26.318020833333332,27.764119318181816,28.357070312500003,26.304375,28.469791666666666,26.216197916666665,28.592600806451614,26.81565972222222,0.3406249999999994,0.09147727272727192,0.06289062499999945,0.2284722222222218,0.047916666666667315,0.24166666666666634,0.032459677419355654,0.1933333333333327,0.16770833333333338,11,39,2.834157475290107,41.02564102564102,58.97435897435898,43.58974358974359,41.02564102564102,5.128205128205128,0,0,7.6923076923076925,2.564102564102564,0,0,0
081-1244MUL-CIMI-CR-23-JL,1244,MUL,2023-05-04,13:44:00,JL,Mesas,F,11.8,Lactating,NA,NA,NA,NA,NA,470.5787916200224,470.5787916200224,470.5787916200224,470.5787916200224,470.5787916200224,470.5787916200224,470.5787916200224,470.5787916200224,470.5787916200224,31.950677083333332,29.645047348484848,29.699889322916665,31.554895833333333,29.795704365079366,31.193802083333335,29.79017809139785,30.402013888888888,0,0.007196969696969737,0.008984375000000107,0,0.006845238095238146,0.0031249999999999807,0.004637096774193544,0.002916666666666658,0.003472222222222219,2,6,-1.9068749292472744,66.66666666666666,33.33333333333333,33.33333333333333,66.66666666666666,0,0,0,0,0,0,0,0
082-1296MUS-CIMI-CR-23-JL,1296,MUS,2023-05-11,13:28:00,AW,Mesas,F,5.1,juv,NA,NA,NA,NA,NA,833.5251172005718,833.5251172005718,833.5251172005718,926.2556642481184,926.2556642481184,926.2556642481184,925.7912470026565,925.7912470026565,925.7912470026565,31.69671875,31.376590909090908,30.58087239583333,31.630937499999998,30.19501984126984,31.519973958333335,30.234217069892473,31.410833333333333,0,0.0011363636363636365,0.0013020833333333391,0,0.006845238095238197,0,0.0046370967741935654,0,0,4,21,-1.842769290821192,38.095238095238095,61.904761904761905,61.904761904761905,38.095238095238095,0,0,0,0,0,0,0,0
083-1036TEM-CIMI-CR-23-JL,1036,TEM,2023-03-24,07:05:00,AW,Tenori,M,6.5,M,NA,NA,NA,NA,NA,1440.73288331364,1440.73288331364,1440.73288331364,1440.73288331364,1440.73288331364,1440.73288331364,1440.73288331364,1440.73288331364,1440.73288331364,29.545572916666668,28.18054924242424,28.114192708333334,29.4046875,28.40390873015873,29.40997395833333,28.603763440860217,29.539045138888888,0,0.11647727272727346,0.1001302083333333,0,0.0762896825396837,0,0.051680107526882464,0,0,7,17,1.6734692055985196,41.17647058823529,58.82352941176471,47.05882352941176,41.17647058823529,5.88235294117647,0,0,0,5.88235294117647,0,0,0
085-443TES-CIMI-CR-23-JL,443,TES,2022-12-06,15:47:00,JL,Tenori,F,18.4,Lactating,14.5,1.82,1.22,31.8,49.34,966.0294059171946,966.0294059171946,966.0294059171946,966.0294059171946,966.0294059171946,966.0294059171946,966.0294059171946,966.0294059171946,966.0294059171946,27.012447916666666,26.76994318181818,26.729108072916667,27.015868055555554,26.922718253968252,27.018671875,26.52684811827957,27.23878472222222,0,0.00965909090909084,0.03346354166666685,0,0.02559523809523777,0,0.0984543010752715,0,0,3,14,-1.939351922086697,46.15384615384615,53.84615384615385,15.384615384615385,46.15384615384615,0,38.46153846153847,0,0,0,0,0,0
086-582TES-CIMI-CR-23-JL,582,TES,2022-12-29,09:30:00,JL,Tenori,F,18.5,Lactating,NA,NA,NA,NA,NA,2330.7567337278183,1770.9869927679165,1770.9869927679165,2330.7567337278183,2330.7567337278183,2330.7567337278183,2330.7567337278183,1770.9869927679165,1770.9869927679165,28.08453125,28.041695075757577,28.066126302083333,27.990833333333335,27.89453373015873,27.988619791666668,27.620702284946237,28.113072916666667,0,0,0,0,0,0,4.7043010752687e-4,0,0,4,21,-1.842769290821192,15,85,50,15,0,35,0,0,0,0,0,0
087-613TES-CIMI-CR-23-JL,613,TES,2023-01-06,11:02:00,JL,Tenori,F,18.5,Lactating,NA,NA,NA,NA,NA,1432.11735658674,1432.11735658674,1432.11735658674,1432.11735658674,1321.6673041973775,1321.6673041973775,1432.11735658674,1321.6673041973775,1321.6673041973775,27.723489583333333,27.913977272727273,27.981536458333334,27.921145833333334,28.023799603174602,27.943802083333335,27.845685483870966,27.74237847222222,0,0,0,0,0,0,0,0,0,4,13,-0.8102922979817693,30.76923076923077,69.23076923076923,46.15384615384615,30.76923076923077,0,23.076923076923077,0,0,0,0,0,0
088-712TES-CIMI-CR-23-JL,712,TES,2023-01-30,09:21:00,VM,Tenori,F,18.6,Lactating,27.6,2.41,1.07,58.1,89.18,1092.238192080108,1092.238192080108,1092.238192080108,1183.4462485207089,1183.4462485207089,1183.4462485207089,1092.238192080108,1092.238192080108,1092.238192080108,28.09015625,28.451666666666668,28.164231770833332,28.024583333333332,28.152669975186104,28.1053125,28.03138487394958,28.33453125,0,0,0,0,0,0,0,0,0,6,35,-1.6496040282901814,37.142857142857146,62.857142857142854,20,37.142857142857146,0,42.857142857142854,0,0,0,0,0,0
089-1280TOT-CIMI-CR-23-JL,1280,TOT,2023-05-10,15:39:00,AW,Tenori,F,8.9,Lactating,NA,NA,NA,NA,NA,886.1474685314764,886.1474685314764,886.1474685314764,886.1474685314764,886.1474685314764,886.1474685314764,886.1474685314764,886.1474685314764,886.1474685314764,31.850520833333334,31.28001893939394,30.467421875,31.629375,30.17798611111111,31.521119791666667,30.193114919354837,31.529253472222223,0,0.0013257575757575839,0.0014322916666666596,0,0.006845238095238189,0,0.004637096774193586,0,0,5,9,0.7059461984379419,33.33333333333333,66.66666666666666,66.66666666666666,33.33333333333333,0,0,0,0,0,0,0,0
090-703MOZ-CIMI-CR-23-JL,703,MOZ,2023-01-26,15:14:00,JL,Mesas,M,12.6,M,NA,NA,NA,NA,NA,NA,NA,NA,710.8776886349743,710.8776886349743,710.8776886349743,710.8776886349743,710.8776886349743,710.8776886349743,28.79296875,28.376714015151514,28.16688599348534,28.946805555555557,28.069285359801487,28.867916666666666,28.033331092436974,28.621163194444446,0,0,0,0,0,0,0,0,0,2,3,-1.5196960569324909,66.66666666666666,33.33333333333333,33.33333333333333,66.66666666666666,0,0,0,0,0,0,0,0
091-209MUL-CIMI-CR-23-JL,209,MUL,2022-10-12,05:56:00,AW,Mesas,F,11.3,Lactating,NA,NA,NA,NA,NA,163.51637129912785,163.51637129912785,163.51637129912785,200.72504001434424,200.72504001434424,188.75947892654324,185.17222443095332,185.17222443095332,181.1034508949509,27.35625,26.7321875,26.477493489583335,27.06309027777778,26.391473214285714,26.392239583333332,26.209075940860217,26.457517361111112,0.0177083333333333,0.0479166666666669,0.08450520833333369,0.04027777777777772,0.10605158730158688,0.10520833333333315,0.10598118279569817,0.10000000000000017,0.08784722222222212,NA,NA,NA,NA,NA,NA,NA,NA,NA,NA,NA,NA,NA,NA,NA
094-222MAN-CIMI-CR-23-JL,222,MAN,2022-10-13,08:50:00,JL,Mesas,M,8.3,M,NA,NA,NA,NA,NA,300.8210380762346,300.8210380762346,300.8210380762346,110.91836260555166,110.91836260555166,110.91836260555166,252.02713365024923,252.02713365024923,252.02713365024923,27.195416666666667,26.850757575757576,26.569427083333334,27.23753472222222,26.465208333333333,27.04734375,26.2403561827957,26.52560763888889,0.1281249999999999,0.07064393939393966,0.08606770833333299,0.095138888888889,0.11418650793650752,0.09270833333333348,0.11250000000000053,0.1341666666666666,0.12500000000000008,NA,NA,NA,NA,NA,NA,NA,NA,NA,NA,NA,NA,NA,NA,NA
095-774MAN-CIMI-CR-23-JL,774,MAN,2023-02-09,14:53:00,AW,Mesas,M,8.6,M,NA,NA,NA,NA,NA,1254.2913634381723,1254.2913634381723,1254.2913634381723,1254.2913634381723,1254.2913634381723,1254.2913634381723,1254.2913634381723,1254.2913634381723,1254.2913634381723,29.33802083333333,28.781022727272727,28.63865234375,29.345659722222223,28.627599206349206,29.110911458333334,28.3683731092437,28.77722222222222,0,0,0,0,0,0,0,0,0,7,14,2.0606480779133025,42.857142857142854,57.14285714285714,42.857142857142854,42.857142857142854,7.142857142857142,0,0,7.142857142857142,0,0,0,0
097-561MAN-CIMI-CR-23-JL,561,MAN,2022-12-21,06:11:00,JL,Mesas,M,8.5,M,NA,NA,NA,NA,NA,NA,NA,NA,NA,NA,NA,NA,NA,NA,27.9075,27.909602272727273,27.685944010416666,27.945104166666667,27.56877976190476,27.962473958333334,27.199270833333333,28.2459375,0,0,0,0,0,0,0.017271505376344847,0,0,7,43,-1.682081021129604,55.81395348837209,44.18604651162791,34.883720930232556,55.81395348837209,0,4.651162790697675,0,2.3255813953488373,0,0,2.3255813953488373,0
098-563MAN-CIMI-CR-23-JL,563,MAN,2022-12-21,11:22:00,JL,Mesas,M,8.5,M,NA,NA,NA,NA,NA,NA,NA,NA,NA,NA,NA,NA,NA,NA,27.9075,27.909602272727273,27.685944010416666,27.945104166666667,27.56877976190476,27.962473958333334,27.199270833333333,28.2459375,0,0,0,0,0,0,0.017271505376344847,0,0,7,49,-2.456438765759171,53.06122448979592,46.93877551020408,38.775510204081634,53.06122448979592,0,4.081632653061225,0,2.0408163265306123,0,0,2.0408163265306123,0
099-520MAY-CIMI-CR-23-JL,520,MAY,2022-12-15,09:31:00,EM,Mesas,F,4,juv,NA,NA,NA,NA,NA,NA,NA,598.1221656804728,487.83280473372827,487.83280473372827,487.83280473372827,487.83280473372827,487.83280473372827,542.9774852071005,27.47953125,27.278267045454545,27.221966145833335,27.590902777777778,27.002445436507937,27.468984375,27.049653897849463,27.45359375,0,0,9.114583333333349e-4,0,0.02380952380952276,0,0.017338709677419795,0,0,7,27,0.38287296454924125,51.85185185185185,48.148148148148145,29.629629629629626,48.148148148148145,0,14.814814814814813,3.7037037037037033,3.7037037037037033,0,0,0,0
100-896MAN-CIMI-CR-23-JL,896,MAN,2023-03-02,16:57:00,AW,Mesas,M,8.7,M,NA,NA,NA,NA,NA,850.6128873248183,850.6128873248183,850.6128873248183,576.6507071940165,576.6507071940165,576.6507071940165,850.6128873248183,850.6128873248183,850.6128873248183,29.326041666666665,29.04104166666667,28.898958333333333,29.21527777777778,28.91437996031746,29.134140625,28.884297715053762,28.982083333333335,0,0,0,0,0,0,0,0,0,8,17,2.673469205598519,29.411764705882355,70.58823529411765,64.70588235294117,29.411764705882355,0,0,0,5.88235294117647,0,0,0,0
101-210MEZ-CIMI-CR-23-JL,210,MEZ,2022-10-12,10:12:00,JL,Mesas,F,20.3,Pregnant,NA,NA,NA,NA,NA,304.55673017751445,304.55673017751445,304.55673017751445,304.55673017751445,304.55673017751445,304.55673017751445,304.55673017751445,304.55673017751445,304.55673017751445,27.35625,26.7321875,26.477493489583335,27.06309027777778,26.391473214285714,26.392239583333332,26.209075940860217,26.457517361111112,0.0177083333333333,0.0479166666666669,0.08450520833333369,0.04027777777777772,0.10605158730158688,0.10520833333333315,0.10598118279569817,0.10000000000000017,0.08784722222222212,NA,NA,NA,NA,NA,NA,NA,NA,NA,NA,NA,NA,NA,NA,NA
102-562MEZ-CIMI-CR-23-JL,562,MEZ,2022-12-21,08:25:00,JL,Mesas,F,20.5,Pregnant,NA,NA,NA,NA,NA,807.2729524260382,807.2729524260382,807.2729524260382,807.2729524260382,807.2729524260382,807.2729524260382,807.2729524260382,807.2729524260382,807.2729524260382,27.9075,27.909602272727273,27.685944010416666,27.945104166666667,27.56877976190476,27.962473958333334,27.199270833333333,28.2459375,0,0,0,0,0,0,0.017271505376344847,0,0,7,51,-2.714558013969027,71.42857142857143,28.57142857142857,24.489795918367346,71.42857142857143,0,4.081632653061225,0,0,0,0,0,0
104-906MEZ-CIMI-CR-23-JL,906,MEZ,2023-03-03,13:10:00,AW,Mesas,F,20.7,Lactating,0.13,0,1.22,3.92,5.27,1957.176710059182,1957.176710059182,1957.176710059182,1957.176710059182,1957.176710059182,1957.176710059182,1957.176710059182,1957.176710059182,1957.176710059182,29.694114583333334,29.0703125,28.98751953125,29.434652777777778,28.951150793650793,29.324427083333333,28.898692876344086,29.08779513888889,0,0,0,0,0,0,0,0,0,6,24,-0.22994816313597538,29.166666666666668,70.83333333333334,62.5,29.166666666666668,4.166666666666666,0,0,4.166666666666666,0,0,0,0
105-992MEZ-CIMI-CR-23-JL,992,MEZ,2023-03-17,14:03:00,JL,Mesas,F,20.7,Lactating,NA,NA,NA,NA,NA,1261.9286094674544,1261.9286094674544,1261.9286094674544,861.3645417842523,861.3645417842523,861.3645417842523,861.3645417842523,861.3645417842523,861.3645417842523,26.69078125,27.578589015151515,28.207180989583332,26.38451388888889,28.355763888888887,26.35765625,28.514899193548384,26.377569444444443,0.296875,0.14526515151515174,0.09986979166666722,0.4243055555555555,0.07609126984126889,0.3192708333333331,0.05154569892473261,0.31166666666666626,0.25972222222222185,11,32,3.7375748440246013,25,75,53.125,21.875,0,0,3.125,21.875,0,0,0,0
106-214MIL-CIMI-CR-23-JL,214,MIL,2022-10-12,10:27:00,JL,Mesas,F,5.8,Pregnant,NA,NA,NA,NA,NA,886.903283832796,886.903283832796,886.903283832796,978.2883664821557,978.2883664821557,978.2883664821557,886.903283832796,886.903283832796,886.903283832796,27.35625,26.7321875,26.477493489583335,27.06309027777778,26.391473214285714,26.392239583333332,26.209075940860217,26.457517361111112,0.0177083333333333,0.0479166666666669,0.08450520833333369,0.04027777777777772,0.10605158730158688,0.10520833333333315,0.10598118279569817,0.10000000000000017,0.08784722222222212,NA,NA,NA,NA,NA,NA,NA,NA,NA,NA,NA,NA,NA,NA,NA
107-228MIL-CIMI-CR-23-JL,228,MIL,2022-10-13,15:22:00,SK,Mesas,F,5.8,Pregnant,NA,NA,NA,NA,NA,795.5182011834362,795.5182011834362,795.5182011834362,978.2883664821557,978.2883664821557,978.2883664821557,886.903283832796,886.903283832796,886.903283832796,27.195416666666667,26.850757575757576,26.569427083333334,27.23753472222222,26.465208333333333,27.04734375,26.2403561827957,26.52560763888889,0.1281249999999999,0.07064393939393966,0.08606770833333299,0.095138888888889,0.11418650793650752,0.09270833333333348,0.11250000000000053,0.1341666666666666,0.12500000000000008,NA,NA,NA,NA,NA,NA,NA,NA,NA,NA,NA,NA,NA,NA,NA
108-496MIL-CIMI-CR-23-JL,496,MIL,2022-12-13,12:57:00,JL,Mesas,F,6,Lactating,NA,NA,NA,NA,NA,NA,NA,NA,NA,NA,NA,NA,NA,NA,27.4584375,27.19560606060606,27.113847656249998,27.523645833333333,26.911969246031745,27.440625,26.983309811827958,27.286336805555557,0,0,0.0013020833333333539,0,0.025297619047618392,0,0.019690860215053882,0,0,6,27,-0.6171270354507588,73.07692307692307,26.923076923076923,19.230769230769234,73.07692307692307,0,7.6923076923076925,0,0,0,0,0,0
110-223MIS-CIMI-CR-23-JL,223,MIS,2022-10-13,08:48:00,JL,Mesas,F,3.8,juv,NA,NA,NA,NA,NA,721.9247964497033,721.9247964497033,721.9247964497033,666.4516090371178,666.4516090371178,563.1870861905883,666.4516090371178,666.4516090371178,563.1870861905883,27.195416666666667,26.850757575757576,26.569427083333334,27.23753472222222,26.465208333333333,27.04734375,26.2403561827957,26.52560763888889,0.1281249999999999,0.07064393939393966,0.08606770833333299,0.095138888888889,0.11418650793650752,0.09270833333333348,0.11250000000000053,0.1341666666666666,0.12500000000000008,NA,NA,NA,NA,NA,NA,NA,NA,NA,NA,NA,NA,NA,NA,NA
111-966MOS-CIMI-CR-23-JL,966,MOS,2023-03-14,16:42:00,EM,Mesas,M,9.7,M,NA,NA,NA,NA,NA,347.6310619329462,347.6310619329462,347.6310619329462,272.6744473372879,272.6744473372879,272.6744473372879,347.6310619329462,347.6310619329462,347.6310619329462,26.114375,28.433920454545454,28.68509765625,26.370625,28.71465277777778,27.06447916666667,28.758229166666666,27.686354166666668,0.14270833333333297,0.029545454545454135,0.02031250000000041,0.09513888888888902,0.015476190476190883,0.08124999999999986,0.010483870967741614,0.06500000000000003,0.05416666666666657,10,22,4.02817108507388,4.761904761904762,95.23809523809523,85.71428571428571,4.761904761904762,0,0,0,9.523809523809524,0,0,0,0
112-994MOS-CIMI-CR-23-JL,994,MOS,2023-03-17,11:45:00,JL,Mesas,M,9.7,M,NA,NA,NA,NA,NA,422.5876765286044,422.5876765286044,422.5876765286044,347.6310619329462,347.6310619329462,347.6310619329462,347.6310619329462,347.6310619329462,347.6310619329462,26.69078125,27.578589015151515,28.207180989583332,26.38451388888889,28.355763888888887,26.35765625,28.514899193548384,26.377569444444443,0.296875,0.14526515151515174,0.09986979166666722,0.4243055555555555,0.07609126984126889,0.3192708333333331,0.05154569892473261,0.31166666666666626,0.25972222222222185,9,23,2.8991114609689523,22.727272727272727,77.27272727272727,59.09090909090909,22.727272727272727,0,0,0,18.181818181818183,0,0,0,0
113-514MIL-CIMI-CR-23-JL,514,MIL,2022-12-14,12:14:00,JL,Mesas,F,6,Lactating,NA,NA,NA,NA,NA,NA,NA,NA,NA,NA,NA,NA,NA,NA,27.489010416666666,27.20808712121212,27.1467578125,27.360416666666666,26.939652777777777,27.433828125,26.994304435483873,27.315260416666668,0,0,9.114583333333387e-4,0,0.02529761904761833,0,0.019690860215053885,0,0,6,27,-0.6171270354507588,62.96296296296296,37.03703703703704,25.925925925925924,62.96296296296296,0,11.11111111111111,0,0,0,0,0,0
114-523MIL-CIMI-CR-23-JL,523,MIL,2022-12-15,11:23:00,EM,Mesas,F,6,Lactating,NA,NA,NA,NA,NA,NA,NA,NA,NA,NA,NA,NA,NA,NA,27.47953125,27.278267045454545,27.221966145833335,27.590902777777778,27.002445436507937,27.468984375,27.049653897849463,27.45359375,0,0,9.114583333333349e-4,0,0.02380952380952276,0,0.017338709677419795,0,0,6,28,-0.7461866595556866,53.57142857142857,46.42857142857143,35.714285714285715,53.57142857142857,0,10.714285714285714,0,0,0,0,0,0
115-1024MIL-CIMI-CR-23-JL,1024,MIL,2023-03-22,07:16:00,AW,Mesas,F,6.2,Lactating,NA,NA,NA,NA,NA,933.7414322156476,933.7414322156476,933.7414322156476,933.7414322156476,880.7144301555991,744.3417558373247,933.7414322156476,880.7144301555991,744.3417558373247,29.274375,27.611789772727274,28.051796875,29.5134375,28.418055555555558,29.53578125,28.59658938172043,28.66362847222222,0,0.14204545454545525,0.1001302083333337,0,0.0762896825396837,0,0.05168010752688283,8.333333333333312e-4,0.09930555555555624,9,55,-1.2307965103887377,30.909090909090907,69.0909090909091,58.18181818181818,30.909090909090907,0,0,0,10.909090909090908,0,0,0,0
116-203MOZ-CIMI-CR-23-JL,203,MOZ,2022-10-11,12:09:00,AW,Mesas,M,12.3,M,NA,NA,NA,NA,NA,505.900686390532,505.900686390532,505.900686390532,NA,NA,NA,505.900686390532,505.900686390532,505.900686390532,26.899270833333333,26.55158143939394,26.347493489583332,26.059409722222224,26.336011904761904,26.190703125,26.194297715053764,26.349184027777778,0.05729166666666673,0.05113636363636383,0.113411458333334,0.1381944444444445,0.10585317460317424,0.12343749999999998,0.10786290322580598,0.10416666666666663,0.0868055555555557,NA,NA,NA,NA,NA,NA,NA,NA,NA,NA,NA,NA,NA,NA,NA
118-491MON-CIMI-CR-23-JL,491,MON,2022-12-13,09:38:00,AW,Mesas,F,4.9,juv,NA,NA,NA,NA,NA,349.50510276923194,349.50510276923194,349.50510276923194,349.50510276923194,349.50510276923194,349.50510276923194,349.50510276923194,349.50510276923194,349.50510276923194,27.4584375,27.19560606060606,27.113847656249998,27.523645833333333,26.911969246031745,27.440625,26.983309811827958,27.286336805555557,0,0,0.0013020833333333539,0,0.025297619047618392,0,0.019690860215053882,0,0,4,21,-1.842769290821192,61.904761904761905,38.095238095238095,14.285714285714285,61.904761904761905,0,23.809523809523807,0,0,0,0,0,0
119-232MOZ-CIMI-CR-23-JL,232,MOZ,2022-10-14,08:38:00,SK,Mesas,M,12.3,M,NA,NA,NA,NA,NA,NA,NA,NA,505.900686390532,505.900686390532,505.900686390532,505.900686390532,505.900686390532,505.900686390532,26.610052083333333,26.743617424242423,26.58650390625,26.87027777777778,26.435570436507938,26.983151041666666,26.26878360215054,26.46484375,0.32187499999999997,0.10643939393939357,0.08411458333333392,0.21666666666666706,0.13293650793650888,0.1697916666666673,0.11706989247311805,0.1529166666666668,0.17743055555555515,NA,NA,NA,NA,NA,NA,NA,NA,NA,NA,NA,NA,NA,NA,NA
120-298MOZ-CIMI-CR-23-JL,298,MOZ,2022-11-02,09:10:00,AW,Mesas,M,12.3,M,NA,NA,NA,NA,NA,NA,NA,NA,NA,NA,NA,NA,NA,NA,26.915104166666666,27.25313446969697,27.210852864583334,26.868472222222223,27.032946428571428,26.848229166666666,26.96935819892473,27.08826388888889,0.16562499999999986,0.06799242424242452,0.06770833333333345,0.11180555555555544,0.11597222222222,0.08385416666666702,0.09556451612903337,0.06708333333333368,0.05590277777777771,5,7,0.9640654466477976,42.857142857142854,57.14285714285714,42.857142857142854,42.857142857142854,0,14.285714285714285,0,0,0,0,0,0
122-111MAU-CIMI-CR-23-JL,111,MAU,2022-09-13,11:25:00,JL,Mesas,M,9.2,M,NA,NA,NA,NA,NA,NA,NA,NA,NA,NA,NA,NA,NA,NA,25.684583333333332,26.430833333333332,26.298274739583334,26.100590277777776,26.31376122556788,26.127526041666666,26.65452420016407,26.140225694444446,0.14999999999999986,0.17481060606060622,0.14960937499999963,0.12152777777777764,0.14896988906497635,0.09687499999999977,0.13445447087776868,0.16041666666666685,0.1590277777777779,NA,NA,NA,NA,NA,NA,NA,NA,NA,NA,NA,NA,NA,NA,NA
123-225MAU-CIMI-CR-23-JL,225,MAU,2022-10-13,10:14:00,AW,Mesas,M,9.3,M,NA,NA,NA,NA,NA,NA,NA,NA,395.3252506508889,395.3252506508889,395.3252506508889,395.3252506508889,395.3252506508889,395.3252506508889,27.195416666666667,26.850757575757576,26.569427083333334,27.23753472222222,26.465208333333333,27.04734375,26.2403561827957,26.52560763888889,0.1281249999999999,0.07064393939393966,0.08606770833333299,0.095138888888889,0.11418650793650752,0.09270833333333348,0.11250000000000053,0.1341666666666666,0.12500000000000008,NA,NA,NA,NA,NA,NA,NA,NA,NA,NA,NA,NA,NA,NA,NA
124-397MAU-CIMI-CR-23-JL,397,MAU,2022-11-22,06:50:00,AW,Mesas,M,9.4,M,NA,NA,NA,NA,NA,NA,NA,NA,NA,NA,NA,NA,NA,NA,26.795677083333334,27.082660984848484,26.506139322916667,26.955,26.25127976190476,26.8615625,26.58607190860215,27.244184027777777,0.0020833333333333368,0.007386363636363582,0.09492187500000188,0.0013888888888888922,0.16170634920634638,0.0010416666666666688,0.12392473118279494,8.333333333333348e-4,6.944444444444464e-4,5,11,0.4478269502280863,27.27272727272727,72.72727272727273,45.45454545454545,27.27272727272727,0,27.27272727272727,0,0,0,0,0,0
125-419MAU-CIMI-CR-23-JL,419,MAU,2022-11-29,09:16:00,LS,Mesas,M,9.4,M,NA,NA,NA,NA,NA,NA,NA,NA,NA,NA,NA,NA,NA,NA,26.614583333333332,26.54592803030303,26.816666666666666,26.415243055555557,26.64062003968254,26.238489583333333,26.333407258064515,26.329322916666666,0.003125000000000005,0.04734848484848497,0.037239583333332944,0.02916666666666661,0.04603174603174575,0.022916666666666648,0.12728494623655992,0.09708333333333324,0.08611111111111087,7,17,1.6734692055985196,47.05882352941176,52.94117647058824,29.411764705882355,47.05882352941176,0,23.52941176470588,0,0,0,0,0,0
126-650MAU-CIMI-CR-23-JL,650,MAU,2023-01-11,12:55:00,MC,Mesas,M,9.5,M,NA,NA,NA,NA,NA,NA,NA,NA,NA,NA,NA,NA,NA,NA,28.14640625,27.813001893939393,27.90890625,27.979930555555555,27.9615873015873,27.906328125,27.95306115591398,27.827309027777776,0,0,0,0,0,0,0,0,0,8,15,2.931588453808375,26.666666666666668,73.33333333333333,66.66666666666666,26.666666666666668,0,0,0,6.666666666666667,0,0,0,0
127-699MAU-CIMI-CR-23-JL,699,MAU,2023-01-26,17:50:00,JL,Mesas,M,9.6,M,NA,NA,NA,NA,NA,NA,NA,NA,NA,NA,NA,NA,NA,NA,28.79296875,28.376714015151514,28.16688599348534,28.946805555555557,28.069285359801487,28.867916666666666,28.033331092436974,28.621163194444446,0,0,0,0,0,0,0,0,0,3,7,-1.0359345533522024,28.57142857142857,71.42857142857143,42.857142857142854,28.57142857142857,0,0,0,28.57142857142857,0,0,0,0
128-1003MAU-CIMI-CR-23-JL,1003,MAU,2023-03-20,15:49:00,AW,Mesas,M,9.7,M,NA,NA,NA,NA,NA,2945.787425325506,2945.787425325506,2945.787425325506,NA,184.29239289940807,184.29239289940807,2945.787425325506,1565.0399091124568,1565.0399091124568,29.7971875,27.564053030303032,28.03677734375,28.97184027777778,28.387614087301586,28.358255208333333,28.544183467741934,27.678177083333335,0,0.14564393939393902,0.10013020833333308,0.0013888888888888924,0.07628968253968386,0.14895833333333372,0.05168010752688291,0.1195833333333335,0.21284722222222174,8,17,2.673469205598519,17.647058823529413,82.35294117647058,76.47058823529412,17.647058823529413,0,0,0,5.88235294117647,0,0,0,0
129-115MEZ-CIMI-CR-23-JL,115,MEZ,2022-09-14,12:26:00,JL,Mesas,F,20.2,Pregnant,NA,NA,NA,NA,NA,NA,NA,NA,308.1577593688398,308.1577593688398,308.1577593688398,308.1577593688398,308.1577593688398,308.1577593688398,25.4409375,26.40477272727273,26.292044270833333,25.637430555555557,26.329270998415215,25.961223958333335,26.612419100236778,25.994618055555556,0.2052083333333334,0.16136363636363646,0.1579427083333331,0.1527777777777777,0.1418911780243,0.13072916666666665,0.1353591160220992,0.10916666666666654,0.16006944444444435,NA,NA,NA,NA,NA,NA,NA,NA,NA,NA,NA,NA,NA,NA,NA
130-360MEZ-CIMI-CR-23-JL,360,MEZ,2022-11-15,08:28:00,JL,Mesas,F,20.4,Pregnant,NA,NA,NA,NA,NA,NA,NA,438.5332990701601,NA,NA,NA,NA,NA,438.5332990701601,26.6025,25.61348484848485,25.855403645833334,26.676180555555554,26.272480158730158,26.651640625,26.474687499999998,26.359861111111112,0.036458333333333356,0.2473484848484835,0.2139322916666673,0.02430555555555563,0.16309523809523813,0.018750000000000055,0.144354838709679,0.04583333333333351,0.07326388888888914,4,24,-2.2299481631359757,66.66666666666666,33.33333333333333,8.333333333333332,66.66666666666666,0,25,0,0,0,0,0,0
131-478MEZ-CIMI-CR-23-JL,478,MEZ,2022-12-12,12:28:00,JL,Mesas,F,20.5,Pregnant,NA,NA,NA,NA,NA,NA,NA,NA,NA,NA,NA,NA,NA,NA,27.378645833333334,27.17502840909091,27.001529947916666,27.31628472222222,26.835982142857144,27.228385416666665,26.943450940860217,27.210555555555555,0,0,0.006380208333333111,0,0.02529761904761848,0,0.019758064516129208,0,0,4,22,-1.9718289149261197,63.63636363636363,36.36363636363637,13.636363636363635,63.63636363636363,0,22.727272727272727,0,0,0,0,0,0
132-697MEZ-CIMI-CR-23-JL,697,MEZ,2023-01-26,06:12:00,AW,Mesas,F,20.6,Lactating,NA,NA,NA,NA,NA,NA,NA,NA,NA,NA,NA,NA,NA,NA,28.79296875,28.376714015151514,28.16688599348534,28.946805555555557,28.069285359801487,28.867916666666666,28.033331092436974,28.621163194444446,0,0,0,0,0,0,0,0,0,6,20,0.28629033328373593,30,70,60,30,0,0,0,10,0,0,0,0
133-795MEZ-CIMI-CR-23-JL,795,MEZ,2023-02-14,05:56:00,JL,Mesas,F,20.6,Lactating,NA,NA,NA,NA,NA,NA,NA,NA,NA,NA,NA,NA,NA,NA,28.75578125,28.861998106060607,28.838118489583334,28.898923611111112,28.71605158730159,28.984739583333333,28.505084005376343,29.021684027777777,0,0,0,0,0,0,0,0,0,10,34,2.479455595814746,45.45454545454545,54.54545454545454,48.484848484848484,45.45454545454545,0,0,0,6.0606060606060606,0,0,0,0
134-805MEZ-CIMI-CR-23-JL,805,MEZ,2023-02-16,10:54:00,AW,Mesas,F,20.6,Lactating,NA,NA,NA,NA,NA,NA,NA,NA,NA,NA,NA,NA,NA,NA,28.602760416666666,28.95161931818182,28.814361979166666,28.71059027777778,28.697936507936507,28.679270833333334,28.6472311827957,28.857413194444444,0,0,0,0,0,0,0,0,0,11,39,2.834157475290107,39.473684210526315,60.526315789473685,52.63157894736842,39.473684210526315,0,0,0,7.894736842105263,0,0,0,0
135-1097MEZ-CIMI-CR-23-JL,1097,MEZ,2023-04-07,09:05:00,AW,Mesas,F,20.8,Lactating,NA,NA,NA,NA,NA,NA,NA,NA,NA,NA,NA,NA,NA,NA,29.018958333333334,29.05314393939394,29.222089843750002,29.211701388888887,29.191319444444446,29.254817708333334,28.620413306451614,29.213541666666668,0,1.8939393939394102e-4,1.3020833333333227e-4,0,2.9761904761904857e-4,0,0.05174731182795776,4.166666666666653e-4,3.4722222222222327e-4,4,12,-0.6812326738768416,8.333333333333332,91.66666666666666,91.66666666666666,8.333333333333332,0,0,0,0,0,0,0,0
137-1245MEZ-CIMI-CR-23-JL,1245,MEZ,2023-05-04,12:01:00,JL,Mesas,F,20.9,Lactating,NA,NA,NA,NA,NA,NA,NA,NA,NA,NA,NA,NA,NA,NA,31.950677083333332,29.645047348484848,29.699889322916665,31.554895833333333,29.795704365079366,31.193802083333335,29.79017809139785,30.402013888888888,0,0.007196969696969737,0.008984375000000107,0,0.006845238095238146,0.0031249999999999807,0.004637096774193544,0.002916666666666658,0.003472222222222219,4,8,-0.16499417745713024,37.5,62.5,62.5,25,0,0,12.5,0,0,0,0,0
138-422MIL-CIMI-CR-23-JL,422,MIL,2022-11-30,12:35:00,MC,Mesas,F,5.9,Pregnant,NA,NA,NA,NA,NA,NA,NA,NA,NA,NA,NA,NA,NA,NA,26.33703125,26.50060606060606,26.816907552083332,26.437291666666667,26.67159722222222,26.332109375,26.310672043010754,26.26376736111111,0.0072916666666666685,0.048674242424242564,0.033593749999999714,0.006944444444444459,0.04652777777777745,0.025520833333333375,0.1277553763440874,0.021249999999999922,0.08333333333333372,8,46,-1.0692598934443873,60.46511627906976,39.53488372093023,18.6046511627907,60.46511627906976,6.976744186046512,13.953488372093023,0,0,0,0,0,0
139-644MIL-CIMI-CR-23-JL,644,MIL,2023-01-11,06:57:00,EM,Mesas,F,6,Lactating,NA,NA,NA,NA,NA,589.5225489303606,589.5225489303606,589.5225489303606,NA,NA,NA,589.5225489303606,589.5225489303606,589.5225489303606,28.14640625,27.813001893939393,27.90890625,27.979930555555555,27.9615873015873,27.906328125,27.95306115591398,27.827309027777776,0,0,0,0,0,0,0,0,0,9,23,2.8991114609689523,30.434782608695656,69.56521739130434,60.86956521739131,30.434782608695656,0,0,0,8.695652173913043,0,0,0,0
140-769MIL-CIMI-CR-23-JL,769,MIL,2023-02-09,12:00:00,MC,Mesas,F,6.1,Lactating,NA,NA,NA,NA,NA,NA,NA,NA,NA,NA,NA,NA,NA,NA,29.33802083333333,28.781022727272727,28.63865234375,29.345659722222223,28.627599206349206,29.110911458333334,28.3683731092437,28.77722222222222,0,0,0,0,0,0,0,0,0,11,47,1.801680482450685,42.5531914893617,57.446808510638306,53.191489361702125,42.5531914893617,0,0,0,4.25531914893617,0,0,0,0
141-859MIL-CIMI-CR-23-JL,859,MIL,2023-02-27,11:09:00,AW,Mesas,F,6.2,Lactating,NA,NA,NA,NA,NA,NA,770.227103221567,770.227103221567,NA,NA,NA,NA,770.227103221567,770.227103221567,28.61453125,28.86654356060606,28.839641927083335,28.74888888888889,28.933005952380952,28.7896875,28.769069220430108,28.8228125,0,0,0,0,0,0,0,0,0,6,18,0.5444095814935915,16.666666666666664,83.33333333333334,66.66666666666666,16.666666666666664,5.555555555555555,0,0,11.11111111111111,0,0,0,0
142-1075MIL-CIMI-CR-23-JL,1075,MIL,2023-04-05,08:45:00,AW,Mesas,F,6.3,Lactating,NA,NA,NA,NA,NA,NA,NA,NA,NA,NA,NA,NA,NA,NA,29.490677083333335,29.160113636363636,29.254016927083335,29.4959375,28.969588293650794,29.310833333333335,28.609761424731182,28.97126736111111,0,1.8939393939394164e-4,1.3020833333333314e-4,6.944444444444462e-4,0.028571428571427332,5.208333333333344e-4,0.051747311827957575,4.166666666666676e-4,3.4722222222222327e-4,4,11,-0.5521730497719136,18.181818181818183,81.81818181818183,81.81818181818183,18.181818181818183,0,0,0,0,0,0,0,0
143-1194MIL-CIMI-CR-23-JL,1194,MIL,2023-04-21,13:12:00,AW,Mesas,F,6.3,Lactating,NA,NA,NA,NA,NA,NA,NA,NA,1416.160564260385,1416.160564260385,1416.160564260385,1416.160564260385,1416.160564260385,1416.160564260385,30.704166666666666,30.33996212121212,30.08501953125,30.68145833333333,29.854970238095238,30.470911458333333,29.677379032258063,30.37435763888889,0,0,0,0,9.920634920634955e-5,0,6.720430107527035e-5,0,0,3,16,-2.197471170296553,50,50,50,50,0,0,0,0,0,0,0,0
144-1286MIL-CIMI-CR-23-JL,1286,MIL,2023-05-11,09:05:00,JL,Mesas,F,6.4,Lactating,NA,NA,NA,NA,NA,NA,680.0443117210132,728.6171205942339,NA,NA,NA,NA,680.0443117210132,728.6171205942339,31.69671875,31.376590909090908,30.58087239583333,31.630937499999998,30.19501984126984,31.519973958333335,30.234217069892473,31.410833333333333,0,0.0011363636363636365,0.0013020833333333391,0,0.006845238095238197,0,0.0046370967741935654,0,0,5,28,-1.7461866595556867,25,75,75,25,0,0,0,0,0,0,0,0
145-1498MIL-CIMI-CR-23-JL,1498,MIL,2023-07-11,07:00:00,CB,Mesas,F,6.5,Lactating,0.6,0,1,5.66,7.26,830.1025951517486,830.1025951517486,830.1025951517486,830.1025951517486,830.1025951517486,830.1025951517486,830.1025951517486,830.1025951517486,830.1025951517486,29.656781609195402,28.71028025477707,28.770739268680444,29.33975,28.46036823935558,29.038349514563105,28.424696071163826,28.889076923076924,0.0011494252873563246,0.09910828025477708,0.07122416534181215,0.0433333333333335,0.09148446490218573,0.04207119741100331,0.11111934766493595,0.04010695187165775,0.036923076923076996,3,13,-1.8102922979817693,38.46153846153847,61.53846153846154,61.53846153846154,38.46153846153847,0,0,0,0,0,0,0,0
146-1371MIL-CIMI-CR-23-JL,1371,MIL,2023-06-05,13:56:00,AW,Mesas,F,6.4,Lactating,NA,NA,NA,NA,NA,327.3066253982728,327.3066253982728,327.3066253982728,NA,NA,NA,327.3066253982728,327.3066253982728,327.3066253982728,27.431354166666665,27.928446969696967,28.504973958333334,27.572743055555556,29.064915674603174,27.58859375,29.82814180107527,27.355381944444446,0.11874999999999998,0.1937500000000001,0.17187499999999994,0.07916666666666655,0.13095238095238193,0.06927083333333343,0.08870967741935268,0.0587500000000001,0.062499999999999986,2,22,-3.97182891492612,50,50,50,50,0,0,0,0,0,0,0,0
147-1449MIL-CIMI-CR-23-JL,1449,MIL,2023-06-22,06:24:00,AW,Mesas,F,6.5,Lactating,0.92,0.2,0.18,7.08,8.38,272.7389754860522,272.7389754860522,272.7389754860522,320.0596179205396,320.0596179205396,320.0596179205396,272.7389754860522,272.7389754860522,272.7389754860522,27.186666666666667,28.14936553030303,27.801158854166665,28.365381944444444,27.76216765873016,28.776666666666667,27.988225806451613,28.388784722222223,0.3531250000000006,0.1973484848484854,0.13958333333333284,0.2354166666666665,0.13005952380952446,0.17708333333333343,0.16787634408602203,0.1425000000000006,0.1364583333333337,3,16,-2.197471170296553,43.75,56.25,56.25,43.75,0,0,0,0,0,0,0,0
149-479MIS-CIMI-CR-23-JL,479,MIS,2022-12-12,11:37:00,JL,Mesas,F,3.9,juv,10.2,0.54,0.36,31,42.099999999999994,419.4329670329666,419.4329670329666,419.4329670329666,NA,NA,NA,419.4329670329666,419.4329670329666,419.4329670329666,27.378645833333334,27.17502840909091,27.001529947916666,27.31628472222222,26.835982142857144,27.228385416666665,26.943450940860217,27.210555555555555,0,0,0.006380208333333111,0,0.02529761904761848,0,0.019758064516129208,0,0,4,21,-1.842769290821192,47.61904761904761,52.38095238095239,19.047619047619047,47.61904761904761,0,33.33333333333333,0,0,0,0,0,0
150-645MIS-CIMI-CR-23-JL,645,MIS,2023-01-11,09:40:00,EM,Mesas,F,4,juv,NA,NA,NA,NA,NA,NA,NA,NA,NA,NA,NA,NA,NA,NA,28.14640625,27.813001893939393,27.90890625,27.979930555555555,27.9615873015873,27.906328125,27.95306115591398,27.827309027777776,0,0,0,0,0,0,0,0,0,4,18,-1.4555904185064084,38.88888888888889,61.111111111111114,61.111111111111114,38.88888888888889,0,0,0,0,0,0,0,0
151-702MIS-CIMI-CR-23-JL,702,MIS,2023-01-26,15:10:00,JL,Mesas,F,4.1,juv,71.5,2.96,1.37,199,274.83,NA,NA,NA,NA,NA,NA,NA,NA,NA,28.79296875,28.376714015151514,28.16688599348534,28.946805555555557,28.069285359801487,28.867916666666666,28.033331092436974,28.621163194444446,0,0,0,0,0,0,0,0,0,3,12,-1.6812326738768417,75,25,16.666666666666664,75,0,0,0,8.333333333333332,0,0,0,0
154-777MIS-CIMI-CR-23-JL,777,MIS,2023-02-09,12:30:00,AW,Mesas,F,4.1,juv,NA,NA,NA,NA,NA,NA,NA,NA,NA,NA,NA,NA,NA,NA,29.33802083333333,28.781022727272727,28.63865234375,29.345659722222223,28.627599206349206,29.110911458333334,28.3683731092437,28.77722222222222,0,0,0,0,0,0,0,0,0,6,32,-1.262425155975398,40.625,59.375,50,40.625,3.125,0,0,6.25,0,0,0,0
155-996MIS-CIMI-CR-23-JL,996,MIS,2023-03-17,13:55:00,JL,Mesas,F,4.2,juv,NA,NA,NA,NA,NA,1052.152975147967,1052.152975147967,1052.152975147967,818.732721460711,799.6808572330381,799.6808572330381,818.732721460711,799.6808572330381,799.6808572330381,26.69078125,27.578589015151515,28.207180989583332,26.38451388888889,28.355763888888887,26.35765625,28.514899193548384,26.377569444444443,0.296875,0.14526515151515174,0.09986979166666722,0.4243055555555555,0.07609126984126889,0.3192708333333331,0.05154569892473261,0.31166666666666626,0.25972222222222185,11,37,3.0922767234999626,43.24324324324324,56.75675675675676,43.24324324324324,43.24324324324324,2.7027027027027026,0,0,8.108108108108109,2.7027027027027026,0,0,0
156-1065MIS-CIMI-CR-23-JL,1065,MIS,2023-04-04,12:46:00,JL,Mesas,F,4.2,juv,NA,NA,NA,NA,NA,938.5532039021286,938.5532039021286,938.5532039021286,NA,NA,NA,938.5532039021286,938.5532039021286,938.5532039021286,29.4453125,29.166107954545453,29.278665364583333,29.215381944444445,28.787435515873014,28.99921875,28.61469422043011,28.8828125,0.0010416666666666673,1.893939393939423e-4,1.3020833333333358e-4,6.944444444444461e-4,0.06091269841269952,5.208333333333344e-4,0.05174731182795737,4.1666666666666664e-4,3.472222222222232e-4,4,19,-1.5846500426113361,36.84210526315789,63.1578947368421,63.1578947368421,36.84210526315789,0,0,0,0,0,0,0,0
157-1181MIS-CIMI-CR-23-JL,1181,MIS,2023-04-19,16:08:00,EM,Mesas,F,4.3,juv,24.5,3.13,1.49,179,208.12,NA,NA,NA,NA,NA,NA,NA,NA,NA,30.23765625,30.193854166666668,29.933333333333334,30.13652777777778,29.659335317460318,30.209453125,29.613155241935484,30.191267361111112,0,0,0,0,9.920634920634955e-5,0,6.720430107527035e-5,0,0,5,22,-0.9718289149261198,45.45454545454545,54.54545454545454,54.54545454545454,45.45454545454545,0,0,0,0,0,0,0,0
158-1273MIS-CIMI-CR-23-JL,1273,MIS,2023-05-10,07:25:00,VM,Mesas,F,4.3,juv,NA,NA,NA,NA,NA,853.1858057481087,853.1858057481087,853.1858057481087,1217.8881479289928,1217.8881479289928,1217.8881479289928,853.1858057481087,853.1858057481087,853.1858057481087,31.850520833333334,31.28001893939394,30.467421875,31.629375,30.17798611111111,31.521119791666667,30.193114919354837,31.529253472222223,0,0.0013257575757575839,0.0014322916666666596,0,0.006845238095238189,0,0.004637096774193586,0,0,4,16,-1.1974711702965528,25,75,75,25,0,0,0,0,0,0,0,0
159-1275MIS-CIMI-CR-23-JL,1275,MIS,2023-05-10,10:00:00,MC,Mesas,F,4.3,juv,1.81,0,0.1,8.87,10.78,853.1858057481087,853.1858057481087,853.1858057481087,1217.8881479289928,1217.8881479289928,1217.8881479289928,853.1858057481087,853.1858057481087,853.1858057481087,31.850520833333334,31.28001893939394,30.467421875,31.629375,30.17798611111111,31.521119791666667,30.193114919354837,31.529253472222223,0,0.0013257575757575839,0.0014322916666666596,0,0.006845238095238189,0,0.004637096774193586,0,0,4,16,-1.1974711702965528,25,75,75,25,0,0,0,0,0,0,0,0
160-1326MIS-CIMI-CR-23-JL,1326,MIS,2023-05-22,11:22:00,LS,Mesas,F,4.4,juv,NA,NA,NA,NA,NA,825.9106672735539,825.9106672735539,825.9106672735539,825.9106672735539,825.9106672735539,825.9106672735539,825.9106672735539,825.9106672735539,825.9106672735539,30.547864583333332,31.02032196969697,31.156236979166668,30.97576388888889,31.250262896825397,31.270442708333334,30.475635080645162,31.145069444444445,0,0,0,0,0,0,0.004637096774193728,0,0,6,37,-1.9077232765000371,29.72972972972973,70.27027027027027,67.56756756756756,29.72972972972973,0,0,0,2.7027027027027026,0,0,0,0
161-1373MIS-CIMI-CR-23-JL,1373,MIS,2023-06-05,14:04:00,AW,Mesas,F,4.4,juv,NA,NA,NA,NA,NA,415.5989195266279,415.5989195266279,415.5989195266279,415.5989195266279,415.5989195266279,415.5989195266279,415.5989195266279,415.5989195266279,415.5989195266279,27.431354166666665,27.928446969696967,28.504973958333334,27.572743055555556,29.064915674603174,27.58859375,29.82814180107527,27.355381944444446,0.11874999999999998,0.1937500000000001,0.17187499999999994,0.07916666666666655,0.13095238095238193,0.06927083333333343,0.08870967741935268,0.0587500000000001,0.062499999999999986,2,11,-2.552173049771914,72.72727272727273,27.27272727272727,27.27272727272727,72.72727272727273,0,0,0,0,0,0,0,0
162-1428MIS-CIMI-CR-23-JL,1428,MIS,2023-06-19,17:10:00,LS,Mesas,F,4.5,juv,NA,NA,NA,NA,NA,416.9325012679583,416.9325012679583,416.9325012679583,320.47905088757364,320.47905088757364,320.47905088757364,416.9325012679583,416.9325012679583,416.9325012679583,28.8634375,27.87035984848485,27.651106770833334,28.4121875,27.56796626984127,28.109114583333334,28.240843413978496,27.642708333333335,0.0031249999999999997,0.1352272727272734,0.12408854166666732,0.03750000000000015,0.18313492063491768,0.02812499999999991,0.14509408602150442,0.04666666666666652,0.23784722222222004,4,10,-0.4231134256669858,20,80,80,20,0,0,0,0,0,0,0,0
163-1475MIS-CIMI-CR-23-JL,1475,MIS,2023-07-04,09:18:00,EM,Mesas,F,4.5,juv,NA,NA,NA,NA,NA,650.6889466103239,650.6889466103239,536.7795565173362,NA,NA,NA,650.6889466103239,650.6889466103239,536.7795565173362,28.624915254237287,28.509533622559655,28.51839514978602,28.40690058479532,28.174272051009563,28.116108949416343,27.999254046446165,28.93986636971047,0.0169491525423729,0.08069414316702779,0.10156918687589137,0.126315789473684,0.14835281615303098,0.23735408560311338,0.11710063335679038,0.17393767705382404,0.1367483296213809,3,12,-1.6812326738768417,72.72727272727273,27.27272727272727,27.27272727272727,72.72727272727273,0,0,0,0,0,0,0,0
164-150MON-CIMI-CR-23-JL,150,MON,2022-09-28,09:50:00,AW,Mesas,F,4.7,juv,NA,NA,NA,NA,NA,NA,NA,NA,NA,NA,NA,NA,NA,NA,25.73796875,25.922045454545454,25.892936197916665,25.595555555555556,25.98998015873016,25.699661458333335,26.120020161290324,26.100885416666667,0.3250000000000001,0.16742424242424334,0.15846354166666568,0.37291666666666645,0.1541666666666664,0.28906250000000006,0.15087365591397825,0.2891666666666668,0.24097222222222206,NA,NA,NA,NA,NA,NA,NA,NA,NA,NA,NA,NA,NA,NA,NA
165-358MON-CIMI-CR-23-JL,358,MON,2022-11-15,08:41:00,JL,Mesas,F,4.8,juv,NA,NA,NA,NA,NA,NA,NA,NA,NA,NA,NA,NA,NA,NA,26.6025,25.61348484848485,25.855403645833334,26.676180555555554,26.272480158730158,26.651640625,26.474687499999998,26.359861111111112,0.036458333333333356,0.2473484848484835,0.2139322916666673,0.02430555555555563,0.16309523809523813,0.018750000000000055,0.144354838709679,0.04583333333333351,0.07326388888888914,2,12,-2.681232673876842,91.66666666666666,8.333333333333332,0,91.66666666666666,0,8.333333333333332,0,0,0,0,0,0
166-421MON-CIMI-CR-23-JL,421,MON,2022-11-30,12:20:00,MC,Mesas,F,4.9,juv,NA,NA,NA,NA,NA,NA,NA,NA,NA,265.91208438384456,265.91208438384456,NA,265.91208438384456,265.91208438384456,26.33703125,26.50060606060606,26.816907552083332,26.437291666666667,26.67159722222222,26.332109375,26.310672043010754,26.26376736111111,0.0072916666666666685,0.048674242424242564,0.033593749999999714,0.006944444444444459,0.04652777777777745,0.025520833333333375,0.1277553763440874,0.021249999999999922,0.08333333333333372,5,30,-2.0043059077655427,60,40,20,60,0,20,0,0,0,0,0,0
167-568MON-CIMI-CR-23-JL,568,MON,2022-12-21,09:08:00,JL,Mesas,F,4.9,juv,NA,NA,NA,NA,NA,355.5568921831222,355.5568921831222,355.5568921831222,NA,NA,NA,355.5568921831222,355.5568921831222,355.5568921831222,27.9075,27.909602272727273,27.685944010416666,27.945104166666667,27.56877976190476,27.962473958333334,27.199270833333333,28.2459375,0,0,0,0,0,0,0.017271505376344847,0,0,6,38,-2.036782900604965,54.054054054054056,45.94594594594595,40.54054054054054,54.054054054054056,2.7027027027027026,2.7027027027027026,0,0,0,0,0,0
168-656MON-CIMI-CR-23-JL,656,MON,2023-01-12,10:55:00,MC,Mesas,F,5,juv,NA,NA,NA,NA,NA,NA,NA,NA,NA,NA,NA,NA,NA,NA,28.32104712041885,27.873156398104264,27.949954397394137,28.25205574912892,27.985553349875932,28.100391644908616,27.996850420168066,27.991565217391305,0,0,0,0,0,0,0,0,0,6,24,-0.22994816313597538,33.33333333333333,66.66666666666666,66.66666666666666,33.33333333333333,0,0,0,0,0,0,0,0
169-691MON-CIMI-CR-23-JL,691,MON,2023-01-25,17:24:00,AW,Mesas,F,5,juv,NA,NA,NA,NA,NA,461.31381714067686,461.31381714067686,461.31381714067686,NA,NA,NA,461.31381714067686,461.31381714067686,461.31381714067686,29.202864583333334,28.161070075757575,28.146879478827362,29.01232638888889,28.047235732009927,28.802942708333333,28.01872268907563,28.685399305555556,0,0,0,0,0,0,0,0,0,5,11,0.4478269502280863,27.27272727272727,72.72727272727273,72.72727272727273,27.27272727272727,0,0,0,0,0,0,0,0
170-775MON-CIMI-CR-23-JL,775,MON,2023-02-09,13:00:00,AW,Mesas,F,5,juv,NA,NA,NA,NA,NA,NA,NA,NA,NA,NA,NA,NA,NA,NA,29.33802083333333,28.781022727272727,28.63865234375,29.345659722222223,28.627599206349206,29.110911458333334,28.3683731092437,28.77722222222222,0,0,0,0,0,0,0,0,0,9,35,1.3503959717098186,45.714285714285715,54.285714285714285,42.857142857142854,45.714285714285715,0,0,0,11.428571428571429,0,0,0,0
171-1021MON-CIMI-CR-23-JL,1021,MON,2023-03-22,07:57:00,AW,Mesas,F,5.2,juv,NA,NA,NA,NA,NA,1051.0344872358232,1051.0344872358232,1051.0344872358232,706.5075753869388,605.9589239233912,557.5054193753992,706.5075753869388,605.9589239233912,557.5054193753992,29.274375,27.611789772727274,28.051796875,29.5134375,28.418055555555558,29.53578125,28.59658938172043,28.66362847222222,0,0.14204545454545525,0.1001302083333337,0,0.0762896825396837,0,0.05168010752688283,8.333333333333312e-4,0.09930555555555624,10,62,-1.1342138791232323,32.25806451612903,67.74193548387096,54.83870967741935,32.25806451612903,0,0,0,11.29032258064516,0,0,1.6129032258064515,0
172-1191MON-CIMI-CR-23-JL,1191,MON,2023-04-21,08:43:00,CB,Mesas,F,5.2,juv,NA,NA,NA,NA,NA,1083.1695053254423,1083.1695053254423,1083.1695053254423,1159.8450781065073,1159.8450781065073,1159.8450781065073,1159.8450781065073,1159.8450781065073,1159.8450781065073,30.704166666666666,30.33996212121212,30.08501953125,30.68145833333333,29.854970238095238,30.470911458333333,29.677379032258063,30.37435763888889,0,0,0,0,9.920634920634955e-5,0,6.720430107527035e-5,0,0,4,13,-0.8102922979817693,61.53846153846154,38.46153846153847,38.46153846153847,61.53846153846154,0,0,0,0,0,0,0,0
174-860mon-CIMI-CR-23-JL,860,MON,2023-02-27,10:35:00,AW,Mesas,F,5.1,juv,NA,NA,NA,NA,NA,NA,747.8095463510932,747.8095463510932,NA,NA,NA,NA,747.8095463510932,747.8095463510932,28.61453125,28.86654356060606,28.839641927083335,28.74888888888889,28.933005952380952,28.7896875,28.769069220430108,28.8228125,0,0,0,0,0,0,0,0,0,7,17,1.6734692055985196,29.411764705882355,70.58823529411765,64.70588235294117,29.411764705882355,5.88235294117647,0,0,0,0,0,0,0
175-897MON-CIMI-CR-23-JL,897,MON,2023-03-03,08:25:00,CB,Mesas,F,5.1,juv,NA,NA,NA,NA,NA,747.8095463510932,747.8095463510932,747.8095463510932,747.8095463510932,747.8095463510932,747.8095463510932,747.8095463510932,747.8095463510932,747.8095463510932,29.694114583333334,29.0703125,28.98751953125,29.434652777777778,28.951150793650793,29.324427083333333,28.898692876344086,29.08779513888889,0,0,0,0,0,0,0,0,0,2,16,-3.197471170296553,37.5,62.5,62.5,37.5,0,0,0,0,0,0,0,0
176-991MON-CIMI-CR-23-JL,991,MON,2023-03-17,11:39:00,JL,Mesas,F,5.1,juv,NA,NA,NA,NA,NA,505.41027245984367,605.9589239233912,605.9589239233912,458.1706487010396,458.1706487010396,458.1706487010396,458.1706487010396,557.5054193753992,557.5054193753992,26.69078125,27.578589015151515,28.207180989583332,26.38451388888889,28.355763888888887,26.35765625,28.514899193548384,26.377569444444443,0.296875,0.14526515151515174,0.09986979166666722,0.4243055555555555,0.07609126984126889,0.3192708333333331,0.05154569892473261,0.31166666666666626,0.25972222222222185,8,39,-0.16584252470989264,33.33333333333333,66.66666666666666,48.717948717948715,33.33333333333333,0,0,0,15.384615384615385,0,0,2.564102564102564,0
177-1328MON-CIMI-CR-23-JL,1328,MON,2023-05-23,08:45:00,MC,Mesas,F,5.3,juv,5.61,0.32,2.24,39.6,47.77,NA,NA,NA,NA,667.1000680473365,667.1000680473365,NA,667.1000680473365,667.1000680473365,30.102083333333333,30.87848484848485,31.08869140625,30.403784722222223,31.219419642857144,30.760729166666668,30.52127688172043,31.117569444444445,0,0,0,0,0,0,0.0026209677419353973,0,0,7,34,-0.5205444041852537,41.17647058823529,58.82352941176471,55.88235294117647,35.294117647058826,0,0,5.88235294117647,2.941176470588235,0,0,0,0
178-1390MON-CIMI-CR-23-JL,1390,MON,2023-06-08,14:50:00,CB,Mesas,F,5.4,juv,NA,NA,NA,NA,NA,309.5630390532579,309.5630390532579,309.5630390532579,309.5630390532579,309.5630390532579,309.5630390532579,309.5630390532579,309.5630390532579,309.5630390532579,26.57421875,27.45342803030303,27.865579427083333,26.993680555555557,28.621269841269843,27.116484375,29.421975806451613,27.283211805555556,0.01979166666666664,0.2172348484848474,0.1881510416666661,0.08680555555555548,0.14335317460317293,0.06614583333333321,0.09711021505376492,0.09958333333333301,0.08298611111111098,4,15,-1.068411546191625,40,60,60,40,0,0,0,0,0,0,0,0
179-1420MON-CIMI-CR-23-JL,1420,MON,2023-06-19,09:51:00,EM,Mesas,F,5.4,juv,NA,NA,NA,NA,NA,262.50050921386276,262.50050921386276,262.50050921386276,262.50050921386276,262.50050921386276,262.50050921386276,262.50050921386276,262.50050921386276,262.50050921386276,28.8634375,27.87035984848485,27.651106770833334,28.4121875,27.56796626984127,28.109114583333334,28.240843413978496,27.642708333333335,0.0031249999999999997,0.1352272727272734,0.12408854166666732,0.03750000000000015,0.18313492063491768,0.02812499999999991,0.14509408602150442,0.04666666666666652,0.23784722222222004,4,16,-1.1974711702965528,31.25,68.75,68.75,31.25,0,0,0,0,0,0,0,0
180-1511MON-CIMI-CR-23-JL,1511,MON,2023-07-13,10:57:00,AW,Mesas,F,5.5,juv,NA,NA,NA,NA,NA,626.6543621301814,626.6543621301814,626.6543621301814,626.6543621301814,626.6543621301814,626.6543621301814,626.6543621301814,626.6543621301814,626.6543621301814,28.8709375,28.917291169451076,29.00027027027027,29.103194444444444,28.646432681242807,29.244535519125684,28.396567828020757,28.97419161676647,0.009375000000000015,0.02458233890214807,0.06359300476947512,0.006250000000000015,0.05350978135788274,0.005464480874316935,0.11171237954039738,0.028240740740740768,0.02954091816367266,4,14,-0.9393519220866972,50,50,50,50,0,0,0,0,0,0,0,0
181-108MOS-CIMI-CR-23-JL,108,MOS,2022-09-12,15:05:00,SK,Mesas,M,9.2,M,NA,NA,NA,NA,NA,732.159840774609,732.159840774609,732.159840774609,NA,NA,NA,732.159840774609,732.159840774609,732.159840774609,26.481510416666666,26.51098484848485,26.373912760416665,26.390451388888888,26.3191970417327,26.271458333333335,26.694199079882896,26.387100694444445,0.05625000000000003,0.15340909090909072,0.14908854166666655,0.045138888888888916,0.1472794506075013,0.1375000000000004,0.127227101631117,0.14041666666666655,0.19236111111111087,NA,NA,NA,NA,NA,NA,NA,NA,NA,NA,NA,NA,NA,NA,NA
182-308MOS-CIMI-CR-23-JL,308,MOS,2022-11-03,12:30:00,UN,Mesas,M,9.3,M,NA,NA,NA,NA,NA,225.1258054437884,225.1258054437884,225.1258054437884,252.0134900723216,252.0134900723216,252.0134900723216,238.569647758055,238.569647758055,238.569647758055,26.449322916666667,27.133598484848484,27.157858072916667,26.611909722222222,26.985585317460316,26.652734375,26.924422043010754,26.840225694444445,0.2875000000000001,0.0863636363636367,0.0828125,0.20138888888888865,0.11706349206349141,0.15208333333333313,0.10436827956989268,0.12166666666666683,0.10138888888888883,4,11,-0.5521730497719136,63.63636363636363,36.36363636363637,18.181818181818183,63.63636363636363,0,18.181818181818183,0,0,0,0,0,0
183-489MOS-CIMI-CR-23-JL,489,MOS,2022-12-12,16:12:00,AW,Mesas,M,9.5,M,NA,NA,NA,NA,NA,NA,NA,NA,NA,NA,NA,NA,NA,NA,27.378645833333334,27.17502840909091,27.001529947916666,27.31628472222222,26.835982142857144,27.228385416666665,26.943450940860217,27.210555555555555,0,0,0.006380208333333111,0,0.02529761904761848,0,0.019758064516129208,0,0,5,15,-0.06841154619162494,66.66666666666666,33.33333333333333,20,60,0,13.333333333333334,6.666666666666667,0,0,0,0,0
186-559MOS-CIMI-CR-23-JL,559,MOS,2022-12-21,06:50:00,JL,Mesas,M,9.5,M,NA,NA,NA,NA,NA,NA,NA,NA,NA,NA,NA,NA,NA,NA,27.9075,27.909602272727273,27.685944010416666,27.945104166666667,27.56877976190476,27.962473958333334,27.199270833333333,28.2459375,0,0,0,0,0,0,0.017271505376344847,0,0,6,30,-1.0043059077655423,57.14285714285714,42.857142857142854,39.285714285714285,57.14285714285714,0,3.571428571428571,0,0,0,0,0,0
187-632MOS-CIMI-CR-23-JL,632,MOS,2023-01-10,08:54:00,VM,Mesas,M,9.5,M,NA,NA,NA,NA,NA,NA,NA,NA,NA,NA,NA,NA,NA,NA,27.880885416666665,27.80753787878788,27.896653645833332,27.81576388888889,27.942728174603175,27.827682291666665,27.93615927419355,27.792951388888888,0,0,0,0,0,0,0,0,0,5,7,0.9640654466477976,14.285714285714285,85.71428571428571,85.71428571428571,14.285714285714285,0,0,0,0,0,0,0,0
188-768MOS-CIMI-CR-23-JL,768,MOS,2023-02-09,06:30:00,MC,Mesas,M,9.6,M,NA,NA,NA,NA,NA,NA,NA,NA,NA,NA,NA,NA,NA,NA,29.33802083333333,28.781022727272727,28.63865234375,29.345659722222223,28.627599206349206,29.110911458333334,28.3683731092437,28.77722222222222,0,0,0,0,0,0,0,0,0,3,15,-2.068411546191625,46.666666666666664,53.333333333333336,53.333333333333336,46.666666666666664,0,0,0,0,0,0,0,0
189-863MOS-CIMI-CR-23-JL,863,MOS,2023-02-27,12:28:00,AW,Mesas,M,9.7,M,NA,NA,NA,NA,NA,NA,411.1948733727806,411.1948733727806,NA,NA,NA,NA,411.1948733727806,411.1948733727806,28.61453125,28.86654356060606,28.839641927083335,28.74888888888889,28.933005952380952,28.7896875,28.769069220430108,28.8228125,0,0,0,0,0,0,0,0,0,5,8,0.8350058225428698,25,75,62.5,25,12.5,0,0,0,0,0,0,0
190-1030MOS-CIMI-CR-23-JL,1030,MOS,2023-03-22,16:17:00,CB,Mesas,M,9.7,M,NA,NA,NA,NA,NA,NA,NA,NA,NA,422.5876765286044,422.5876765286044,NA,422.5876765286044,422.5876765286044,29.274375,27.611789772727274,28.051796875,29.5134375,28.418055555555558,29.53578125,28.59658938172043,28.66362847222222,0,0.14204545454545525,0.1001302083333337,0,0.0762896825396837,0,0.05168010752688283,8.333333333333312e-4,0.09930555555555624,11,28,4.253813340444314,17.857142857142858,82.14285714285714,64.28571428571429,17.857142857142858,0,0,0,17.857142857142858,0,0,0,0
193-1294MOS-CIMI-CR-23-JL,1294,MOS,2023-05-11,11:59:00,AW,Mesas,M,9.9,M,NA,NA,NA,NA,NA,763.8470726197027,624.9059751981456,624.9059751981456,883.0950915546181,883.0950915546181,768.505483521619,843.1860610364212,719.1454908660738,683.1816461839833,31.69671875,31.376590909090908,30.58087239583333,31.630937499999998,30.19501984126984,31.519973958333335,30.234217069892473,31.410833333333333,0,0.0011363636363636365,0.0013020833333333391,0,0.006845238095238197,0,0.0046370967741935654,0,0,3,9,-1.294053801562058,11.11111111111111,88.88888888888889,88.88888888888889,0,0,0,11.11111111111111,0,0,0,0,0
194-1307MOS-CIMI-CR-23-JL,1307,MOS,2023-05-16,09:51:00,CB,Mesas,M,9.9,M,NA,NA,NA,NA,NA,347.02378035503176,347.02378035503176,347.02378035503176,347.02378035503176,624.9059751981456,719.1454908660738,347.02378035503176,624.9059751981456,719.1454908660738,29.75859375,31.16528409090909,31.2184765625,30.436319444444443,30.64986111111111,30.669322916666665,30.32646505376344,30.924149305555556,0,0,7.812500000000217e-4,0,9.920634920634953e-4,0,0.004637096774193507,0,0,6,18,0.5444095814935915,27.77777777777778,72.22222222222221,72.22222222222221,22.22222222222222,0,0,5.555555555555555,0,0,0,0,0
195-1455MOS-CIMI-CR-23-JL,1455,MOS,2023-06-23,10:44:00,Other,Mesas,M,10,M,33.1,3.71,2.02,148,186.83,NA,NA,NA,NA,NA,NA,NA,NA,NA,27.1371875,27.910227272727273,27.87296875,27.314583333333335,27.759037698412698,28.166640625,27.906122311827957,28.39890625,0.09270833333333367,0.19734848484848458,0.1373697916666665,0.23541666666666716,0.12817460317460388,0.17656250000000043,0.16787634408602148,0.14166666666666666,0.11875000000000027,3,9,-1.294053801562058,11.11111111111111,88.88888888888889,88.88888888888889,11.11111111111111,0,0,0,0,0,0,0,0
196-567MOZ-CIMI-CR-23-JL,567,MOZ,2022-12-21,08:18:00,JL,Mesas,M,12.5,M,NA,NA,NA,NA,NA,NA,NA,NA,NA,416.6240946745549,333.1775349327585,NA,416.6240946745549,333.1775349327585,27.9075,27.909602272727273,27.685944010416666,27.945104166666667,27.56877976190476,27.962473958333334,27.199270833333333,28.2459375,0,0,0,0,0,0,0.017271505376344847,0,0,6,60,-4.876094630913377,48.275862068965516,51.724137931034484,41.37931034482759,48.275862068965516,0,8.620689655172415,0,0,1.7241379310344827,0,0,0
197-663MOZ-CIMI-CR-23-JL,663,MOZ,2023-01-12,13:26:00,AW,Mesas,M,12.5,M,NA,NA,NA,NA,NA,NA,NA,NA,NA,NA,NA,NA,NA,NA,28.32104712041885,27.873156398104264,27.949954397394137,28.25205574912892,27.985553349875932,28.100391644908616,27.996850420168066,27.991565217391305,0,0,0,0,0,0,0,0,0,10,43,1.317918978870396,25.581395348837212,74.4186046511628,62.7906976744186,25.581395348837212,0,0,0,11.627906976744185,0,0,0,0
198-711MOZ-CIMI-CR-23-JL,711,MOZ,2023-01-27,10:25:00,AW,Mesas,M,12.6,M,NA,NA,NA,NA,NA,NA,NA,NA,710.8776886349743,710.8776886349743,710.8776886349743,710.8776886349743,710.8776886349743,710.8776886349743,28.39109375,28.52318181818182,28.177485342019544,28.644479166666667,28.110848635235733,28.796979166666667,28.050887394957982,28.665659722222223,0,0,0,0,0,0,0,0,0,3,9,-1.294053801562058,33.33333333333333,66.66666666666666,22.22222222222222,33.33333333333333,0,0,0,44.44444444444444,0,0,0,0
200-770MOZ-CIMI-CR-23-JL,770,MOZ,2023-02-09,16:10:00,AW,Mesas,M,12.6,M,NA,NA,NA,NA,NA,NA,NA,NA,NA,NA,NA,NA,NA,NA,29.33802083333333,28.781022727272727,28.63865234375,29.345659722222223,28.627599206349206,29.110911458333334,28.3683731092437,28.77722222222222,0,0,0,0,0,0,0,0,0,9,35,1.3503959717098186,45.714285714285715,54.285714285714285,42.857142857142854,45.714285714285715,0,0,0,11.428571428571429,0,0,0,0
201-866MOZ-CIMI-CR-23-JL,866,MOZ,2023-02-27,08:30:00,AW,Mesas,M,12.7,M,NA,NA,NA,NA,NA,NA,NA,NA,NA,NA,NA,NA,NA,NA,28.61453125,28.86654356060606,28.839641927083335,28.74888888888889,28.933005952380952,28.7896875,28.769069220430108,28.8228125,0,0,0,0,0,0,0,0,0,7,15,1.931588453808375,20,80,46.666666666666664,20,6.666666666666667,0,0,26.666666666666668,0,0,0,0
202-979MOZ-CIMI-CR-23-JL,979,MOZ,2023-03-16,11:28:00,JL,Mesas,M,12.7,M,NA,NA,NA,NA,NA,209.94233203719332,185.7402432375315,185.7402432375315,209.94233203719332,209.94233203719332,209.94233203719332,209.94233203719332,185.7402432375315,185.7402432375315,26.318020833333332,27.764119318181816,28.357070312500003,26.304375,28.469791666666666,26.216197916666665,28.592600806451614,26.81565972222222,0.3406249999999994,0.09147727272727192,0.06289062499999945,0.2284722222222218,0.047916666666667315,0.24166666666666634,0.032459677419355654,0.1933333333333327,0.16770833333333338,10,25,3.640992212759097,24,76,56.00000000000001,24,4,0,0,16,0,0,0,0
203-988MOZ-CIMI-CR-23-JL,988,MOZ,2023-03-16,17:16:00,VM,Mesas,M,12.7,M,NA,NA,NA,NA,NA,209.94233203719332,185.7402432375315,185.7402432375315,209.94233203719332,209.94233203719332,209.94233203719332,209.94233203719332,185.7402432375315,185.7402432375315,26.318020833333332,27.764119318181816,28.357070312500003,26.304375,28.469791666666666,26.216197916666665,28.592600806451614,26.81565972222222,0.3406249999999994,0.09147727272727192,0.06289062499999945,0.2284722222222218,0.047916666666667315,0.24166666666666634,0.032459677419355654,0.1933333333333327,0.16770833333333338,9,25,2.640992212759097,24,76,52,24,4,0,0,20,0,0,0,0
204-1076MOZ-CIMI-CR-23-JL,1076,MOZ,2023-04-05,11:17:00,AW,Mesas,M,12.8,M,4.12,0.47,2.8,34.8,42.19,NA,NA,NA,NA,NA,NA,NA,NA,NA,29.490677083333335,29.160113636363636,29.254016927083335,29.4959375,28.969588293650794,29.310833333333335,28.609761424731182,28.97126736111111,0,1.8939393939394164e-4,1.3020833333333314e-4,6.944444444444462e-4,0.028571428571427332,5.208333333333344e-4,0.051747311827957575,4.166666666666676e-4,3.4722222222222327e-4,5,14,0.060648077913302845,28.57142857142857,71.42857142857143,71.42857142857143,28.57142857142857,0,0,0,0,0,0,0,0
205-1184MOZ-CIMI-CR-23-JL,1184,MOZ,2023-04-20,08:46:00,LS,Mesas,M,12.8,M,NA,NA,NA,NA,NA,732.8989813878495,732.8989813878495,732.8989813878495,NA,NA,NA,732.8989813878495,732.8989813878495,732.8989813878495,30.735052083333333,30.280265151515152,30.023951822916665,30.436458333333334,29.743506944444444,30.310911458333333,29.640332661290323,30.35767361111111,0,0,0,0,9.920634920634955e-5,0,6.720430107527035e-5,0,0,6,10,1.5768865743330143,20,80,80,10,0,0,10,0,0,0,0,0
206-1301MOZ-CIMI-CR-23-JL,1301,MOZ,2023-05-12,13:42:00,AW,Mesas,M,12.9,M,NA,NA,NA,NA,NA,756.1408473373053,756.1408473373053,756.1408473373053,756.1408473373053,851.1979802761647,851.1979802761647,756.1408473373053,851.1979802761647,851.1979802761647,31.433802083333333,31.518892045454546,30.740592447916665,31.689756944444444,30.247475198412697,31.642161458333334,30.282315188172042,31.492013888888888,0,0,0.0013020833333333437,0,0.006845238095238202,0,0.0046370967741935325,0,0,4,19,-1.5846500426113361,15.789473684210526,84.21052631578947,84.21052631578947,15.789473684210526,0,0,0,0,0,0,0,0
207-231MUL-CIMI-CR-23-JL,231,MUL,2022-10-14,09:40:00,WEA,Mesas,F,11.3,Lactating,3.9,0.36,0.31,17.8,22.37,206.42554792899384,206.42554792899384,206.42554792899384,185.17222443095332,185.17222443095332,185.17222443095332,185.17222443095332,185.17222443095332,185.17222443095332,26.610052083333333,26.743617424242423,26.58650390625,26.87027777777778,26.435570436507938,26.983151041666666,26.26878360215054,26.46484375,0.32187499999999997,0.10643939393939357,0.08411458333333392,0.21666666666666706,0.13293650793650888,0.1697916666666673,0.11706989247311805,0.1529166666666668,0.17743055555555515,NA,NA,NA,NA,NA,NA,NA,NA,NA,NA,NA,NA,NA,NA,NA
208-364MUL-CIMI-CR-23-JL,364,MUL,2022-11-15,11:55:00,JL,Mesas,F,11.4,Lactating,NA,NA,NA,NA,NA,NA,NA,349.4629443787108,NA,NA,NA,NA,NA,349.4629443787108,26.6025,25.61348484848485,25.855403645833334,26.676180555555554,26.272480158730158,26.651640625,26.474687499999998,26.359861111111112,0.036458333333333356,0.2473484848484835,0.2139322916666673,0.02430555555555563,0.16309523809523813,0.018750000000000055,0.144354838709679,0.04583333333333351,0.07326388888888914,5,16,-0.19747117029655276,56.25,43.75,31.25,56.25,0,12.5,0,0,0,0,0,0
209-428MUL-CIMI-CR-23-JL,428,MUL,2022-12-01,12:17:00,AG,Mesas,F,11.4,Lactating,NA,NA,NA,NA,NA,NA,NA,NA,NA,NA,NA,NA,NA,NA,26.92671875,26.545795454545456,26.857194010416666,26.814930555555556,26.76264384920635,26.770651041666667,26.34278561827957,26.467899305555555,0.0072916666666666555,0.048674242424242606,0.03359374999999985,0.00486111111111112,0.03650793650793639,0.0052083333333333304,0.12762096774193685,0.020416666666666604,0.017708333333333375,11,40,2.7050978511851795,37.83783783783784,62.16216216216216,24.324324324324326,35.13513513513514,5.405405405405405,32.432432432432435,2.7027027027027026,0,0,0,0,0
210-497MUL-CIMI-CR-23-JL,497,MUL,2022-12-13,14:03:00,JL,Mesas,F,11.5,Lactating,NA,NA,NA,NA,NA,367.6634672302023,367.6634672302023,367.6634672302023,204.19856405220605,204.19856405220605,204.19856405220605,314.5742167786725,314.5742167786725,314.5742167786725,27.4584375,27.19560606060606,27.113847656249998,27.523645833333333,26.911969246031745,27.440625,26.983309811827958,27.286336805555557,0,0,0.0013020833333333539,0,0.025297619047618392,0,0.019690860215053882,0,0,6,27,-0.6171270354507588,54.166666666666664,45.83333333333333,29.166666666666668,54.166666666666664,0,16.666666666666664,0,0,0,0,0,0
212-566MUL-CIMI-CR-23-JL,566,MUL,2022-12-21,10:18:00,JL,Mesas,F,11.5,Lactating,20.8,3.44,2.29,112,138.53,NA,NA,NA,NA,535.3255222316054,535.3255222316054,NA,535.3255222316054,535.3255222316054,27.9075,27.909602272727273,27.685944010416666,27.945104166666667,27.56877976190476,27.962473958333334,27.199270833333333,28.2459375,0,0,0,0,0,0,0.017271505376344847,0,0,6,42,-2.5530213970246765,57.14285714285714,42.857142857142854,35.714285714285715,57.14285714285714,0,7.142857142857142,0,0,0,0,0,0
213-642MUL-CIMI-CR-23-JL,642,MUL,2023-01-10,15:28:00,EM,Mesas,F,11.5,Lactating,1.16,0.13,0.59,18.8,20.68,476.31453017751426,476.31453017751426,476.31453017751426,476.31453017751426,476.31453017751426,476.31453017751426,476.31453017751426,476.31453017751426,476.31453017751426,27.880885416666665,27.80753787878788,27.896653645833332,27.81576388888889,27.942728174603175,27.827682291666665,27.93615927419355,27.792951388888888,0,0,0,0,0,0,0,0,0,5,8,0.8350058225428698,37.5,62.5,62.5,37.5,0,0,0,0,0,0,0,0
214-698MUL-CIMI-CR-23-JL,698,MUL,2023-01-26,07:44:00,AW,Mesas,F,11.6,Lactating,NA,NA,NA,NA,NA,NA,NA,NA,NA,NA,NA,NA,NA,NA,28.79296875,28.376714015151514,28.16688599348534,28.946805555555557,28.069285359801487,28.867916666666666,28.033331092436974,28.621163194444446,0,0,0,0,0,0,0,0,0,7,14,2.0606480779133025,21.428571428571427,78.57142857142857,64.28571428571429,21.428571428571427,7.142857142857142,7.142857142857142,0,0,0,0,0,0
215-767MUL-CIMI-CR-23-JL,767,MUL,2023-02-09,06:15:00,MC,Mesas,F,11.6,Lactating,NA,NA,NA,NA,NA,663.1607486572648,663.1607486572648,663.1607486572648,NA,NA,NA,663.1607486572648,663.1607486572648,663.1607486572648,29.33802083333333,28.781022727272727,28.63865234375,29.345659722222223,28.627599206349206,29.110911458333334,28.3683731092437,28.77722222222222,0,0,0,0,0,0,0,0,0,9,35,1.3503959717098186,45.714285714285715,54.285714285714285,48.57142857142857,42.857142857142854,0,0,2.857142857142857,5.714285714285714,0,0,0,0
216-803MUL-CIMI-CR-23-JL,803,MUL,2023-02-16,09:35:00,AW,Mesas,F,11.6,Lactating,NA,NA,NA,NA,NA,NA,NA,NA,NA,NA,663.1607486572648,NA,NA,663.1607486572648,28.602760416666666,28.95161931818182,28.814361979166666,28.71059027777778,28.697936507936507,28.679270833333334,28.6472311827957,28.857413194444444,0,0,0,0,0,0,0,0,0,8,36,0.22133634760489068,41.66666666666667,58.333333333333336,47.22222222222222,41.66666666666667,5.555555555555555,0,0,5.555555555555555,0,0,0,0
217-898MUL-CIMI-CR-23-JL,898,MUL,2023-03-03,08:43:00,CB,Mesas,F,11.7,Lactating,NA,NA,NA,NA,NA,401.39039053254305,401.39039053254305,401.39039053254305,433.39705039787793,409.8958346242262,409.8958346242262,433.39705039787793,409.8958346242262,409.8958346242262,29.694114583333334,29.0703125,28.98751953125,29.434652777777778,28.951150793650793,29.324427083333333,28.898692876344086,29.08779513888889,0,0,0,0,0,0,0,0,0,8,33,0.608515219919674,30.303030303030305,69.6969696969697,66.66666666666666,30.303030303030305,0,0,0,3.0303030303030303,0,0,0,0
220-996MUL-CIMI-CR-23-JL,996,MUL,2023-03-17,13:55:00,JL,Mesas,F,11.7,Lactating,NA,NA,NA,NA,NA,5187.238207365239,4295.671980750836,4295.671980750836,5375.092847386755,4388.968255660884,4388.968255660884,4346.278778909942,3272.1815510857614,3272.1815510857614,26.69078125,27.578589015151515,28.207180989583332,26.38451388888889,28.355763888888887,26.35765625,28.514899193548384,26.377569444444443,0.296875,0.14526515151515174,0.09986979166666722,0.4243055555555555,0.07609126984126889,0.3192708333333331,0.05154569892473261,0.31166666666666626,0.25972222222222185,10,34,2.479455595814746,20.588235294117645,79.41176470588235,55.88235294117647,20.588235294117645,0,0,0,23.52941176470588,0,0,0,0
221-1005MUL-CIMI-CR-23-JL,1005,MUL,2023-03-20,16:08:00,AW,Mesas,F,11.7,Lactating,NA,NA,NA,NA,NA,480.2147896479569,480.2147896479569,480.2147896479569,5187.238207365239,4346.278778909942,3695.977297217851,4295.671980750836,3743.4668281404893,3272.1815510857614,29.7971875,27.564053030303032,28.03677734375,28.97184027777778,28.387614087301586,28.358255208333333,28.544183467741934,27.678177083333335,0,0.14564393939393902,0.10013020833333308,0.0013888888888888924,0.07628968253968386,0.14895833333333372,0.05168010752688291,0.1195833333333335,0.21284722222222174,11,39,2.834157475290107,23.076923076923077,76.92307692307693,56.41025641025641,23.076923076923077,0,0,0,20.51282051282051,0,0,0,0
222-1020MUL-CIMI-CR-23-JL,1020,MUL,2023-03-22,07:31:00,AW,Mesas,F,11.7,Lactating,NA,NA,NA,NA,NA,729.4070742932244,729.4070742932244,729.4070742932244,480.2147896479569,4295.671980750836,3743.4668281404893,480.2147896479569,4295.671980750836,3743.4668281404893,29.274375,27.611789772727274,28.051796875,29.5134375,28.418055555555558,29.53578125,28.59658938172043,28.66362847222222,0,0.14204545454545525,0.1001302083333337,0,0.0762896825396837,0,0.05168010752688283,8.333333333333312e-4,0.09930555555555624,11,54,0.8982631137161899,25.925925925925924,74.07407407407408,55.55555555555556,25.925925925925924,0,0,0,18.51851851851852,0,0,0,0
223-1079MUL-CIMI-CR-23-JL,1079,MUL,2023-04-05,07:07:00,AW,Mesas,F,11.8,Lactating,39,16.3,2.26,228,285.56,265.03323905325414,265.03323905325414,265.03323905325414,NA,NA,NA,265.03323905325414,265.03323905325414,265.03323905325414,29.490677083333335,29.160113636363636,29.254016927083335,29.4959375,28.969588293650794,29.310833333333335,28.609761424731182,28.97126736111111,0,1.8939393939394164e-4,1.3020833333333314e-4,6.944444444444462e-4,0.028571428571427332,5.208333333333344e-4,0.051747311827957575,4.166666666666676e-4,3.4722222222222327e-4,5,12,0.3187673261231584,18.181818181818183,81.81818181818183,81.81818181818183,18.181818181818183,0,0,0,0,0,0,0,0
224-1186MUL-CIMI-CR-23-JL,1186,MUL,2023-04-20,12:40:00,AW,Mesas,F,11.8,Lactating,NA,NA,NA,NA,NA,NA,NA,NA,NA,NA,NA,NA,NA,NA,30.735052083333333,30.280265151515152,30.023951822916665,30.436458333333334,29.743506944444444,30.310911458333333,29.640332661290323,30.35767361111111,0,0,0,0,9.920634920634955e-5,0,6.720430107527035e-5,0,0,5,13,0.18970770201823076,46.15384615384615,53.84615384615385,53.84615384615385,46.15384615384615,0,0,0,0,0,0,0,0
225-1370MUL-CIMI-CR-23-JL,1370,MUL,2023-06-05,13:17:00,AW,Mesas,F,11.9,Lactating,NA,NA,NA,NA,NA,294.8226589349175,294.8226589349175,294.8226589349175,NA,NA,NA,294.8226589349175,294.8226589349175,294.8226589349175,27.431354166666665,27.928446969696967,28.504973958333334,27.572743055555556,29.064915674603174,27.58859375,29.82814180107527,27.355381944444446,0.11874999999999998,0.1937500000000001,0.17187499999999994,0.07916666666666655,0.13095238095238193,0.06927083333333343,0.08870967741935268,0.0587500000000001,0.062499999999999986,3,12,-1.6812326738768417,45.45454545454545,54.54545454545454,54.54545454545454,36.36363636363637,0,0,9.090909090909092,0,0,0,0,0
226-1421MUL-CIMI-CR-23-JL,1421,MUL,2023-06-19,10:28:00,EM,Mesas,F,12,Lactating,NA,NA,NA,NA,NA,170.5306897041431,170.5306897041431,170.5306897041431,NA,NA,NA,170.5306897041431,170.5306897041431,170.5306897041431,28.8634375,27.87035984848485,27.651106770833334,28.4121875,27.56796626984127,28.109114583333334,28.240843413978496,27.642708333333335,0.0031249999999999997,0.1352272727272734,0.12408854166666732,0.03750000000000015,0.18313492063491768,0.02812499999999991,0.14509408602150442,0.04666666666666652,0.23784722222222004,4,12,-0.6812326738768416,8.333333333333332,91.66666666666666,91.66666666666666,8.333333333333332,0,0,0,0,0,0,0,0
227-1481MUL-CIMI-CR-23-JL,1481,MUL,2023-07-04,12:20:00,MP,Mesas,F,12,Lactating,NA,NA,NA,NA,NA,NA,NA,NA,NA,NA,NA,NA,NA,NA,28.624915254237287,28.509533622559655,28.51839514978602,28.40690058479532,28.174272051009563,28.116108949416343,27.999254046446165,28.93986636971047,0.0169491525423729,0.08069414316702779,0.10156918687589137,0.126315789473684,0.14835281615303098,0.23735408560311338,0.11710063335679038,0.17393767705382404,0.1367483296213809,3,11,-1.5521730497719137,45.45454545454545,54.54545454545454,54.54545454545454,45.45454545454545,0,0,0,0,0,0,0,0
228-1305MUL-CIMI-CR-23-JL,1305,MUL,2023-05-15,14:48:00,JCO,Mesas,F,11.9,Lactating,NA,NA,NA,NA,NA,433.5162355029581,433.5162355029581,433.5162355029581,503.41635266272135,503.41635266272135,503.41635266272135,531.5721349112421,531.5721349112421,531.5721349112421,31.4,31.47376893939394,31.319759114583334,31.389444444444443,30.691175595238096,31.461041666666667,30.389858870967743,31.539600694444445,0,0,9.114583333333384e-4,0,0.0010912698412698174,0,0.004637096774193522,0,0,4,31,-3.1333655318704703,22.58064516129032,77.41935483870968,77.41935483870968,22.58064516129032,0,0,0,0,0,0,0,0
229-1316MUL-CIMI-CR-23-JL,1316,MUL,2023-05-17,11:20:00,MC,Mesas,F,11.9,Lactating,1.5,0,0.16,8.18,9.84,587.8836994082834,587.8836994082834,564.7731654356257,433.5162355029581,531.5721349112421,531.5721349112421,433.5162355029581,531.5721349112421,534.0947590491736,29.394791666666666,31.082727272727272,31.229108072916667,29.932604166666668,30.705114087301588,30.397395833333334,30.321703629032257,30.772291666666668,0,0,0,0,9.920634920634953e-4,0,0.004637096774193515,0,0,4,41,-4.423961772919749,26.82926829268293,73.17073170731707,73.17073170731707,26.82926829268293,0,0,0,0,0,0,0,0
230-1329MUL-CIMI-CR-23-JL,1329,MUL,2023-05-23,11:13:00,MC,Mesas,F,11.9,Lactating,NA,NA,NA,NA,NA,466.5667003468758,466.5667003468758,466.5667003468758,541.6626314629682,541.6626314629682,564.7731654356257,466.5667003468758,466.5667003468758,507.0057000340116,30.102083333333333,30.87848484848485,31.08869140625,30.403784722222223,31.219419642857144,30.760729166666668,30.52127688172043,31.117569444444445,0,0,0,0,0,0,0.0026209677419353973,0,0,5,39,-3.165842524709893,43.58974358974359,56.41025641025641,53.84615384615385,43.58974358974359,0,0,0,2.564102564102564,0,0,0,0
231-1500MUL-CIMI-CR-23-JL,1500,MUL,2023-07-11,15:12:00,EM,Mesas,F,12,Lactating,NA,NA,NA,NA,NA,NA,NA,NA,NA,NA,NA,NA,NA,NA,29.656781609195402,28.71028025477707,28.770739268680444,29.33975,28.46036823935558,29.038349514563105,28.424696071163826,28.889076923076924,0.0011494252873563246,0.09910828025477708,0.07122416534181215,0.0433333333333335,0.09148446490218573,0.04207119741100331,0.11111934766493595,0.04010695187165775,0.036923076923076996,4,12,-0.6812326738768416,33.33333333333333,66.66666666666666,66.66666666666666,33.33333333333333,0,0,0,0,0,0,0,0
232-227MUL-CIMI-CR-23-JL,227,MUL,2022-10-13,09:51:00,JL,Mesas,F,11.3,Lactating,NA,NA,NA,NA,NA,169.6194088475624,169.6194088475624,169.6194088475624,178.08778326493982,178.08778326493982,174.77292663644016,185.17222443095332,185.17222443095332,181.1034508949509,27.195416666666667,26.850757575757576,26.569427083333334,27.23753472222222,26.465208333333333,27.04734375,26.2403561827957,26.52560763888889,0.1281249999999999,0.07064393939393966,0.08606770833333299,0.095138888888889,0.11418650793650752,0.09270833333333348,0.11250000000000053,0.1341666666666666,0.12500000000000008,NA,NA,NA,NA,NA,NA,NA,NA,NA,NA,NA,NA,NA,NA,NA
233-365MUL-CIMI-CR-23-JL,365,MUL,2022-11-15,09:15:00,JL,Mesas,F,11.4,Lactating,NA,NA,NA,NA,NA,NA,NA,349.4629443787108,NA,NA,NA,NA,NA,349.4629443787108,26.6025,25.61348484848485,25.855403645833334,26.676180555555554,26.272480158730158,26.651640625,26.474687499999998,26.359861111111112,0.036458333333333356,0.2473484848484835,0.2139322916666673,0.02430555555555563,0.16309523809523813,0.018750000000000055,0.144354838709679,0.04583333333333351,0.07326388888888914,4,11,-0.5521730497719136,63.63636363636363,36.36363636363637,27.27272727272727,63.63636363636363,0,9.090909090909092,0,0,0,0,0,0
234-498MUL-CIMI-CR-23-JL,498,MUL,2022-12-13,13:43:00,JL,Mesas,F,11.5,Lactating,NA,NA,NA,NA,NA,367.6634672302023,367.6634672302023,367.6634672302023,204.19856405220605,204.19856405220605,204.19856405220605,314.5742167786725,314.5742167786725,314.5742167786725,27.4584375,27.19560606060606,27.113847656249998,27.523645833333333,26.911969246031745,27.440625,26.983309811827958,27.286336805555557,0,0,0.0013020833333333539,0,0.025297619047618392,0,0.019690860215053882,0,0,6,26,-0.488067411345831,52.17391304347826,47.82608695652174,30.434782608695656,52.17391304347826,0,17.391304347826086,0,0,0,0,0,0
235-525MUL-CIMI-CR-23-JL,525,MUL,2022-12-15,15:00:00,CB,Mesas,F,11.5,Lactating,NA,NA,NA,NA,NA,535.3255222316054,535.3255222316054,535.3255222316054,204.19856405220605,204.19856405220605,204.19856405220605,314.5742167786725,314.5742167786725,314.5742167786725,27.47953125,27.278267045454545,27.221966145833335,27.590902777777778,27.002445436507937,27.468984375,27.049653897849463,27.45359375,0,0,9.114583333333349e-4,0,0.02380952380952276,0,0.017338709677419795,0,0,7,32,-0.26242515597539817,65.625,34.375,25,65.625,0,9.375,0,0,0,0,0,0
237-646MUS-CIMI-CR-23-JL,646,MUS,2023-01-11,06:57:00,EM,Mesas,F,4.8,juv,NA,NA,NA,NA,NA,NA,NA,NA,663.0912568047224,663.0912568047224,663.0912568047224,663.0912568047224,663.0912568047224,663.0912568047224,28.14640625,27.813001893939393,27.90890625,27.979930555555555,27.9615873015873,27.906328125,27.95306115591398,27.827309027777776,0,0,0,0,0,0,0,0,0,5,15,-0.06841154619162494,46.666666666666664,53.333333333333336,53.333333333333336,46.666666666666664,0,0,0,0,0,0,0,0
238-692MUS-CIMI-CR-23-JL,692,MUS,2023-01-25,17:00:00,AW,Mesas,F,4.8,juv,NA,NA,NA,NA,NA,NA,NA,NA,NA,NA,NA,NA,NA,NA,29.202864583333334,28.161070075757575,28.146879478827362,29.01232638888889,28.047235732009927,28.802942708333333,28.01872268907563,28.685399305555556,0,0,0,0,0,0,0,0,0,3,9,-1.294053801562058,33.33333333333333,66.66666666666666,55.55555555555556,33.33333333333333,0,0,0,11.11111111111111,0,0,0,0
239-791MUS-CIMI-CR-23-JL,791,MUS,2023-02-10,15:44:00,CB,Mesas,F,4.9,juv,NA,NA,NA,NA,NA,NA,NA,NA,NA,NA,NA,NA,NA,NA,29.095572916666665,28.826448863636365,28.6216796875,29.185243055555556,28.63043650793651,29.229166666666668,28.393055462184876,28.864270833333332,0,0,0,0,0,0,0,0,0,8,30,0.9956940922344576,46.666666666666664,53.333333333333336,46.666666666666664,46.666666666666664,3.3333333333333335,0,0,3.3333333333333335,0,0,0,0
240-886MUS-CIMI-CR-23-JL,886,MUS,2023-03-02,08:50:00,JCO,Mesas,F,4.9,juv,NA,NA,NA,NA,NA,NA,NA,NA,NA,NA,NA,NA,NA,NA,29.326041666666665,29.04104166666667,28.898958333333333,29.21527777777778,28.91437996031746,29.134140625,28.884297715053762,28.982083333333335,0,0,0,0,0,0,0,0,0,7,23,0.8991114609689526,21.73913043478261,78.26086956521739,69.56521739130434,21.73913043478261,4.3478260869565215,0,0,4.3478260869565215,0,0,0,0
241-987MUS-CIMI-CR-23-JL,987,MUS,2023-03-16,16:13:00,VM,Mesas,F,5,juv,NA,NA,NA,NA,NA,390.4425158031468,390.4425158031468,501.8656317634419,390.4425158031468,390.4425158031468,390.4425158031468,390.4425158031468,390.4425158031468,501.8656317634419,26.318020833333332,27.764119318181816,28.357070312500003,26.304375,28.469791666666666,26.216197916666665,28.592600806451614,26.81565972222222,0.3406249999999994,0.09147727272727192,0.06289062499999945,0.2284722222222218,0.047916666666667315,0.24166666666666634,0.032459677419355654,0.1933333333333327,0.16770833333333338,10,22,4.02817108507388,45.45454545454545,54.54545454545454,54.54545454545454,45.45454545454545,0,0,0,0,0,0,0,0
242-1018MUS-CIMI-CR-23-JL,1018,MUS,2023-03-22,07:23:00,AW,Mesas,F,5,juv,1.44,0.08,0.41,7.72,9.65,557.5771897435895,557.5771897435895,557.5771897435895,417.33263905325305,417.33263905325305,403.88757742819996,557.5771897435895,557.5771897435895,501.8656317634419,29.274375,27.611789772727274,28.051796875,29.5134375,28.418055555555558,29.53578125,28.59658938172043,28.66362847222222,0,0.14204545454545525,0.1001302083333337,0,0.0762896825396837,0,0.05168010752688283,8.333333333333312e-4,0.09930555555555624,10,35,2.350395971709818,34.285714285714285,65.71428571428571,62.857142857142854,34.285714285714285,0,0,0,2.857142857142857,0,0,0,0
243-1193MUS-CIMI-CR-23-JL,1193,MUS,2023-04-21,11:57:00,AW,Mesas,F,5.1,juv,NA,NA,NA,NA,NA,NA,NA,NA,580.4306982248514,580.4306982248514,580.4306982248514,580.4306982248514,580.4306982248514,580.4306982248514,30.704166666666666,30.33996212121212,30.08501953125,30.68145833333333,29.854970238095238,30.470911458333333,29.677379032258063,30.37435763888889,0,0,0,0,9.920634920634955e-5,0,6.720430107527035e-5,0,0,3,19,-2.5846500426113366,63.1578947368421,36.84210526315789,36.84210526315789,63.1578947368421,0,0,0,0,0,0,0,0
244-1300MUS-CIMI-CR-23-JL,1300,MUS,2023-05-12,14:48:00,AW,Mesas,F,5.1,juv,NA,NA,NA,NA,NA,924.3979952662712,924.3979952662712,924.3979952662712,925.7912470026565,925.7912470026565,925.7912470026565,925.7912470026565,925.7912470026565,925.7912470026565,31.433802083333333,31.518892045454546,30.740592447916665,31.689756944444444,30.247475198412697,31.642161458333334,30.282315188172042,31.492013888888888,0,0,0.0013020833333333437,0,0.006845238095238202,0,0.0046370967741935325,0,0,5,29,-1.8752462836606145,44.827586206896555,55.172413793103445,55.172413793103445,44.827586206896555,0,0,0,0,0,0,0,0
245-1483MUS-CIMI-CR-23-JL,1483,MUS,2023-07-05,11:45:00,AW,Mesas,F,5.3,juv,NA,NA,NA,NA,NA,NA,NA,NA,NA,NA,NA,NA,NA,NA,29.293082706766917,28.680289210233592,28.476417693981148,29.031099476439792,28.282926304464766,28.790081967213116,28.064139765874422,28.650657276995304,0.015037593984962381,0.08142380422691887,0.10311820159535938,0.010471204188481669,0.08854222700376499,0.08852459016393413,0.1101099680737845,0.18484848484848498,0.1441314553990608,5,10,0.5768865743330142,20,80,80,20,0,0,0,0,0,0,0,0
246-158MYK-CIMI-CR-23-JL,158,MYK,2022-09-29,14:23:00,JL,Mesas,M,1.7,M,NA,NA,NA,NA,NA,240.5656315868739,240.5656315868739,240.5656315868739,240.5656315868739,240.5656315868739,240.5656315868739,240.5656315868739,240.5656315868739,240.5656315868739,26.153802083333332,26.006202651515153,25.95681640625,25.94559027777778,25.98731646825397,25.786875,26.143182123655915,26.020625,0.21979166666666694,0.1681818181818177,0.14361979166666725,0.22152777777777796,0.14761904761904776,0.2833333333333331,0.15053763440860254,0.23416666666666663,0.2434027777777778,NA,NA,NA,NA,NA,NA,NA,NA,NA,NA,NA,NA,NA,NA,NA
247-226MYK-CIMI-CR-23-JL,226,MYK,2022-10-13,10:40:00,JL,Mesas,M,1.7,M,NA,NA,NA,NA,NA,450.40647844463416,450.40647844463416,450.40647844463416,387.49279864750554,387.49279864750554,387.49279864750554,408.46402524654843,408.46402524654843,408.46402524654843,27.195416666666667,26.850757575757576,26.569427083333334,27.23753472222222,26.465208333333333,27.04734375,26.2403561827957,26.52560763888889,0.1281249999999999,0.07064393939393966,0.08606770833333299,0.095138888888889,0.11418650793650752,0.09270833333333348,0.11250000000000053,0.1341666666666666,0.12500000000000008,NA,NA,NA,NA,NA,NA,NA,NA,NA,NA,NA,NA,NA,NA,NA
248-304MYK-CIMI-CR-23-JL,304,MYK,2022-11-02,12:38:00,WEA,Mesas,M,1.8,M,NA,NA,NA,NA,NA,481.96398504006237,481.96398504006237,481.96398504006237,811.9254319526618,811.9254319526618,811.9254319526618,481.96398504006237,481.96398504006237,481.96398504006237,26.915104166666666,27.25313446969697,27.210852864583334,26.868472222222223,27.032946428571428,26.848229166666666,26.96935819892473,27.08826388888889,0.16562499999999986,0.06799242424242452,0.06770833333333345,0.11180555555555544,0.11597222222222,0.08385416666666702,0.09556451612903337,0.06708333333333368,0.05590277777777771,4,11,-0.5521730497719136,63.63636363636363,36.36363636363637,18.181818181818183,63.63636363636363,0,18.181818181818183,0,0,0,0,0,0
249-1298mos-CIMI-CR-23-JL,1298,MOS,2023-05-12,11:26:00,AW,Mesas,M,9.9,M,NA,NA,NA,NA,NA,763.3680000000275,555.1958901775296,555.1958901775296,843.1860610364212,843.1860610364212,843.1860610364212,843.1860610364212,719.1454908660738,719.1454908660738,31.433802083333333,31.518892045454546,30.740592447916665,31.689756944444444,30.247475198412697,31.642161458333334,30.282315188172042,31.492013888888888,0,0,0.0013020833333333437,0,0.006845238095238202,0,0.0046370967741935325,0,0,6,17,0.6734692055985194,23.52941176470588,76.47058823529412,76.47058823529412,17.647058823529413,0,0,5.88235294117647,0,0,0,0,0
252-305MOZ-CIMI-CR-23-JL,305,MOZ,2022-11-03,09:36:00,UN,Mesas,M,12.4,M,NA,NA,NA,NA,NA,NA,NA,NA,NA,NA,NA,NA,NA,NA,26.449322916666667,27.133598484848484,27.157858072916667,26.611909722222222,26.985585317460316,26.652734375,26.924422043010754,26.840225694444445,0.2875000000000001,0.0863636363636367,0.0828125,0.20138888888888865,0.11706349206349141,0.15208333333333313,0.10436827956989268,0.12166666666666683,0.10138888888888883,5,16,-0.19747117029655276,56.25,43.75,18.75,56.25,0,25,0,0,0,0,0,0
253-392MOZ-CIMI-CR-23-JL,392,MOZ,2022-11-22,10:44:00,JL,Mesas,M,12.4,M,NA,NA,NA,NA,NA,612.5388295858081,612.5388295858081,612.5388295858081,487.3434662721988,487.3434662721988,487.3434662721988,554.282458382649,554.282458382649,554.282458382649,26.795677083333334,27.082660984848484,26.506139322916667,26.955,26.25127976190476,26.8615625,26.58607190860215,27.244184027777777,0.0020833333333333368,0.007386363636363582,0.09492187500000188,0.0013888888888888922,0.16170634920634638,0.0010416666666666688,0.12392473118279494,8.333333333333348e-4,6.944444444444464e-4,6,18,0.5444095814935915,22.22222222222222,77.77777777777779,55.55555555555556,22.22222222222222,0,22.22222222222222,0,0,0,0,0,0
254-410MOZ-CIMI-CR-23-JL,410,MOZ,2022-11-23,13:08:00,AG,Mesas,M,12.4,M,NA,NA,NA,NA,NA,688.1604426035495,688.1604426035495,688.1604426035495,487.3434662721988,487.3434662721988,487.3434662721988,554.282458382649,554.282458382649,554.282458382649,26.40046875,27.08311553030303,26.68033203125,26.72479166666667,26.236512896825396,26.862005208333333,26.56228494623656,27.030208333333334,0,0.007196969696969781,0.05963541666666733,0.0013888888888888926,0.14732142857143155,0.0010416666666666688,0.12163978494623465,8.333333333333352e-4,6.944444444444465e-4,6,31,-1.1333655318704703,45.16129032258064,54.83870967741935,32.25806451612903,45.16129032258064,0,22.58064516129032,0,0,0,0,0,0
256-154MAY-CIMI-CR-23-JL,154,MAY,2022-09-29,08:42:00,JL,Mesas,F,3.8,juv,NA,NA,NA,NA,NA,NA,NA,NA,NA,NA,NA,NA,NA,NA,26.153802083333332,26.006202651515153,25.95681640625,25.94559027777778,25.98731646825397,25.786875,26.143182123655915,26.020625,0.21979166666666694,0.1681818181818177,0.14361979166666725,0.22152777777777796,0.14761904761904776,0.2833333333333331,0.15053763440860254,0.23416666666666663,0.2434027777777778,NA,NA,NA,NA,NA,NA,NA,NA,NA,NA,NA,NA,NA,NA,NA
257-217MAY-CIMI-CR-23-JL,217,MAY,2022-10-12,15:03:00,JCO,Mesas,F,3.8,juv,NA,NA,NA,NA,NA,865.8684824761029,865.8684824761029,865.8684824761029,962.616583826429,962.616583826429,962.616583826429,914.2425331512659,914.2425331512659,914.2425331512659,27.35625,26.7321875,26.477493489583335,27.06309027777778,26.391473214285714,26.392239583333332,26.209075940860217,26.457517361111112,0.0177083333333333,0.0479166666666669,0.08450520833333369,0.04027777777777772,0.10605158730158688,0.10520833333333315,0.10598118279569817,0.10000000000000017,0.08784722222222212,NA,NA,NA,NA,NA,NA,NA,NA,NA,NA,NA,NA,NA,NA,NA
258-431MAY-CIMI-CR-23-JL,431,MAY,2022-12-02,11:35:00,CB,Mesas,F,3.9,juv,39.4,2.08,2.06,154,197.54,NA,NA,NA,141.52170193293887,141.52170193293887,141.52170193293887,141.52170193293887,141.52170193293887,141.52170193293887,27.679010416666667,26.565236742424243,26.841549479166666,27.146909722222222,26.85280753968254,27.008020833333333,26.36376008064516,26.781076388888888,0,0.04829545454545494,0.03346354166666686,0.004861111111111101,0.029166666666666962,0.003645833333333327,0.1266801075268829,0.004166666666666671,0.017013888888888738,8,35,0.3503959717098185,54.285714285714285,45.714285714285715,28.57142857142857,54.285714285714285,2.857142857142857,14.285714285714285,0,0,0,0,0,0
259-657MAY-CIMI-CR-23-JL,657,MAY,2023-01-12,08:15:00,MC,Mesas,F,4,juv,NA,NA,NA,NA,NA,NA,NA,NA,NA,NA,NA,NA,NA,NA,28.32104712041885,27.873156398104264,27.949954397394137,28.25205574912892,27.985553349875932,28.100391644908616,27.996850420168066,27.991565217391305,0,0,0,0,0,0,0,0,0,8,25,1.640992212759097,32,68,60,32,0,0,0,8,0,0,0,0
260-747MAY-CIMI-CR-23-JL,747,MAY,2023-02-06,09:59:00,JL,Mesas,F,4.1,juv,NA,NA,NA,NA,NA,NA,NA,NA,NA,NA,NA,NA,NA,NA,28.134479166666665,28.41777462121212,28.515123697916668,28.208784722222223,28.476334325396824,28.318802083333335,28.21215798319328,28.494774305555556,0,0,0,0,0,0,0,0,0,8,18,2.5444095814935914,33.33333333333333,66.66666666666666,55.55555555555556,33.33333333333333,0,0,0,11.11111111111111,0,0,0,0
261-900MAY-CIMI-CR-23-JL,900,MAY,2023-03-03,10:22:00,CB,Mesas,F,4.2,juv,NA,NA,NA,NA,NA,NA,NA,NA,NA,NA,NA,NA,NA,NA,29.694114583333334,29.0703125,28.98751953125,29.434652777777778,28.951150793650793,29.324427083333333,28.898692876344086,29.08779513888889,0,0,0,0,0,0,0,0,0,5,18,-0.45559041850640836,27.77777777777778,72.22222222222221,66.66666666666666,27.77777777777778,0,0,0,5.555555555555555,0,0,0,0
262-1246May-CIMI-CR-23-JL,1246,MAY,2023-05-04,17:07:00,JL,Mesas,F,4.4,juv,NA,NA,NA,NA,NA,NA,NA,1599.8786566356703,NA,NA,NA,NA,NA,1599.8786566356703,31.950677083333332,29.645047348484848,29.699889322916665,31.554895833333333,29.795704365079366,31.193802083333335,29.79017809139785,30.402013888888888,0,0.007196969696969737,0.008984375000000107,0,0.006845238095238146,0.0031249999999999807,0.004637096774193544,0.002916666666666658,0.003472222222222219,2,7,-2.035934553352203,28.57142857142857,71.42857142857143,71.42857142857143,28.57142857142857,0,0,0,0,0,0,0,0
264-1289May-CIMI-CR-23-JL,1289,MAY,2023-05-11,09:21:00,JL,Mesas,F,4.4,juv,NA,NA,NA,NA,NA,926.5435562130167,605.4760444575954,605.4760444575954,1599.8786566356703,1599.8786566356703,1599.8786566356703,1414.6183415046476,903.0246890626478,903.0246890626478,31.69671875,31.376590909090908,30.58087239583333,31.630937499999998,30.19501984126984,31.519973958333335,30.234217069892473,31.410833333333333,0,0.0011363636363636365,0.0013020833333333391,0,0.006845238095238197,0,0.0046370967741935654,0,0,5,18,-0.45559041850640836,16.666666666666664,83.33333333333334,83.33333333333334,16.666666666666664,0,0,0,0,0,0,0,0
265-1299May-CIMI-CR-23-JL,1299,MAY,2023-05-12,15:37:00,AW,Mesas,F,4.4,juv,NA,NA,NA,NA,NA,669.8081591058548,554.5977052761366,554.5977052761366,1414.6183415046476,1414.6183415046476,1414.6183415046476,1041.836358117781,903.0246890626478,903.0246890626478,31.433802083333333,31.518892045454546,30.740592447916665,31.689756944444444,30.247475198412697,31.642161458333334,30.282315188172042,31.492013888888888,0,0,0.0013020833333333437,0,0.006845238095238202,0,0.0046370967741935325,0,0,5,24,-1.2299481631359754,20.833333333333336,79.16666666666666,79.16666666666666,20.833333333333336,0,0,0,0,0,0,0,0
266-1309May-CIMI-CR-23-JL,1309,MAY,2023-05-16,11:55:00,AW,Mesas,F,4.4,juv,0.13,0,0.2,2.91,3.24,208.966343786982,208.966343786982,403.89378220625633,391.431036620648,605.4760444575954,903.0246890626478,391.431036620648,605.4760444575954,859.5670507144882,29.75859375,31.16528409090909,31.2184765625,30.436319444444443,30.64986111111111,30.669322916666665,30.32646505376344,30.924149305555556,0,0,7.812500000000217e-4,0,9.920634920634953e-4,0,0.004637096774193507,0,0,5,29,-1.8752462836606145,17.24137931034483,82.75862068965517,82.75862068965517,17.24137931034483,0,0,0,0,0,0,0,0
267-1391May-CIMI-CR-23-JL,1391,MAY,2023-06-08,14:55:00,CB,Mesas,F,4.4,juv,NA,NA,NA,NA,NA,337.4943932120133,337.4943932120133,337.4943932120133,427.56960133976287,427.56960133976287,427.56960133976287,427.56960133976287,427.56960133976287,427.56960133976287,26.57421875,27.45342803030303,27.865579427083333,26.993680555555557,28.621269841269843,27.116484375,29.421975806451613,27.283211805555556,0.01979166666666664,0.2172348484848474,0.1881510416666661,0.08680555555555548,0.14335317460317293,0.06614583333333321,0.09711021505376492,0.09958333333333301,0.08298611111111098,4,15,-1.068411546191625,40,60,60,40,0,0,0,0,0,0,0,0
268-1427May-CIMI-CR-23-JL,1427,MAY,2023-06-19,14:54:00,LS,Mesas,F,4.5,juv,NA,NA,NA,NA,NA,236.89000394477583,236.89000394477583,236.89000394477583,236.89000394477583,236.89000394477583,236.89000394477583,236.89000394477583,236.89000394477583,236.89000394477583,28.8634375,27.87035984848485,27.651106770833334,28.4121875,27.56796626984127,28.109114583333334,28.240843413978496,27.642708333333335,0.0031249999999999997,0.1352272727272734,0.12408854166666732,0.03750000000000015,0.18313492063491768,0.02812499999999991,0.14509408602150442,0.04666666666666652,0.23784722222222004,5,19,-0.5846500426113361,36.84210526315789,63.1578947368421,57.89473684210527,36.84210526315789,0,0,0,0,0,0,5.263157894736842,0
269-1274MOW-CIMI-CR-23-JL,1274,MOW,2023-05-10,10:00:00,ER,Mesas,F,0.9,juv,NA,NA,NA,NA,NA,NA,NA,466.1513467455616,NA,1040.709983431956,1040.709983431956,NA,1040.709983431956,753.4306650887588,31.850520833333334,31.28001893939394,30.467421875,31.629375,30.17798611111111,31.521119791666667,30.193114919354837,31.529253472222223,0,0.0013257575757575839,0.0014322916666666596,0,0.006845238095238189,0,0.004637096774193586,0,0,3,12,-1.6812326738768417,0,100,83.33333333333334,0,0,0,0,0,0,16.666666666666664,0,0
270-1503May-CIMI-CR-23-JL,1503,MAY,2023-07-12,09:30:00,EM,Mesas,F,4.5,juv,NA,NA,NA,NA,NA,NA,NA,NA,NA,NA,NA,NA,NA,NA,29.469635416666666,28.916955974842768,28.919030206677267,29.55537037037037,28.554390103567318,29.348839285714284,28.461704966641957,29.091744680851065,0.009374999999999998,0.050566037735848765,0.07058823529411785,0.007407407407407418,0.06375143843498259,0.03630952380952385,0.11171237954039838,0.03654320987654336,0.03574468085106387,2,7,-2.035934553352203,42.857142857142854,57.14285714285714,57.14285714285714,42.857142857142854,0,0,0,0,0,0,0,0
271-688MOW-CIMI-CR-23-JL,688,MOW,2023-01-25,15:28:00,AW,Mesas,F,0.6,juv,6.98,0.37,2.23,72,81.58,NA,NA,NA,NA,NA,NA,NA,NA,NA,29.202864583333334,28.161070075757575,28.146879478827362,29.01232638888889,28.047235732009927,28.802942708333333,28.01872268907563,28.685399305555556,0,0,0,0,0,0,0,0,0,4,9,-0.294053801562058,12.5,87.5,55.55555555555556,11.11111111111111,22.22222222222222,0,0,0,0,11.11111111111111,0,0
272-771MOW-CIMI-CR-23-JL,771,MOW,2023-02-09,15:54:00,AW,Mesas,F,0.6,juv,NA,NA,NA,NA,NA,NA,NA,NA,924.4732781065115,924.4732781065115,924.4732781065115,924.4732781065115,924.4732781065115,924.4732781065115,29.33802083333333,28.781022727272727,28.63865234375,29.345659722222223,28.627599206349206,29.110911458333334,28.3683731092437,28.77722222222222,0,0,0,0,0,0,0,0,0,8,26,1.511932588654169,33.33333333333333,66.66666666666666,57.692307692307686,30.76923076923077,0,0,0,0,0,7.6923076923076925,0,3.8461538461538463
274-1313MOW-CIMI-CR-23-JL,1313,MOW,2023-05-17,06:46:00,MC,Mesas,F,0.9,juv,NA,NA,NA,NA,NA,NA,NA,NA,466.1513467455616,466.1513467455616,466.1513467455616,466.1513467455616,466.1513467455616,466.1513467455616,29.394791666666666,31.082727272727272,31.229108072916667,29.932604166666668,30.705114087301588,30.397395833333334,30.321703629032257,30.772291666666668,0,0,0,0,9.920634920634953e-4,0,0.004637096774193515,0,0,5,29,-1.8752462836606145,23.076923076923077,76.92307692307693,68.96551724137932,20.689655172413794,0,0,0,0,0,10.344827586206897,0,0
275-1388MOW-CIMI-CR-23-JL,1388,MOW,2023-06-08,13:04:00,CB,Mesas,F,1,juv,NA,NA,NA,NA,NA,NA,NA,NA,NA,NA,NA,NA,NA,NA,26.57421875,27.45342803030303,27.865579427083333,26.993680555555557,28.621269841269843,27.116484375,29.421975806451613,27.283211805555556,0.01979166666666664,0.2172348484848474,0.1881510416666661,0.08680555555555548,0.14335317460317293,0.06614583333333321,0.09711021505376492,0.09958333333333301,0.08298611111111098,3,15,-2.068411546191625,42.857142857142854,57.14285714285714,53.333333333333336,40,0,0,0,0,0,6.666666666666667,0,0
276-1454MOW-CIMI-CR-23-JL,1454,MOW,2023-06-23,11:07:00,Other,Mesas,F,1,juv,NA,NA,NA,NA,NA,311.67095857987636,311.67095857987636,311.67095857987636,311.67095857987636,311.67095857987636,311.67095857987636,311.67095857987636,311.67095857987636,311.67095857987636,27.1371875,27.910227272727273,27.87296875,27.314583333333335,27.759037698412698,28.166640625,27.906122311827957,28.39890625,0.09270833333333367,0.19734848484848458,0.1373697916666665,0.23541666666666716,0.12817460317460388,0.17656250000000043,0.16787634408602148,0.14166666666666666,0.11875000000000027,6,15,0.9315884538083751,45.45454545454545,54.54545454545454,26.666666666666668,33.33333333333333,0,0,0,6.666666666666667,0,26.666666666666668,6.666666666666667,0
277-149MAN-CIMI-CR-23-JL,149,MAN,2022-09-28,08:51:00,AW,Mesas,M,8.2,M,NA,NA,NA,NA,NA,360.15310769232065,360.15310769232065,360.15310769232065,NA,NA,NA,360.15310769232065,360.15310769232065,360.15310769232065,25.73796875,25.922045454545454,25.892936197916665,25.595555555555556,25.98998015873016,25.699661458333335,26.120020161290324,26.100885416666667,0.3250000000000001,0.16742424242424334,0.15846354166666568,0.37291666666666645,0.1541666666666664,0.28906250000000006,0.15087365591397825,0.2891666666666668,0.24097222222222206,NA,NA,NA,NA,NA,NA,NA,NA,NA,NA,NA,NA,NA,NA,NA
278-309MAN-CIMI-CR-23-JL,309,MAN,2022-11-04,11:02:00,UN,Mesas,M,8.4,M,NA,NA,NA,NA,NA,NA,NA,NA,853.5972382739226,853.5972382739226,853.5972382739226,853.5972382739226,853.5972382739226,853.5972382739226,25.666354166666668,27.017376893939392,27.00140625,26.075277777777778,26.943070436507938,26.290729166666665,26.832977150537634,26.454270833333332,0.18333333333333318,0.0806818181818183,0.08867187500000008,0.22291666666666682,0.10277777777777845,0.1744791666666667,0.10739247311827975,0.14041666666666652,0.11701388888888899,5,12,0.3187673261231584,50,50,33.33333333333333,50,0,16.666666666666664,0,0,0,0,0,0
279-362MAN-CIMI-CR-23-JL,362,MAN,2022-11-15,09:09:00,JL,Mesas,M,8.4,M,NA,NA,NA,NA,NA,NA,NA,NA,NA,NA,NA,NA,NA,NA,26.6025,25.61348484848485,25.855403645833334,26.676180555555554,26.272480158730158,26.651640625,26.474687499999998,26.359861111111112,0.036458333333333356,0.2473484848484835,0.2139322916666673,0.02430555555555563,0.16309523809523813,0.018750000000000055,0.144354838709679,0.04583333333333351,0.07326388888888914,5,14,0.060648077913302845,57.14285714285714,42.857142857142854,28.57142857142857,57.14285714285714,0,14.285714285714285,0,0,0,0,0,0
280-423MAN-CIMI-CR-23-JL,423,MAN,2022-12-01,08:55:00,MC,Mesas,M,8.4,M,NA,NA,NA,NA,NA,NA,NA,NA,NA,NA,NA,NA,NA,NA,26.92671875,26.545795454545456,26.857194010416666,26.814930555555556,26.76264384920635,26.770651041666667,26.34278561827957,26.467899305555555,0.0072916666666666555,0.048674242424242606,0.03359374999999985,0.00486111111111112,0.03650793650793639,0.0052083333333333304,0.12762096774193685,0.020416666666666604,0.017708333333333375,7,25,0.6409922127590968,52,48,28.000000000000004,52,8,12,0,0,0,0,0,0
281-693MAN-CIMI-CR-23-JL,693,MAN,2023-01-25,16:10:00,AW,Mesas,M,8.6,M,NA,NA,NA,NA,NA,NA,NA,NA,NA,NA,NA,NA,NA,NA,29.202864583333334,28.161070075757575,28.146879478827362,29.01232638888889,28.047235732009927,28.802942708333333,28.01872268907563,28.685399305555556,0,0,0,0,0,0,0,0,0,4,15,-1.068411546191625,6.666666666666667,93.33333333333333,93.33333333333333,6.666666666666667,0,0,0,0,0,0,0,0
284-493MYK-CIMI-CR-23-JL,493,MYK,2022-12-13,09:44:00,AW,Mesas,M,1.9,M,NA,NA,NA,NA,NA,404.03359319527794,404.03359319527794,404.03359319527794,486.8971774807946,486.8971774807946,486.8971774807946,486.8971774807946,486.8971774807946,486.8971774807946,27.4584375,27.19560606060606,27.113847656249998,27.523645833333333,26.911969246031745,27.440625,26.983309811827958,27.286336805555557,0,0,0.0013020833333333539,0,0.025297619047618392,0,0.019690860215053882,0,0,6,35,-1.6496040282901814,51.61290322580645,48.38709677419355,22.58064516129032,51.61290322580645,0,25.806451612903224,0,0,0,0,0,0
285-564MYK-CIMI-CR-23-JL,564,MYK,2022-12-21,07:02:00,JL,Mesas,M,1.9,M,NA,NA,NA,NA,NA,NA,NA,NA,NA,NA,NA,NA,NA,NA,27.9075,27.909602272727273,27.685944010416666,27.945104166666667,27.56877976190476,27.962473958333334,27.199270833333333,28.2459375,0,0,0,0,0,0,0.017271505376344847,0,0,9,60,-1.8760946309133768,55.932203389830505,44.06779661016949,37.28813559322034,55.932203389830505,0,6.779661016949152,0,0,0,0,0,0
286-649MYK-CIMI-CR-23-JL,649,MYK,2023-01-11,13:40:00,MC,Mesas,M,2,M,NA,NA,NA,NA,NA,NA,NA,NA,NA,NA,NA,NA,NA,NA,28.14640625,27.813001893939393,27.90890625,27.979930555555555,27.9615873015873,27.906328125,27.95306115591398,27.827309027777776,0,0,0,0,0,0,0,0,0,11,33,3.6085152199196737,33.33333333333333,66.66666666666666,60.60606060606061,33.33333333333333,3.0303030303030303,0,0,3.0303030303030303,0,0,0,0
287-772MYK-CIMI-CR-23-JL,772,MYK,2023-02-09,14:05:00,AW,Mesas,M,2,M,NA,NA,NA,NA,NA,NA,NA,NA,NA,NA,NA,NA,NA,NA,29.33802083333333,28.781022727272727,28.63865234375,29.345659722222223,28.627599206349206,29.110911458333334,28.3683731092437,28.77722222222222,0,0,0,0,0,0,0,0,0,8,28,1.2538133404443133,46.42857142857143,53.57142857142857,53.57142857142857,46.42857142857143,0,0,0,0,0,0,0,0
289-861MYK-CIMI-CR-23-JL,861,MYK,2023-02-27,10:00:00,AW,Mesas,M,2.1,M,NA,NA,NA,NA,NA,552.4254816568041,1002.4286591715966,1002.4286591715966,NA,NA,NA,552.4254816568041,1002.4286591715966,1002.4286591715966,28.61453125,28.86654356060606,28.839641927083335,28.74888888888889,28.933005952380952,28.7896875,28.769069220430108,28.8228125,0,0,0,0,0,0,0,0,0,8,17,2.673469205598519,17.647058823529413,82.35294117647058,47.05882352941176,17.647058823529413,17.647058823529413,0,0,11.76470588235294,5.88235294117647,0,0,0
290-908MYK-CIMI-CR-23-JL,908,MYK,2023-03-03,13:37:00,AW,Mesas,M,2.1,M,NA,NA,NA,NA,NA,1452.431836686389,1452.431836686389,1452.431836686389,1002.4286591715966,1002.4286591715966,1002.4286591715966,1002.4286591715966,1002.4286591715966,1002.4286591715966,29.694114583333334,29.0703125,28.98751953125,29.434652777777778,28.951150793650793,29.324427083333333,28.898692876344086,29.08779513888889,0,0,0,0,0,0,0,0,0,8,41,-0.4239617729197484,26.82926829268293,73.17073170731707,68.29268292682927,26.82926829268293,4.878048780487805,0,0,0,0,0,0,0
291-997MYK-CIMI-CR-23-JL,997,MYK,2023-03-17,12:12:00,JL,Mesas,M,2.1,M,3.81,0,1.68,8.48,13.97,744.9411742041993,744.9411742041993,744.9411742041993,744.9411742041993,744.9411742041993,744.9411742041993,744.9411742041993,744.9411742041993,744.9411742041993,26.69078125,27.578589015151515,28.207180989583332,26.38451388888889,28.355763888888887,26.35765625,28.514899193548384,26.377569444444443,0.296875,0.14526515151515174,0.09986979166666722,0.4243055555555555,0.07609126984126889,0.3192708333333331,0.05154569892473261,0.31166666666666626,0.25972222222222185,10,45,1.0597997306605405,33.33333333333333,66.66666666666666,46.666666666666664,31.11111111111111,2.2222222222222223,0,2.2222222222222223,17.77777777777778,0,0,0,0
292-1069MYK-CIMI-CR-23-JL,1069,MYK,2023-04-04,10:57:00,JL,Mesas,M,2.2,M,NA,NA,NA,NA,NA,NA,NA,NA,NA,NA,NA,NA,NA,NA,29.4453125,29.166107954545453,29.278665364583333,29.215381944444445,28.787435515873014,28.99921875,28.61469422043011,28.8828125,0.0010416666666666673,1.893939393939423e-4,1.3020833333333358e-4,6.944444444444461e-4,0.06091269841269952,5.208333333333344e-4,0.05174731182795737,4.1666666666666664e-4,3.472222222222232e-4,5,17,-0.32653079440148053,35.294117647058826,64.70588235294117,64.70588235294117,35.294117647058826,0,0,0,0,0,0,0,0
293-1188MYK-CIMI-CR-23-JL,1188,MYK,2023-04-20,12:23:00,AW,Mesas,M,2.2,M,NA,NA,NA,NA,NA,588.8838857142944,588.8838857142944,588.8838857142944,588.8838857142944,588.8838857142944,588.8838857142944,588.8838857142944,588.8838857142944,588.8838857142944,30.735052083333333,30.280265151515152,30.023951822916665,30.436458333333334,29.743506944444444,30.310911458333333,29.640332661290323,30.35767361111111,0,0,0,0,9.920634920634955e-5,0,6.720430107527035e-5,0,0,6,20,0.28629033328373593,40,60,55.00000000000001,35,5,0,5,0,0,0,0,0
294-1308MYK-CIMI-CR-23-JL,1308,MYK,2023-05-16,13:15:00,AW,Mesas,M,2.3,M,NA,NA,NA,NA,NA,195.37402698224832,195.37402698224832,195.37402698224832,195.37402698224832,358.406545798822,534.4077885601677,195.37402698224832,358.406545798822,534.4077885601677,29.75859375,31.16528409090909,31.2184765625,30.436319444444443,30.64986111111111,30.669322916666665,30.32646505376344,30.924149305555556,0,0,7.812500000000217e-4,0,9.920634920634953e-4,0,0.004637096774193507,0,0,7,45,-1.9402002693394595,31.11111111111111,68.88888888888889,66.66666666666666,28.888888888888886,0,0,2.2222222222222223,2.2222222222222223,0,0,0,0
295-1368MYK-CIMI-CR-23-JL,1368,MYK,2023-06-05,10:03:00,EM,Mesas,M,2.4,M,NA,NA,NA,NA,NA,NA,NA,NA,NA,NA,NA,NA,NA,NA,27.431354166666665,27.928446969696967,28.504973958333334,27.572743055555556,29.064915674603174,27.58859375,29.82814180107527,27.355381944444446,0.11874999999999998,0.1937500000000001,0.17187499999999994,0.07916666666666655,0.13095238095238193,0.06927083333333343,0.08870967741935268,0.0587500000000001,0.062499999999999986,2,14,-2.9393519220866975,64.28571428571429,35.714285714285715,35.714285714285715,64.28571428571429,0,0,0,0,0,0,0,0
296-1440MYK-CIMI-CR-23-JL,1440,MYK,2023-06-21,14:05:00,AW,Mesas,M,2.4,M,NA,NA,NA,NA,NA,364.8795607923921,364.8795607923921,364.8795607923921,364.670078106522,364.670078106522,364.670078106522,364.8795607923921,364.8795607923921,364.8795607923921,29.19609375,28.297320075757575,27.87169921875,29.467569444444443,27.77952380952381,29.029765625,28.097405913978495,28.471440972222222,0.2604166666666666,0.1806818181818188,0.14179687500000035,0.17430555555555546,0.12202380952380898,0.13177083333333303,0.16189516129032244,0.12666666666666715,0.10555555555555601,3,8,-1.1649941774571302,25,75,75,25,0,0,0,0,0,0,0,0
297-1445MYK-CIMI-CR-23-JL,1445,MYK,2023-06-22,10:35:00,AW,Mesas,M,2.4,M,5.9,0,0.29,23.3,29.490000000000002,365.0890434782622,365.0890434782622,365.0890434782622,364.8795607923921,364.8795607923921,364.8795607923921,364.8795607923921,364.8795607923921,364.8795607923921,27.186666666666667,28.14936553030303,27.801158854166665,28.365381944444444,27.76216765873016,28.776666666666667,27.988225806451613,28.388784722222223,0.3531250000000006,0.1973484848484854,0.13958333333333284,0.2354166666666665,0.13005952380952446,0.17708333333333343,0.16787634408602203,0.1425000000000006,0.1364583333333337,3,12,-1.6812326738768417,33.33333333333333,66.66666666666666,66.66666666666666,33.33333333333333,0,0,0,0,0,0,0,0
298-1476MYK-CIMI-CR-23-JL,1476,MYK,2023-07-04,10:14:00,EM,Mesas,M,2.4,M,NA,NA,NA,NA,NA,882.1643218935228,882.1643218935228,882.1643218935228,NA,NA,NA,882.1643218935228,882.1643218935228,882.1643218935228,28.624915254237287,28.509533622559655,28.51839514978602,28.40690058479532,28.174272051009563,28.116108949416343,27.999254046446165,28.93986636971047,0.0169491525423729,0.08069414316702779,0.10156918687589137,0.126315789473684,0.14835281615303098,0.23735408560311338,0.11710063335679038,0.17393767705382404,0.1367483296213809,4,20,-1.7137096667162641,50,50,50,50,0,0,0,0,0,0,0,0
299-238PAC-CIMI-CR-23-JL,238,PAC,2022-10-18,11:12:00,JL,Palmas,M,5.3,M,NA,NA,NA,NA,NA,NA,NA,NA,NA,NA,NA,NA,NA,NA,26.568125,26.48410984848485,26.720618489583334,26.371354166666666,26.537256944444444,26.487890625,26.338004032258066,26.52861111111111,0.02083333333333334,0.17121212121212093,0.11940104166666524,0.11180555555555542,0.11954365079365015,0.18489583333333345,0.12668010752688236,0.22666666666666685,0.23055555555555615,NA,NA,NA,NA,NA,NA,NA,NA,NA,NA,NA,NA,NA,NA,NA
300-628PAC-CIMI-CR-23-JL,628,PAC,2023-01-09,12:40:00,JL,Palmas,M,5.5,M,NA,NA,NA,NA,NA,NA,NA,NA,NA,NA,NA,NA,NA,NA,27.66625,27.843380681818182,27.902154947916667,27.731979166666665,27.938834325396826,27.667760416666667,27.906377688172043,27.8265625,0,0,0,0,0,0,0,0,0,2,6,-1.9068749292472744,83.33333333333334,16.666666666666664,16.666666666666664,83.33333333333334,0,0,0,0,0,0,0,0
301-922PAC-CIMI-CR-23-JL,922,PAC,2023-03-07,15:11:00,JCO,Palmas,M,5.7,M,NA,NA,NA,NA,NA,NA,NA,NA,NA,NA,NA,NA,NA,NA,28.853854166666668,29.205085227272725,29.175930989583332,29.152604166666666,29.035560515873016,29.427890625,28.995850134408602,29.516631944444445,0,0,0,0,0,0,0,0,0,8,17,2.673469205598519,41.17647058823529,58.82352941176471,31.25,43.75,18.75,0,0,0,6.25,0,0,0
302-1229PAC-CIMI-CR-23-JL,1229,PAC,2023-04-27,13:00:00,MC,Palmas,M,5.8,M,NA,NA,NA,NA,NA,NA,NA,NA,NA,NA,NA,NA,NA,NA,28.863802083333333,29.433882575757575,29.719348958333335,29.03472222222222,29.708179563492063,28.724114583333332,29.51167002688172,28.659131944444443,0,0.011174242424242444,0.007682291666666617,6.944444444444462e-4,0.005853174603174531,0.014583333333333292,0.004032258064516199,0.01208333333333332,0.020486111111111024,5,11,0.4478269502280863,45.45454545454545,54.54545454545454,36.36363636363637,45.45454545454545,18.181818181818183,0,0,0,0,0,0,0
304-1452PAC-CIMI-CR-23-JL,1452,PAC,2023-06-22,12:40:00,Other,Palmas,M,6,M,NA,NA,NA,NA,NA,NA,NA,NA,495.73750295857934,495.73750295857934,495.73750295857934,495.73750295857934,495.73750295857934,495.73750295857934,27.186666666666667,28.14936553030303,27.801158854166665,28.365381944444444,27.76216765873016,28.776666666666667,27.988225806451613,28.388784722222223,0.3531250000000006,0.1973484848484854,0.13958333333333284,0.2354166666666665,0.13005952380952446,0.17708333333333343,0.16787634408602203,0.1425000000000006,0.1364583333333337,3,8,-1.1649941774571302,75,25,25,75,0,0,0,0,0,0,0,0
305-159PAP-CIMI-CR-23-JL,159,PAP,2022-09-30,09:12:00,SK,Palmas,M,12.3,M,NA,NA,NA,NA,NA,NA,NA,NA,NA,NA,NA,NA,NA,NA,26.352916666666665,26.071685606060605,26.00693359375,26.217534722222222,26.00781746031746,26.045442708333333,26.155040322580646,25.917413194444443,0.06666666666666664,0.16496212121212142,0.14114583333333372,0.18611111111111137,0.1335317460317466,0.1958333333333336,0.15430107526881726,0.2504166666666671,0.21493055555555585,NA,NA,NA,NA,NA,NA,NA,NA,NA,NA,NA,NA,NA,NA,NA
306-240PAP-CIMI-CR-23-JL,240,PAP,2022-10-19,07:58:00,JL,Palmas,M,12.3,M,NA,NA,NA,NA,NA,NA,NA,NA,NA,NA,NA,NA,NA,NA,27.341927083333335,26.597367424242425,26.747610677083333,26.98888888888889,26.626954365079364,26.736119791666667,26.415272177419354,26.66699652777778,0.015625,0.16401515151515145,0.11940104166666532,0.01388888888888891,0.09930555555555598,0.08385416666666713,0.12647849462365643,0.14791666666666636,0.18888888888888822,NA,NA,NA,NA,NA,NA,NA,NA,NA,NA,NA,NA,NA,NA,NA
307-348PAP-CIMI-CR-23-JL,348,PAP,2022-11-11,11:50:00,JL,Palmas,M,12.4,M,NA,NA,NA,NA,NA,NA,NA,NA,NA,NA,NA,NA,NA,NA,25.776302083333334,25.48224431818182,26.061354166666668,25.661597222222223,26.35215277777778,25.598255208333335,26.501841397849464,25.058107638888888,0.1822916666666668,0.3039772727272723,0.2092447916666677,0.12291666666666659,0.17916666666666703,0.21822916666666636,0.17594086021505356,0.2874999999999994,0.40659722222222267,3,17,-2.326530794401481,82.35294117647058,17.647058823529413,17.647058823529413,82.35294117647058,0,0,0,0,0,0,0,0
308-390PAP-CIMI-CR-23-JL,390,PAP,2022-11-21,15:14:00,ER,Palmas,M,12.4,M,NA,NA,NA,NA,NA,NA,NA,NA,NA,NA,NA,NA,NA,NA,27.323541666666667,27.03501893939394,26.3775,27.07611111111111,26.285525793650795,27.345078125,26.61569556451613,27.514131944444443,0.002083333333333334,0.02140151515151508,0.1575520833333321,0.0013888888888888922,0.16309523809523502,0.0010416666666666688,0.12399193548387032,8.333333333333314e-4,0.0010416666666666684,4,16,-1.1974711702965528,75,25,12.5,75,12.5,0,0,0,0,0,0,0
309-598PAP-CIMI-CR-23-JL,598,PAP,2023-01-04,13:40:00,MC,Palmas,M,12.5,M,NA,NA,NA,NA,NA,NA,NA,NA,NA,NA,NA,NA,NA,NA,28.164114583333333,27.981051136363636,28.004537760416667,27.736527777777777,28.072757936507937,27.751822916666665,27.79981182795699,27.93904513888889,0,0,0,0,0,0,0,0,0,3,11,-1.5521730497719137,36.36363636363637,63.63636363636363,63.63636363636363,36.36363636363637,0,0,0,0,0,0,0,0
310-916PAP-CIMI-CR-23-JL,916,PAP,2023-03-07,05:52:00,JL,Palmas,M,12.7,M,NA,NA,NA,NA,NA,NA,NA,NA,NA,NA,NA,NA,NA,NA,28.853854166666668,29.205085227272725,29.175930989583332,29.152604166666666,29.035560515873016,29.427890625,28.995850134408602,29.516631944444445,0,0,0,0,0,0,0,0,0,6,18,0.5444095814935915,55.55555555555556,44.44444444444444,38.88888888888889,55.55555555555556,0,5.555555555555555,0,0,0,0,0,0
311-1031PAP-CIMI-CR-23-JL,1031,PAP,2023-03-23,10:53:00,EM,Palmas,M,12.7,M,NA,NA,NA,NA,NA,NA,NA,NA,NA,NA,NA,NA,NA,NA,29.144114583333334,27.819261363636365,28.05279296875,29.238020833333334,28.390863095238096,29.42640625,28.591280241935486,29.104930555555555,0,0.14204545454545545,0.10013020833333375,0,0.0762896825396837,0,0.05168010752688271,0,6.944444444444465e-4,6,16,0.8025288297034473,68.75,31.25,18.75,62.5,6.25,0,6.25,0,6.25,0,0,0
312-1317PAP-CIMI-CR-23-JL,1317,PAP,2023-05-17,10:23:00,EM,Palmas,M,12.9,M,NA,NA,NA,NA,NA,NA,NA,NA,NA,NA,NA,NA,NA,NA,29.394791666666666,31.082727272727272,31.229108072916667,29.932604166666668,30.705114087301588,30.397395833333334,30.321703629032257,30.772291666666668,0,0,0,0,9.920634920634953e-4,0,0.004637096774193515,0,0,3,11,-1.5521730497719137,81.81818181818183,18.181818181818183,18.181818181818183,81.81818181818183,0,0,0,0,0,0,0,0
313-145PAT-CIMI-CR-23-JL,145,PAT,2022-09-28,09:15:00,JCO,Palmas,F,15.3,Cycling,NA,NA,NA,NA,NA,NA,NA,NA,NA,NA,NA,NA,NA,NA,25.73796875,25.922045454545454,25.892936197916665,25.595555555555556,25.98998015873016,25.699661458333335,26.120020161290324,26.100885416666667,0.3250000000000001,0.16742424242424334,0.15846354166666568,0.37291666666666645,0.1541666666666664,0.28906250000000006,0.15087365591397825,0.2891666666666668,0.24097222222222206,NA,NA,NA,NA,NA,NA,NA,NA,NA,NA,NA,NA,NA,NA,NA
314-252PAT-CIMI-CR-23-JL,252,PAT,2022-10-20,10:05:00,SK,Palmas,F,15.3,Pregnant,NA,NA,NA,NA,NA,1952.334990138089,1952.334990138089,1952.334990138089,NA,NA,NA,1952.334990138089,1952.334990138089,1952.334990138089,27.564739583333335,26.862765151515152,26.693678385416668,27.327638888888888,26.671631944444446,27.06643229166667,26.469284274193548,26.84684027777778,0.036458333333333315,0.14337121212121234,0.12395833333333277,0.03472222222222217,0.10208333333333373,0.028645833333333304,0.12385752688171982,0.08166666666666646,0.13541666666666696,NA,NA,NA,NA,NA,NA,NA,NA,NA,NA,NA,NA,NA,NA,NA
316-442PEA-CIMI-CR-23-JL,442,PEA,2022-12-06,14:29:00,AW,Palmas,F,11.4,Cycling,NA,NA,NA,NA,NA,NA,NA,NA,NA,NA,NA,NA,NA,NA,27.012447916666666,26.76994318181818,26.729108072916667,27.015868055555554,26.922718253968252,27.018671875,26.52684811827957,27.23878472222222,0,0.00965909090909084,0.03346354166666685,0,0.02559523809523777,0,0.0984543010752715,0,0,3,19,-2.5846500426113366,83.33333333333334,16.666666666666664,0,83.33333333333334,16.666666666666664,0,0,0,0,0,0,0
317-470PEA-CIMI-CR-23-JL,470,PEA,2022-12-09,10:56:00,JL,Palmas,F,11.4,Cycling,NA,NA,NA,NA,NA,NA,NA,NA,NA,NA,NA,NA,NA,NA,26.977760416666666,27.038295454545455,26.800364583333334,27.10482638888889,26.801671626984128,27.194479166666667,26.783319892473116,27.060347222222223,0,0.0013257575757575845,0.03320312500000002,0,0.02549603174603226,0,0.03165322580645192,0,0,4,16,-1.1974711702965528,73.33333333333333,26.666666666666668,13.333333333333334,73.33333333333333,13.333333333333334,0,0,0,0,0,0,0
318-1219PEA-CIMI-CR-23-JL,1219,PEA,2023-04-26,09:05:00,PEA,Palmas,F,11.8,Cycling,NA,NA,NA,NA,NA,NA,NA,NA,NA,NA,NA,NA,NA,NA,29.2484375,29.599422348484847,29.817942708333334,28.763055555555557,29.747991071428572,28.661692708333334,29.546532258064516,28.986961805555556,0.001041666666666667,0.011174242424242479,0.007682291666666603,0.01944444444444443,0.005853174603174533,0.015104166666666646,0.004032258064516204,0.024583333333333426,0.020486111111111104,5,7,0.9640654466477976,57.14285714285714,42.857142857142854,42.857142857142854,42.857142857142854,0,0,14.285714285714285,0,0,0,0,0
319-1223PEA-CIMI-CR-23-JL,1223,PEA,2023-04-27,08:35:00,EM,Palmas,F,11.8,Cycling,NA,NA,NA,NA,NA,NA,NA,NA,NA,NA,NA,NA,NA,NA,28.863802083333333,29.433882575757575,29.719348958333335,29.03472222222222,29.708179563492063,28.724114583333332,29.51167002688172,28.659131944444443,0,0.011174242424242444,0.007682291666666617,6.944444444444462e-4,0.005853174603174531,0.014583333333333292,0.004032258064516199,0.01208333333333332,0.020486111111111024,5,7,0.9640654466477976,42.857142857142854,57.14285714285714,57.14285714285714,28.57142857142857,0,0,14.285714285714285,0,0,0,0,0
320-1435PEA-CIMI-CR-23-JL,1435,PEA,2023-06-20,15:44:00,JL,Palmas,F,12,Cycling,NA,NA,NA,NA,NA,NA,NA,NA,NA,NA,NA,NA,NA,NA,30.366666666666667,28.1896875,27.860169270833335,29.483229166666668,27.733814484126984,28.98984375,28.205077284946235,28.226336805555555,0.001041666666666667,0.13465909090909203,0.10950520833333374,0.002083333333333335,0.10109126984126973,0.028125,0.1450940860215045,0.022500000000000027,0.038888888888888695,4,7,-0.035934553352202456,42.857142857142854,57.14285714285714,57.14285714285714,42.857142857142854,0,0,0,0,0,0,0,0
321-140PEA-CIMI-CR-23-JL,140,PEA,2022-09-23,11:04:00,JL,Palmas,F,11.2,Lactating,NA,NA,NA,NA,NA,NA,NA,NA,NA,NA,NA,NA,NA,NA,26.14703125,25.865823863636365,26.001666666666665,26.173368055555557,26.18687996031746,26.079947916666665,26.180771118121275,25.896597222222223,0.03958333333333326,0.09905303030303064,0.11197916666666627,0.027083333333333407,0.13144841269841326,0.058854166666666735,0.1270241850683485,0.07791666666666652,0.06597222222222233,NA,NA,NA,NA,NA,NA,NA,NA,NA,NA,NA,NA,NA,NA,NA
322-194PED-CIMI-CR-23-JL,194,PED,2022-10-07,09:15:00,AW,Tenori,M,12.3,M,NA,NA,NA,NA,NA,693.0839403550318,693.0839403550318,693.0839403550318,693.0839403550318,693.0839403550318,693.0839403550318,693.0839403550318,693.0839403550318,693.0839403550318,26.666145833333335,26.49875946969697,26.37921223958333,26.88138888888889,26.250406746031747,27.201536458333333,26.213548387096775,26.98342013888889,0.013541666666666693,0.07746212121212086,0.1079427083333325,0.009027777777777753,0.10535714285714215,0.006770833333333317,0.12553763440860227,0.005416666666666692,0.004513888888888863,NA,NA,NA,NA,NA,NA,NA,NA,NA,NA,NA,NA,NA,NA,NA
323-333PED-CIMI-CR-23-JL,333,PED,2022-11-09,06:55:00,JCO,Tenori,M,12.4,M,NA,NA,NA,NA,NA,652.6764135925666,539.0267492983974,587.0567980684724,NA,NA,NA,652.6764135925666,539.0267492983974,587.0567980684724,25.420208333333335,25.66498106060606,26.298769531250002,24.87878472222222,26.457698412698413,24.699010416666667,26.574290994623656,24.81939236111111,0.2541666666666663,0.2712121212121224,0.19804687499999865,0.35763888888888956,0.17619047619047817,0.518750000000001,0.16787634408602312,0.4562500000000005,0.395833333333333,3,16,-2.197471170296553,43.75,56.25,12.5,43.75,0,43.75,0,0,0,0,0,0
324-339PED-CIMI-CR-23-JL,339,PED,2022-11-10,09:39:00,AW,Tenori,M,12.4,M,12.6,0.48,0.2,26.7,39.98,652.6764135925666,587.0567980684724,587.0567980684724,862.5606702958762,862.5606702958762,862.5606702958762,652.6764135925666,587.0567980684724,587.0567980684724,25.64546875,25.580549242424244,26.213854166666668,25.566388888888888,26.389112103174604,25.123776041666666,26.554354838709678,24.90798611111111,0.10729166666666658,0.2903409090909088,0.19973958333333072,0.23958333333333326,0.18273809523809417,0.3208333333333337,0.17190860215053982,0.45708333333333273,0.4152777777777773,3,21,-2.842769290821192,33.33333333333333,66.66666666666666,9.523809523809524,33.33333333333333,0,57.14285714285714,0,0,0,0,0,0
325-372PED-CIMI-CR-23-JL,372,PED,2022-11-17,08:58:00,AM,Tenori,M,12.4,M,NA,NA,NA,NA,NA,NA,NA,NA,521.4371825443782,521.4371825443782,587.0567980684724,521.4371825443782,521.4371825443782,587.0567980684724,27.852239583333333,26.227272727272727,25.979915364583334,27.610208333333333,26.2531001984127,27.227369791666668,26.585779569892473,27.051840277777778,0.001041666666666667,0.13768939393939233,0.2119791666666659,6.944444444444461e-4,0.16309523809523815,0.018750000000000103,0.13461021505376197,0.015000000000000032,0.012847222222222216,4,38,-4.036782900604965,39.473684210526315,60.526315789473685,7.894736842105263,39.473684210526315,0,50,0,0,2.631578947368421,0,0,0
326-456PED-CIMI-CR-23-JL,456,PED,2022-12-08,09:58:00,AG,Tenori,M,12.4,M,NA,NA,NA,NA,NA,371.1444023668772,428.2023608354903,428.2023608354903,371.1444023668772,371.1444023668772,371.1444023668772,371.1444023668772,428.2023608354903,428.2023608354903,27.174895833333334,27.008579545454545,26.776510416666667,27.27107638888889,26.858209325396825,27.093671875,26.733111559139786,27.07074652777778,0,0.0018939393939393656,0.033203125000000014,0,0.025496031746032176,0,0.04791666666666738,0,0,5,31,-2.1333655318704703,56.666666666666664,43.333333333333336,16.666666666666664,56.666666666666664,6.666666666666667,20,0,0,0,0,0,0
327-532PED-CIMI-CR-23-JL,532,PED,2022-12-16,08:28:00,EM,Tenori,M,12.5,M,NA,NA,NA,NA,NA,NA,NA,NA,NA,456.73134006979683,456.73134006979683,NA,456.73134006979683,456.73134006979683,28.237552083333334,27.470899621212123,27.384322916666665,27.87982638888889,27.104087301587303,27.86328125,27.09979166666667,27.70173611111111,0,0,0,0,0.005059523809523744,0,0.017338709677419854,0,0,9,63,-2.2632735032281603,44.26229508196721,55.73770491803278,16.39344262295082,44.26229508196721,6.557377049180328,32.78688524590164,0,0,0,0,0,0
328-604PED-CIMI-CR-23-JL,604,PED,2023-01-05,10:35:00,MC,Tenori,M,12.5,M,NA,NA,NA,NA,NA,NA,NA,NA,NA,NA,NA,NA,NA,NA,28.144166666666667,27.96005681818182,28.000716145833334,28.100034722222222,28.081195436507937,27.795364583333335,27.845309139784945,27.84951388888889,0,0,0,0,0,0,0,0,0,4,16,-1.1974711702965528,56.25,43.75,31.25,56.25,0,12.5,0,0,0,0,0,0
329-667PED-CIMI-CR-23-JL,667,PED,2023-01-16,09:48:00,AW,Tenori,M,12.6,M,NA,NA,NA,NA,NA,532.8519431952658,532.8519431952658,532.8519431952658,532.8519431952658,532.8519431952658,532.8519431952658,532.8519431952658,532.8519431952658,532.8519431952658,26.399479166666666,27.64027488151659,27.688918566775243,26.840104166666666,27.79158312655087,27.155546875,27.905499159663865,27.54269565217391,0,0,0,0,0,0,0,0,0,9,37,1.0922767234999629,43.24324324324324,56.75675675675676,45.94594594594595,43.24324324324324,0,10.81081081081081,0,0,0,0,0,0
331-815PED-CIMI-CR-23-JL,815,PED,2023-02-20,16:26:00,JL,Tenori,M,12.6,M,NA,NA,NA,NA,NA,NA,NA,NA,NA,NA,NA,NA,NA,NA,28.878125,28.825492424242423,28.836647135416666,28.751354166666665,28.8234126984127,28.7640625,28.691609543010753,28.71029513888889,0,0,0,0,0,0,0,0,0,8,27,1.3828729645492412,26.923076923076923,73.07692307692307,42.30769230769231,26.923076923076923,26.923076923076923,3.8461538461538463,0,0,0,0,0,0
332-915PED-CIMI-CR-23-JL,915,PED,2023-03-07,10:05:00,VM,Tenori,M,12.7,M,NA,NA,NA,NA,NA,NA,NA,NA,NA,NA,NA,NA,NA,NA,28.853854166666668,29.205085227272725,29.175930989583332,29.152604166666666,29.035560515873016,29.427890625,28.995850134408602,29.516631944444445,0,0,0,0,0,0,0,0,0,11,58,0.38202461729647885,44.642857142857146,55.35714285714286,51.78571428571429,42.857142857142854,3.571428571428571,0,1.7857142857142856,0,0,0,0,0
333-1042PED-CIMI-CR-23-JL,1042,PED,2023-03-28,07:00:00,AW,Tenori,M,12.7,M,NA,NA,NA,NA,NA,NA,NA,NA,NA,NA,NA,NA,NA,NA,29.55984375,29.351344696969697,28.390442708333335,29.54875,28.43237599206349,29.57734375,28.687684811827957,29.56675347222222,0,3.787878787878855e-4,0.09765625000000001,0,0.07628968253968375,0,0.05168010752688096,0,0,8,19,2.4153499573886634,52.63157894736842,47.368421052631575,42.10526315789473,47.368421052631575,5.263157894736842,0,5.263157894736842,0,0,0,0,0
334-1091PED-CIMI-CR-23-JL,1091,PED,2023-04-06,09:50:00,VM,Tenori,M,12.8,M,NA,NA,NA,NA,NA,NA,NA,1305.0569904415208,NA,NA,NA,NA,NA,1305.0569904415208,29.520260416666666,29.15254734848485,29.255110677083334,29.474895833333335,29.092410714285716,29.482786458333333,28.638309811827956,29.172899305555557,0,1.8939393939394102e-4,1.302083333333327e-4,0,0.028472222222222877,5.208333333333344e-4,0.05174731182795766,4.166666666666668e-4,3.4722222222222327e-4,7,21,1.157230709178808,42.857142857142854,57.14285714285714,52.38095238095239,33.33333333333333,0,0,9.523809523809524,0,4.761904761904762,0,0,0
335-1136PED-CIMI-CR-23-JL,1136,PED,2023-04-12,10:36:00,AW,Tenori,M,12.8,M,NA,NA,NA,NA,NA,1305.0569904415208,1305.0569904415208,1305.0569904415208,1305.0569904415208,1305.0569904415208,1305.0569904415208,1305.0569904415208,1305.0569904415208,1305.0569904415208,30.354114583333335,29.59748106060606,29.3672265625,30.20861111111111,29.421165674603174,30.12734375,28.861001344086024,29.81427083333333,0,1.8939393939394219e-4,1.3020833333333116e-4,0,9.920634920634955e-5,0,0.05047043010752906,0,0,7,26,0.511932588654169,42.30769230769231,57.692307692307686,53.84615384615385,34.61538461538461,0,0,7.6923076923076925,0,3.8461538461538463,0,0,0
336-1230PED-CIMI-CR-23-JL,1230,PED,2023-04-28,06:20:00,VM,Tenori,M,12.8,M,NA,NA,NA,NA,NA,NA,NA,NA,NA,NA,NA,NA,NA,NA,28.69713541666667,29.329583333333332,29.6108203125,28.838194444444444,29.71734126984127,28.97278645833333,29.49087365591398,28.673506944444444,0,0.011174242424242435,0.007682291666666629,0,0.005853174603174531,5.208333333333344e-4,0.00403225806451619,0.011666666666666626,0.010069444444444426,4,9,-0.294053801562058,44.44444444444444,55.55555555555556,55.55555555555556,44.44444444444444,0,0,0,0,0,0,0,0
337-1330PED-CIMI-CR-23-JL,1330,PED,2023-05-23,13:09:00,JL,Tenori,M,12.9,M,NA,NA,NA,NA,NA,NA,NA,NA,NA,NA,NA,NA,NA,NA,30.102083333333333,30.87848484848485,31.08869140625,30.403784722222223,31.219419642857144,30.760729166666668,30.52127688172043,31.117569444444445,0,0,0,0,0,0,0.0026209677419353973,0,0,5,11,0.4478269502280863,45.45454545454545,54.54545454545454,54.54545454545454,45.45454545454545,0,0,0,0,0,0,0,0
338-1376PED-CIMI-CR-23-JL,1376,PED,2023-06-06,09:10:00,JL,Tenori,M,12.9,M,NA,NA,NA,NA,NA,1378.8052189349098,1378.8052189349098,1378.8052189349098,1378.8052189349098,1378.8052189349098,1378.8052189349098,1378.8052189349098,1378.8052189349098,1378.8052189349098,27.65875,27.803901515151516,28.306562500000002,27.565104166666668,29.032708333333336,27.637708333333332,29.719879032258067,27.542569444444446,0.11249999999999993,0.21363636363636318,0.1856770833333345,0.15277777777777757,0.141468253968253,0.1145833333333333,0.09583333333333438,0.09958333333333333,0.08576388888888875,5,22,-0.9718289149261198,66.66666666666666,33.33333333333333,33.33333333333333,66.66666666666666,0,0,0,0,0,0,0,0
339-1458PED-CIMI-CR-23-JL,1458,PED,2023-06-26,10:49:00,Other,Tenori,M,13,M,NA,NA,NA,NA,NA,NA,NA,NA,NA,NA,NA,NA,NA,NA,27.956458333333334,28.074753787878787,28.079010416666666,27.906423611111112,27.80670634920635,27.822421875,27.80487567204301,27.610503472222224,0.015625,0.0784090909090911,0.138541666666666,0.014583333333333339,0.11894841269841175,0.010937499999999978,0.14926075268817024,0.04583333333333361,0.12500000000000006,6,18,0.5444095814935915,55.55555555555556,44.44444444444444,44.44444444444444,55.55555555555556,0,0,0,0,0,0,0,0
341-247PEN-CIMI-CR-23-JL,247,PEN,2022-10-19,12:24:00,WEA,Palmas,F,20.3,Lactating,NA,NA,NA,NA,NA,NA,NA,NA,NA,NA,NA,NA,NA,NA,27.341927083333335,26.597367424242425,26.747610677083333,26.98888888888889,26.626954365079364,26.736119791666667,26.415272177419354,26.66699652777778,0.015625,0.16401515151515145,0.11940104166666532,0.01388888888888891,0.09930555555555598,0.08385416666666713,0.12647849462365643,0.14791666666666636,0.18888888888888822,NA,NA,NA,NA,NA,NA,NA,NA,NA,NA,NA,NA,NA,NA,NA
342-335PEN-CIMI-CR-23-JL,335,PEN,2022-11-10,08:52:00,JL,Palmas,F,20.4,Lactating,NA,NA,NA,NA,NA,NA,NA,NA,NA,NA,NA,NA,NA,NA,25.64546875,25.580549242424244,26.213854166666668,25.566388888888888,26.389112103174604,25.123776041666666,26.554354838709678,24.90798611111111,0.10729166666666658,0.2903409090909088,0.19973958333333072,0.23958333333333326,0.18273809523809417,0.3208333333333337,0.17190860215053982,0.45708333333333273,0.4152777777777773,4,14,-0.9393519220866972,57.14285714285714,42.857142857142854,42.857142857142854,57.14285714285714,0,0,0,0,0,0,0,0
343-549PEN-CIMI-CR-23-JL,549,PEN,2022-12-20,11:51:00,JL,Palmas,F,20.5,Lactating,NA,NA,NA,NA,NA,NA,NA,NA,NA,NA,NA,NA,NA,NA,28.026666666666667,27.85592803030303,27.609661458333335,28.02263888888889,27.487862103174603,28.253307291666665,27.18287298387097,28.248055555555556,0,0,0,0,6.944444444444166e-4,0,0.01727150537634478,0,0,5,22,-0.9718289149261198,54.54545454545454,45.45454545454545,36.36363636363637,54.54545454545454,9.090909090909092,0,0,0,0,0,0,0
346-1028PEN-CIMI-CR-23-JL,1028,PEN,2023-03-22,14:00:00,JL,Palmas,F,20.7,Lactating,NA,NA,NA,NA,NA,NA,NA,NA,1800.959816758928,1800.959816758928,1800.959816758928,1800.959816758928,1800.959816758928,1800.959816758928,29.274375,27.611789772727274,28.051796875,29.5134375,28.418055555555558,29.53578125,28.59658938172043,28.66362847222222,0,0.14204545454545525,0.1001302083333337,0,0.0762896825396837,0,0.05168010752688283,8.333333333333312e-4,0.09930555555555624,5,9,0.7059461984379419,33.33333333333333,66.66666666666666,66.66666666666666,33.33333333333333,0,0,0,0,0,0,0,0
347-1123PEN-CIMI-CR-23-JL,1123,PEN,2023-04-11,16:22:00,AW,Palmas,F,20.8,Lactating,NA,NA,NA,NA,NA,NA,NA,NA,NA,NA,NA,NA,NA,NA,30.051197916666666,29.39996212121212,29.315013020833334,29.9953125,29.354474206349206,29.941901041666668,28.74357190860215,29.634253472222223,0,1.8939393939394156e-4,1.3020833333333116e-4,0,9.920634920634955e-5,0,0.050470430107529024,0,0,4,9,-0.294053801562058,44.44444444444444,55.55555555555556,55.55555555555556,22.22222222222222,0,0,22.22222222222222,0,0,0,0,0
348-1154PEN-CIMI-CR-23-JL,1154,PEN,2023-04-14,09:51:00,JL,Palmas,F,20.8,Lactating,NA,NA,NA,NA,NA,NA,NA,NA,NA,NA,NA,NA,NA,NA,30.155520833333334,29.78375946969697,29.47087890625,30.27815972222222,29.479255952380953,30.254817708333334,29.121720430107526,30.136736111111112,0,0,1.3020833333333222e-4,0,9.920634920634955e-5,0,0.04126344086021346,0,0,6,18,0.5444095814935915,50,50,50,38.88888888888889,0,0,11.11111111111111,0,0,0,0,0
349-1210PEN-CIMI-CR-23-JL,1210,PEN,2023-04-24,14:37:00,EM,Palmas,F,20.8,Lactating,NA,NA,NA,NA,NA,NA,NA,NA,NA,NA,NA,NA,NA,NA,28.074947916666666,29.764232954545456,29.899459635416665,28.283541666666668,29.77106150793651,28.856223958333334,29.568881048387098,29.482499999999998,0.02916666666666667,0.010984848484848597,0.007552083333333237,0.04027777777777773,0.0057539682539683714,0.030208333333333306,0.003965053763440909,0.024166666666666715,0.020138888888888856,7,21,1.157230709178808,47.61904761904761,52.38095238095239,52.38095238095239,38.095238095238095,0,0,9.523809523809524,0,0,0,0,0
350-1222PEN-CIMI-CR-23-JL,1222,PEN,2023-04-27,11:54:00,EM,Palmas,F,20.8,Lactating,NA,NA,NA,NA,NA,NA,NA,NA,NA,NA,NA,NA,NA,NA,28.863802083333333,29.433882575757575,29.719348958333335,29.03472222222222,29.708179563492063,28.724114583333332,29.51167002688172,28.659131944444443,0,0.011174242424242444,0.007682291666666617,6.944444444444462e-4,0.005853174603174531,0.014583333333333292,0.004032258064516199,0.01208333333333332,0.020486111111111024,5,17,-0.32653079440148053,35.294117647058826,64.70588235294117,64.70588235294117,35.294117647058826,0,0,0,0,0,0,0,0
351-1424PEN-CIMI-CR-23-JL,1424,PEN,2023-06-19,14:52:00,JL,Palmas,F,21,Lactating,NA,NA,NA,NA,NA,2333.713296180735,2333.713296180735,2333.713296180735,NA,NA,NA,2333.713296180735,2333.713296180735,2333.713296180735,28.8634375,27.87035984848485,27.651106770833334,28.4121875,27.56796626984127,28.109114583333334,28.240843413978496,27.642708333333335,0.0031249999999999997,0.1352272727272734,0.12408854166666732,0.03750000000000015,0.18313492063491768,0.02812499999999991,0.14509408602150442,0.04666666666666652,0.23784722222222004,4,7,-0.035934553352202456,28.57142857142857,71.42857142857143,57.14285714285714,28.57142857142857,14.285714285714285,0,0,0,0,0,0,0
352-1436PEN-CIMI-CR-23-JL,1436,PEN,2023-06-20,16:03:00,JL,Palmas,F,21,Lactating,NA,NA,NA,NA,NA,2333.713296180735,2333.713296180735,2333.713296180735,2333.713296180735,2333.713296180735,2333.713296180735,2333.713296180735,2333.713296180735,2333.713296180735,30.366666666666667,28.1896875,27.860169270833335,29.483229166666668,27.733814484126984,28.98984375,28.205077284946235,28.226336805555555,0.001041666666666667,0.13465909090909203,0.10950520833333374,0.002083333333333335,0.10109126984126973,0.028125,0.1450940860215045,0.022500000000000027,0.038888888888888695,4,8,-0.16499417745713024,37.5,62.5,50,37.5,12.5,0,0,0,0,0,0,0
353-241PET-CIMI-CR-23-JL,241,PET,2022-10-19,10:19:00,JL,Palmas,F,20.3,Cycling,NA,NA,NA,NA,NA,NA,NA,NA,NA,NA,NA,NA,NA,NA,27.341927083333335,26.597367424242425,26.747610677083333,26.98888888888889,26.626954365079364,26.736119791666667,26.415272177419354,26.66699652777778,0.015625,0.16401515151515145,0.11940104166666532,0.01388888888888891,0.09930555555555598,0.08385416666666713,0.12647849462365643,0.14791666666666636,0.18888888888888822,NA,NA,NA,NA,NA,NA,NA,NA,NA,NA,NA,NA,NA,NA,NA
354-347PET-CIMI-CR-23-JL,347,PET,2022-11-11,12:16:00,JL,Palmas,F,20.4,Cycling,NA,NA,NA,NA,NA,NA,NA,NA,NA,NA,NA,NA,NA,NA,25.776302083333334,25.48224431818182,26.061354166666668,25.661597222222223,26.35215277777778,25.598255208333335,26.501841397849464,25.058107638888888,0.1822916666666668,0.3039772727272723,0.2092447916666677,0.12291666666666659,0.17916666666666703,0.21822916666666636,0.17594086021505356,0.2874999999999994,0.40659722222222267,2,12,-2.681232673876842,83.33333333333334,16.666666666666664,16.666666666666664,83.33333333333334,0,0,0,0,0,0,0,0
355-472PET-CIMI-CR-23-JL,472,PET,2022-12-09,10:38:00,JL,Palmas,F,20.5,Pregnant,NA,NA,NA,NA,NA,NA,NA,NA,NA,NA,NA,NA,NA,NA,26.977760416666666,27.038295454545455,26.800364583333334,27.10482638888889,26.801671626984128,27.194479166666667,26.783319892473116,27.060347222222223,0,0.0013257575757575845,0.03320312500000002,0,0.02549603174603226,0,0.03165322580645192,0,0,6,13,1.1897077020182307,23.076923076923077,76.92307692307693,61.53846153846154,23.076923076923077,15.384615384615385,0,0,0,0,0,0,0
356-548PET-CIMI-CR-23-JL,548,PET,2022-12-20,11:55:00,AW,Palmas,F,20.5,Pregnant,NA,NA,NA,NA,NA,NA,NA,NA,NA,NA,NA,NA,NA,NA,28.026666666666667,27.85592803030303,27.609661458333335,28.02263888888889,27.487862103174603,28.253307291666665,27.18287298387097,28.248055555555556,0,0,0,0,6.944444444444166e-4,0,0.01727150537634478,0,0,6,13,1.1897077020182307,30.76923076923077,69.23076923076923,53.84615384615385,30.76923076923077,15.384615384615385,0,0,0,0,0,0,0
357-821PET-CIMI-CR-23-JL,821,PET,2023-02-21,08:30:00,JL,Palmas,F,20.7,Pregnant,NA,NA,NA,NA,NA,NA,NA,NA,NA,NA,NA,NA,NA,NA,29.434375,28.885416666666668,28.94143229166667,29.098368055555557,28.839280753968254,28.948229166666668,28.73865255376344,28.927621527777777,0,0,0,0,0,0,0,0,0,4,8,-0.16499417745713024,37.5,62.5,12.5,37.5,50,0,0,0,0,0,0,0
358-932PET-CIMI-CR-23-JL,932,PET,2023-03-09,09:25:00,JL,Palmas,F,20.7,Pregnant,NA,NA,NA,NA,NA,NA,NA,NA,NA,NA,NA,NA,NA,NA,28.963020833333335,29.25691287878788,29.11701171875,29.02513888888889,29.069871031746032,28.9084375,29.049304435483872,29.272934027777776,0,0,0,0,0,0,0,0,0,3,8,-1.1649941774571302,37.5,62.5,62.5,37.5,0,0,0,0,0,0,0,0
359-1212PET-CIMI-CR-23-JL,1212,PET,2023-04-25,08:35:00,MC,Palmas,F,20.8,Pregnant,NA,NA,NA,NA,NA,NA,NA,NA,NA,NA,NA,NA,NA,NA,28.58442708333333,29.7225,29.8677734375,28.508819444444445,29.770699404761906,28.556796875,29.559637096774193,29.272586805555555,0.02916666666666663,0.01117424242424252,0.007682291666666589,0.02013888888888886,0.00585317460317453,0.030729166666666714,0.004032258064516209,0.024583333333333367,0.02048611111111111,4,8,-0.16499417745713024,37.5,62.5,62.5,37.5,0,0,0,0,0,0,0,0
360-135PIC-CIMI-CR-23-JL,135,PIC,2022-09-23,11:40:00,JCO,Palmas,M,8.2,M,NA,NA,NA,NA,NA,NA,NA,NA,NA,NA,NA,NA,NA,NA,26.14703125,25.865823863636365,26.001666666666665,26.173368055555557,26.18687996031746,26.079947916666665,26.180771118121275,25.896597222222223,0.03958333333333326,0.09905303030303064,0.11197916666666627,0.027083333333333407,0.13144841269841326,0.058854166666666735,0.1270241850683485,0.07791666666666652,0.06597222222222233,NA,NA,NA,NA,NA,NA,NA,NA,NA,NA,NA,NA,NA,NA,NA
361-539PIC-CIMI-CR-23-JL,539,PIC,2022-12-19,08:31:00,AG,Palmas,M,8.5,M,NA,NA,NA,NA,NA,NA,NA,NA,NA,NA,NA,NA,NA,NA,28.017447916666665,27.758806818181817,27.54651692708333,28.32673611111111,27.41921130952381,28.41515625,27.136041666666667,28.10328125,0,0,0,0,6.944444444444219e-4,0,0.017271505376344726,0,0,3,12,-1.6812326738768417,63.63636363636363,36.36363636363637,36.36363636363637,63.63636363636363,0,0,0,0,0,0,0,0
362-930PIC-CIMI-CR-23-JL,930,PIC,2023-03-09,11:57:00,JL,Palmas,M,8.7,M,NA,NA,NA,NA,NA,NA,NA,NA,NA,NA,NA,NA,NA,NA,28.963020833333335,29.25691287878788,29.11701171875,29.02513888888889,29.069871031746032,28.9084375,29.049304435483872,29.272934027777776,0,0,0,0,0,0,0,0,0,12,26,5.511932588654169,38.46153846153847,61.53846153846154,46.15384615384615,38.46153846153847,15.384615384615385,0,0,0,0,0,0,0
363-1010PIC-CIMI-CR-23-JL,1010,PIC,2023-03-21,12:47:00,AW,Palmas,M,8.7,M,NA,NA,NA,NA,NA,NA,NA,NA,NA,NA,NA,NA,NA,NA,29.70869791666667,27.613892045454545,28.016510416666666,29.673402777777778,28.408189484126986,29.085338541666665,28.574119623655914,28.287152777777777,0,0.14564393939393908,0.10013020833333368,0,0.07628968253968378,0.0010416666666666688,0.051680107526882915,0.11916666666666687,0.0996527777777782,9,14,4.060648077913303,42.857142857142854,57.14285714285714,50,35.714285714285715,7.142857142857142,0,7.142857142857142,0,0,0,0,0
364-144PIN-CIMI-CR-23-JL,144,PIN,2022-09-26,10:49:00,JCO,Palmas,M,15.2,M,NA,NA,NA,NA,NA,NA,NA,NA,NA,NA,NA,NA,NA,NA,25.661354166666666,25.991458333333334,25.98587890625,26.095659722222223,26.102911706349207,26.28234375,26.182253424657535,26.13451388888889,0.2531249999999997,0.1327651515151515,0.12486979166666694,0.2652777777777776,0.1447420634920632,0.19895833333333315,0.14041095890410954,0.17499999999999968,0.1461805555555551,NA,NA,NA,NA,NA,NA,NA,NA,NA,NA,NA,NA,NA,NA,NA
365-220PIN-CIMI-CR-23-JL,220,PIN,2022-10-13,09:11:00,LS,Palmas,M,15.3,M,NA,NA,NA,NA,NA,NA,NA,NA,NA,NA,NA,NA,NA,NA,27.195416666666667,26.850757575757576,26.569427083333334,27.23753472222222,26.465208333333333,27.04734375,26.2403561827957,26.52560763888889,0.1281249999999999,0.07064393939393966,0.08606770833333299,0.095138888888889,0.11418650793650752,0.09270833333333348,0.11250000000000053,0.1341666666666666,0.12500000000000008,NA,NA,NA,NA,NA,NA,NA,NA,NA,NA,NA,NA,NA,NA,NA
366-265PIN-CIMI-CR-23-JL,265,PIN,2022-10-21,13:33:00,JL,Palmas,M,15.3,M,NA,NA,NA,NA,NA,NA,NA,NA,NA,NA,NA,NA,NA,NA,26.88453125,26.862149621212122,26.641061197916667,27.199826388888887,26.677584325396825,27.113229166666667,26.490907258064517,26.78559027777778,0.1510416666666667,0.15643939393939404,0.13828125000000072,0.10069444444444428,0.10734126984126921,0.0833333333333331,0.12627688172043042,0.06875000000000017,0.10625000000000025,NA,NA,NA,NA,NA,NA,NA,NA,NA,NA,NA,NA,NA,NA,NA
367-469PIN-CIMI-CR-23-JL,469,PIN,2022-12-09,12:10:00,JL,Palmas,M,15.5,M,NA,NA,NA,NA,NA,NA,NA,NA,NA,NA,NA,NA,NA,NA,26.977760416666666,27.038295454545455,26.800364583333334,27.10482638888889,26.801671626984128,27.194479166666667,26.783319892473116,27.060347222222223,0,0.0013257575757575845,0.03320312500000002,0,0.02549603174603226,0,0.03165322580645192,0,0,3,10,-1.4231134256669857,80,20,10,80,10,0,0,0,0,0,0,0
368-1025PIN-CIMI-CR-23-JL,1025,PIN,2023-03-22,14:26:00,JL,Palmas,M,15.7,M,NA,NA,NA,NA,NA,NA,NA,NA,NA,NA,NA,NA,NA,NA,29.274375,27.611789772727274,28.051796875,29.5134375,28.418055555555558,29.53578125,28.59658938172043,28.66362847222222,0,0.14204545454545525,0.1001302083333337,0,0.0762896825396837,0,0.05168010752688283,8.333333333333312e-4,0.09930555555555624,2,8,-2.1649941774571304,87.5,12.5,12.5,87.5,0,0,0,0,0,0,0,0
369-599PIC-CIMI-CR-23-JL,599,PIC,2023-01-04,12:40:00,MC,Palmas,M,8.5,M,NA,NA,NA,NA,NA,NA,NA,NA,NA,NA,NA,NA,NA,NA,28.164114583333333,27.981051136363636,28.004537760416667,27.736527777777777,28.072757936507937,27.751822916666665,27.79981182795699,27.93904513888889,0,0,0,0,0,0,0,0,0,3,8,-1.1649941774571302,75,25,25,75,0,0,0,0,0,0,0,0
370-1240PIN-CIMI-CR-23-JL,1240,PIN,2023-05-03,16:50:00,CIW,Palmas,M,15.8,M,NA,NA,NA,NA,NA,NA,NA,NA,NA,NA,NA,NA,NA,NA,31.343125,29.315880681818182,29.56619140625,30.932256944444443,29.724131944444444,30.7315625,29.71043682795699,29.870104166666668,0,0.007386363636363633,0.008984375000000074,0.004166666666666675,0.0068452380952381394,0.0036458333333333286,0.0047043010752687645,0.004166666666666673,0.0034722222222222303,2,7,-2.035934553352203,71.42857142857143,28.57142857142857,28.57142857142857,71.42857142857143,0,0,0,0,0,0,0,0
372-542PIN-CIMI-CR-23-JL,542,PIN,2022-12-19,11:29:00,AG,Palmas,M,15.5,M,NA,NA,NA,NA,NA,NA,NA,NA,NA,NA,NA,NA,NA,NA,28.017447916666665,27.758806818181817,27.54651692708333,28.32673611111111,27.41921130952381,28.41515625,27.136041666666667,28.10328125,0,0,0,0,6.944444444444219e-4,0,0.017271505376344726,0,0,4,10,-0.4231134256669858,70,30,20,70,10,0,0,0,0,0,0,0
373-923PIN-CIMI-CR-23-JL,923,PIN,2023-03-07,14:46:00,JCO,Palmas,M,15.7,M,NA,NA,NA,NA,NA,NA,NA,NA,NA,NA,NA,NA,NA,NA,28.853854166666668,29.205085227272725,29.175930989583332,29.152604166666666,29.035560515873016,29.427890625,28.995850134408602,29.516631944444445,0,0,0,0,0,0,0,0,0,3,10,-1.4231134256669857,80,20,20,80,0,0,0,0,0,0,0,0
374-1453PIN-CIMI-CR-23-JL,1453,PIN,2023-06-22,14:56:00,Other,Palmas,M,16,M,NA,NA,NA,NA,NA,818.3572050424523,818.3572050424523,818.3572050424523,985.5942159334544,985.5942159334544,985.5942159334544,985.5942159334544,985.5942159334544,985.5942159334544,27.186666666666667,28.14936553030303,27.801158854166665,28.365381944444444,27.76216765873016,28.776666666666667,27.988225806451613,28.388784722222223,0.3531250000000006,0.1973484848484854,0.13958333333333284,0.2354166666666665,0.13005952380952446,0.17708333333333343,0.16787634408602203,0.1425000000000006,0.1364583333333337,2,9,-2.294053801562058,66.66666666666666,33.33333333333333,33.33333333333333,66.66666666666666,0,0,0,0,0,0,0,0
375-134PIN-CIMI-CR-23-JL,134,PIN,2022-09-23,07:18:00,JCO,Palmas,M,15.2,M,NA,NA,NA,NA,NA,NA,NA,NA,NA,NA,NA,NA,NA,NA,26.14703125,25.865823863636365,26.001666666666665,26.173368055555557,26.18687996031746,26.079947916666665,26.180771118121275,25.896597222222223,0.03958333333333326,0.09905303030303064,0.11197916666666627,0.027083333333333407,0.13144841269841326,0.058854166666666735,0.1270241850683485,0.07791666666666652,0.06597222222222233,NA,NA,NA,NA,NA,NA,NA,NA,NA,NA,NA,NA,NA,NA,NA
378-219PIR-CIMI-CR-23-JL,219,PIR,2022-10-13,09:05:00,LS,Palmas,M,16.3,M,NA,NA,NA,NA,NA,NA,NA,NA,NA,NA,NA,NA,NA,NA,27.195416666666667,26.850757575757576,26.569427083333334,27.23753472222222,26.465208333333333,27.04734375,26.2403561827957,26.52560763888889,0.1281249999999999,0.07064393939393966,0.08606770833333299,0.095138888888889,0.11418650793650752,0.09270833333333348,0.11250000000000053,0.1341666666666666,0.12500000000000008,NA,NA,NA,NA,NA,NA,NA,NA,NA,NA,NA,NA,NA,NA,NA
379-546PIR-CIMI-CR-23-JL,546,PIR,2022-12-19,10:48:00,JL,Palmas,M,16.5,M,NA,NA,NA,NA,NA,NA,NA,NA,NA,NA,NA,NA,NA,NA,28.017447916666665,27.758806818181817,27.54651692708333,28.32673611111111,27.41921130952381,28.41515625,27.136041666666667,28.10328125,0,0,0,0,6.944444444444219e-4,0,0.017271505376344726,0,0,2,8,-2.1649941774571304,75,25,25,75,0,0,0,0,0,0,0,0
380-629PIR-CIMI-CR-23-JL,629,PIR,2023-01-09,13:42:00,JL,Palmas,M,16.5,M,NA,NA,NA,NA,NA,NA,NA,NA,NA,NA,NA,NA,NA,NA,27.66625,27.843380681818182,27.902154947916667,27.731979166666665,27.938834325396826,27.667760416666667,27.906377688172043,27.8265625,0,0,0,0,0,0,0,0,0,4,9,-0.294053801562058,66.66666666666666,33.33333333333333,33.33333333333333,66.66666666666666,0,0,0,0,0,0,0,0
381-687PIR-CIMI-CR-23-JL,687,PIR,2023-01-23,07:16:00,AW,Palmas,M,16.6,M,NA,NA,NA,NA,NA,NA,NA,NA,NA,NA,NA,NA,NA,NA,28.403020833333333,27.926297348484848,27.954677524429968,28.295520833333335,27.94825806451613,28.426666666666666,27.964453781512606,28.45652777777778,0,0,0,0,0,0,0,0,0,3,7,-1.0359345533522024,42.857142857142854,57.14285714285714,57.14285714285714,42.857142857142854,0,0,0,0,0,0,0,0
382-849PIR-CIMI-CR-23-JL,849,PIR,2023-02-24,06:52:00,JL,Palmas,M,16.7,M,NA,NA,NA,NA,NA,NA,NA,NA,NA,NA,NA,NA,NA,NA,28.891614583333332,28.856098484848484,28.91380859375,28.89673611111111,28.855848214285714,29.057265625,28.75896505376344,28.997552083333332,0,0,0,0,0,0,0,0,0,4,10,-0.4231134256669858,40,60,30,40,30,0,0,0,0,0,0,0
001-938PIR-CIMI-CR-23-JL,938,PIR,2023-03-10,09:58:00,AW,Palmas,M,16.7,M,NA,NA,NA,NA,NA,NA,NA,NA,NA,NA,NA,NA,NA,NA,28.930104166666666,29.255719696969695,29.11517578125,28.93454861111111,29.073462301587302,28.98825520833333,29.03371303763441,29.043576388888887,0,0,0,0,0,0,0,0,0,7,12,2.318767326123216,41.66666666666667,58.333333333333336,50,41.66666666666667,8.333333333333332,0,0,0,0,0,0,0
002-1000PIR-CIMI-CR-23-JL,1000,PIR,2023-03-20,16:00:00,JL,Palmas,M,16.7,M,NA,NA,NA,NA,NA,NA,NA,NA,NA,NA,NA,NA,NA,NA,29.7971875,27.564053030303032,28.03677734375,28.97184027777778,28.387614087301586,28.358255208333333,28.544183467741934,27.678177083333335,0,0.14564393939393902,0.10013020833333308,0.0013888888888888924,0.07628968253968386,0.14895833333333372,0.05168010752688291,0.1195833333333335,0.21284722222222174,8,14,3.0606480779133025,42.857142857142854,57.14285714285714,50,42.857142857142854,7.142857142857142,0,0,0,0,0,0,0
003-1290PIR-CIMI-CR-23-JL,1290,PIR,2023-05-11,06:19:00,JCO,Palmas,M,16.9,M,NA,NA,NA,NA,NA,NA,NA,NA,NA,NA,NA,NA,NA,NA,31.69671875,31.376590909090908,30.58087239583333,31.630937499999998,30.19501984126984,31.519973958333335,30.234217069892473,31.410833333333333,0,0.0011363636363636365,0.0013020833333333391,0,0.006845238095238197,0,0.0046370967741935654,0,0,6,8,1.8350058225428698,37.5,62.5,62.5,37.5,0,0,0,0,0,0,0,0
004-235PLU-CIMI-CR-23-JL,235,PLU,2022-10-17,12:15:00,JCO,Palmas,M,28.3,M,NA,NA,NA,NA,NA,NA,NA,NA,NA,NA,NA,NA,NA,NA,26.1303125,26.46030303030303,26.648268229166668,26.366041666666668,26.474196428571428,26.32953125,26.313881048387096,26.618159722222224,0.15208333333333318,0.17083333333333306,0.11744791666666571,0.23611111111111116,0.12876984126984073,0.2755208333333332,0.13111559139784862,0.27041666666666664,0.22638888888888903,NA,NA,NA,NA,NA,NA,NA,NA,NA,NA,NA,NA,NA,NA,NA
005-378PLU-CIMI-CR-23-JL,378,PLU,2022-11-17,11:58:00,JL,Palmas,M,28.4,M,NA,NA,NA,NA,NA,NA,NA,NA,NA,NA,NA,NA,NA,NA,27.852239583333333,26.227272727272727,25.979915364583334,27.610208333333333,26.2531001984127,27.227369791666668,26.585779569892473,27.051840277777778,0.001041666666666667,0.13768939393939233,0.2119791666666659,6.944444444444461e-4,0.16309523809523815,0.018750000000000103,0.13461021505376197,0.015000000000000032,0.012847222222222216,2,8,-2.1649941774571304,87.5,12.5,0,87.5,12.5,0,0,0,0,0,0,0
006-458PLU-CIMI-CR-23-JL,458,PLU,2022-12-08,14:09:00,JL,Palmas,M,28.5,M,NA,NA,NA,NA,NA,NA,NA,NA,NA,NA,NA,NA,NA,NA,27.174895833333334,27.008579545454545,26.776510416666667,27.27107638888889,26.858209325396825,27.093671875,26.733111559139786,27.07074652777778,0,0.0018939393939393656,0.033203125000000014,0,0.025496031746032176,0,0.04791666666666738,0,0,4,20,-1.7137096667162641,75,25,20,75,5,0,0,0,0,0,0,0
007-550PLU-CIMI-CR-23-JL,550,PLU,2022-12-20,10:45:00,JL,Palmas,M,28.5,M,NA,NA,NA,NA,NA,NA,NA,NA,NA,NA,NA,NA,NA,NA,28.026666666666667,27.85592803030303,27.609661458333335,28.02263888888889,27.487862103174603,28.253307291666665,27.18287298387097,28.248055555555556,0,0,0,0,6.944444444444166e-4,0,0.01727150537634478,0,0,4,21,-1.842769290821192,47.61904761904761,52.38095238095239,42.857142857142854,47.61904761904761,9.523809523809524,0,0,0,0,0,0,0
008-641PLU-CIMI-CR-23-JL,641,PLU,2023-01-10,16:00:00,AW,Palmas,M,28.5,M,NA,NA,NA,NA,NA,NA,NA,NA,NA,NA,NA,NA,NA,NA,27.880885416666665,27.80753787878788,27.896653645833332,27.81576388888889,27.942728174603175,27.827682291666665,27.93615927419355,27.792951388888888,0,0,0,0,0,0,0,0,0,4,14,-0.9393519220866972,69.23076923076923,30.76923076923077,23.076923076923077,69.23076923076923,7.6923076923076925,0,0,0,0,0,0,0
009-822PLU-CIMI-CR-23-JL,822,PLU,2023-02-21,07:00:00,JL,Palmas,M,28.7,M,NA,NA,NA,NA,NA,NA,NA,NA,NA,NA,NA,NA,NA,NA,29.434375,28.885416666666668,28.94143229166667,29.098368055555557,28.839280753968254,28.948229166666668,28.73865255376344,28.927621527777777,0,0,0,0,0,0,0,0,0,3,7,-1.0359345533522024,14.285714285714285,85.71428571428571,14.285714285714285,14.285714285714285,71.42857142857143,0,0,0,0,0,0,0
010-918PLU-CIMI-CR-23-JL,918,PLU,2023-03-07,11:30:00,JL,Palmas,M,28.7,M,NA,NA,NA,NA,NA,NA,NA,NA,NA,NA,NA,NA,NA,NA,28.853854166666668,29.205085227272725,29.175930989583332,29.152604166666666,29.035560515873016,29.427890625,28.995850134408602,29.516631944444445,0,0,0,0,0,0,0,0,0,4,11,-0.5521730497719136,72.72727272727273,27.27272727272727,9.090909090909092,72.72727272727273,9.090909090909092,0,0,0,9.090909090909092,0,0,0
011-1013PLU-CIMI-CR-23-JL,1013,PLU,2023-03-21,16:23:00,AW,Palmas,M,28.7,M,NA,NA,NA,NA,NA,NA,NA,NA,NA,NA,NA,NA,NA,NA,29.70869791666667,27.613892045454545,28.016510416666666,29.673402777777778,28.408189484126986,29.085338541666665,28.574119623655914,28.287152777777777,0,0.14564393939393908,0.10013020833333368,0,0.07628968253968378,0.0010416666666666688,0.051680107526882915,0.11916666666666687,0.0996527777777782,4,13,-0.8102922979817693,76.92307692307693,23.076923076923077,23.076923076923077,76.92307692307693,0,0,0,0,0,0,0,0
012-1161PLU-CIMI-CR-23-JL,1161,PLU,2023-04-17,10:19:00,EM,Palmas,M,28.8,M,NA,NA,NA,NA,NA,NA,NA,NA,NA,NA,NA,NA,NA,NA,30.18125,30.003030303030304,29.795,30.27888888888889,29.572539682539684,30.168072916666667,29.498595430107528,30.278524305555557,0,0,1.302083333333335e-4,0,9.920634920634955e-5,0,2.016129032258072e-4,0,0,5,14,0.060648077913302845,57.14285714285714,42.857142857142854,42.857142857142854,42.857142857142854,0,0,14.285714285714285,0,0,0,0,0
013-1253PLU-CIMI-CR-23-JL,1253,PLU,2023-05-05,10:06:00,EM,Palmas,M,28.9,M,NA,NA,NA,NA,NA,NA,NA,NA,NA,NA,NA,NA,NA,NA,31.940364583333334,30.018683712121213,29.779029947916666,31.93454861111111,29.894117063492065,31.641744791666667,29.871407930107527,31.134496527777777,0,0.0020833333333333385,0.008984375000000114,0,0.006845238095238165,0,0.004637096774193549,0.002500000000000027,0.0024305555555555448,3,11,-1.5521730497719137,72.72727272727273,27.27272727272727,27.27272727272727,72.72727272727273,0,0,0,0,0,0,0,0
014-1254PLU-CIMI-CR-23-JL,1254,PLU,2023-05-08,10:12:00,EM,Palmas,M,28.9,M,NA,NA,NA,NA,NA,NA,NA,NA,NA,NA,NA,NA,NA,NA,31.19171875,30.606685606060605,29.99547526041667,31.190729166666667,30.02437996031746,31.368619791666667,30.062926747311828,31.562638888888888,0,0.0018939393939393708,0.0050781250000001095,0,0.00684523809523818,0,0.004637096774193603,0,0,3,12,-1.6812326738768417,75,25,25,75,0,0,0,0,0,0,0,0
015-1355PLU-CIMI-CR-23-JL,1355,PLU,2023-05-29,14:47:00,JL,Palmas,M,28.9,M,NA,NA,NA,NA,NA,NA,NA,NA,NA,NA,NA,NA,NA,NA,29.109791666666666,29.88121212121212,30.11193359375,28.87934027777778,30.46323412698413,28.96015625,30.568209005376346,28.91598958333333,0.015625,0.059280303030303363,0.040755208333333806,0.010416666666666647,0.031051587301586813,0.008333333333333344,0.021706989247311008,0.12750000000000053,0.10868055555555511,2,7,-2.035934553352203,85.71428571428571,14.285714285714285,14.285714285714285,85.71428571428571,0,0,0,0,0,0,0,0
016-1011PRA-CIMI-CR-23-JL,1011,PRA,2023-03-21,12:52:00,AW,Palmas,F,8.3,Pregnant,NA,NA,NA,NA,NA,NA,NA,NA,NA,NA,NA,NA,NA,NA,29.70869791666667,27.613892045454545,28.016510416666666,29.673402777777778,28.408189484126986,29.085338541666665,28.574119623655914,28.287152777777777,0,0.14564393939393908,0.10013020833333368,0,0.07628968253968378,0.0010416666666666688,0.051680107526882915,0.11916666666666687,0.0996527777777782,3,7,-1.0359345533522024,42.857142857142854,57.14285714285714,57.14285714285714,42.857142857142854,0,0,0,0,0,0,0,0
017-1046PRA-CIMI-CR-23-JL,1046,PRA,2023-03-28,07:23:00,JCO,Palmas,F,8.4,Pregnant,NA,NA,NA,NA,NA,NA,NA,NA,NA,NA,NA,NA,NA,NA,29.55984375,29.351344696969697,28.390442708333335,29.54875,28.43237599206349,29.57734375,28.687684811827957,29.56675347222222,0,3.787878787878855e-4,0.09765625000000001,0,0.07628968253968375,0,0.05168010752688096,0,0,4,10,-0.4231134256669858,60,40,40,60,0,0,0,0,0,0,0,0
018-1215PRA-CIMI-CR-23-JL,1215,PRA,2023-04-25,14:05:00,EM,Palmas,F,8.4,Pregnant,NA,NA,NA,NA,NA,NA,NA,NA,NA,NA,NA,NA,NA,NA,28.58442708333333,29.7225,29.8677734375,28.508819444444445,29.770699404761906,28.556796875,29.559637096774193,29.272586805555555,0.02916666666666663,0.01117424242424252,0.007682291666666589,0.02013888888888886,0.00585317460317453,0.030729166666666714,0.004032258064516209,0.024583333333333367,0.02048611111111111,5,20,-0.713709666716264,70,30,30,65,0,0,5,0,0,0,0,0
019-1450PRA-CIMI-CR-23-JL,1450,PRA,2023-06-22,09:40:00,JL,Palmas,F,8.6,Lactating,NA,NA,NA,NA,NA,NA,NA,NA,NA,NA,NA,NA,NA,NA,27.186666666666667,28.14936553030303,27.801158854166665,28.365381944444444,27.76216765873016,28.776666666666667,27.988225806451613,28.388784722222223,0.3531250000000006,0.1973484848484854,0.13958333333333284,0.2354166666666665,0.13005952380952446,0.17708333333333343,0.16787634408602203,0.1425000000000006,0.1364583333333337,3,11,-1.5521730497719137,54.54545454545454,45.45454545454545,45.45454545454545,54.54545454545454,0,0,0,0,0,0,0,0
020-1477PRA-CIMI-CR-23-JL,1477,PRA,2023-07-04,08:11:00,CIW,Palmas,F,8.6,Lactating,NA,NA,NA,NA,NA,2424.7097183431924,2424.7097183431924,2424.7097183431924,2424.7097183431924,2424.7097183431924,2424.7097183431924,2424.7097183431924,2424.7097183431924,2424.7097183431924,28.624915254237287,28.509533622559655,28.51839514978602,28.40690058479532,28.174272051009563,28.116108949416343,27.999254046446165,28.93986636971047,0.0169491525423729,0.08069414316702779,0.10156918687589137,0.126315789473684,0.14835281615303098,0.23735408560311338,0.11710063335679038,0.17393767705382404,0.1367483296213809,4,14,-0.9393519220866972,64.28571428571429,35.714285714285715,35.714285714285715,64.28571428571429,0,0,0,0,0,0,0,0
022-377PRI-CIMI-CR-23-JL,377,PRI,2022-11-17,10:28:00,JL,Palmas,F,7.4,Lactating,NA,NA,NA,NA,NA,NA,NA,NA,NA,NA,NA,NA,NA,NA,27.852239583333333,26.227272727272727,25.979915364583334,27.610208333333333,26.2531001984127,27.227369791666668,26.585779569892473,27.051840277777778,0.001041666666666667,0.13768939393939233,0.2119791666666659,6.944444444444461e-4,0.16309523809523815,0.018750000000000103,0.13461021505376197,0.015000000000000032,0.012847222222222216,4,13,-0.8102922979817693,75,25,23.076923076923077,69.23076923076923,0,0,0,0,0,7.6923076923076925,0,0
023-432PRI-CIMI-CR-23-JL,432,PRI,2022-12-05,11:51:00,JL,Palmas,F,7.4,Lactating,NA,NA,NA,NA,NA,NA,NA,NA,NA,NA,NA,NA,NA,NA,26.792083333333334,26.686534090909092,26.71724609375,26.870416666666667,26.906656746031747,27.049635416666668,26.440709005376345,27.008663194444445,0,0.04545454545454475,0.03346354166666685,0,0.025595238095237772,0,0.10510752688172235,0,0.0024305555555555565,5,24,-1.2299481631359754,62.5,37.5,29.166666666666668,62.5,4.166666666666666,0,0,0,4.166666666666666,0,0,0
024-543PRI-CIMI-CR-23-JL,543,PRI,2022-12-19,10:26:00,AQ,Palmas,F,7.5,Lactating,NA,NA,NA,NA,NA,NA,NA,NA,NA,NA,NA,NA,NA,NA,28.017447916666665,27.758806818181817,27.54651692708333,28.32673611111111,27.41921130952381,28.41515625,27.136041666666667,28.10328125,0,0,0,0,6.944444444444219e-4,0,0.017271505376344726,0,0,5,14,0.060648077913302845,57.14285714285714,42.857142857142854,28.57142857142857,57.14285714285714,7.142857142857142,7.142857142857142,0,0,0,0,0,0
026-850PRI-CIMI-CR-23-JL,850,PRI,2023-02-24,08:45:00,JL,Palmas,F,7.7,Lactating,NA,NA,NA,NA,NA,NA,NA,NA,NA,NA,NA,NA,NA,NA,28.891614583333332,28.856098484848484,28.91380859375,28.89673611111111,28.855848214285714,29.057265625,28.75896505376344,28.997552083333332,0,0,0,0,0,0,0,0,0,8,24,1.7700518368640246,37.5,62.5,29.166666666666668,37.5,29.166666666666668,4.166666666666666,0,0,0,0,0,0
027-933PRI-CIMI-CR-23-JL,933,PRI,2023-03-09,09:00:00,JL,Palmas,F,7.7,Lactating,NA,NA,NA,NA,NA,NA,NA,NA,NA,NA,NA,NA,NA,NA,28.963020833333335,29.25691287878788,29.11701171875,29.02513888888889,29.069871031746032,28.9084375,29.049304435483872,29.272934027777776,0,0,0,0,0,0,0,0,0,6,17,0.6734692055985194,47.05882352941176,52.94117647058824,29.411764705882355,47.05882352941176,17.647058823529413,5.88235294117647,0,0,0,0,0,0
028-1171PRI-CIMI-CR-23-JL,1171,PRI,2023-04-18,10:37:00,AW,Palmas,F,7.8,Lactating,NA,NA,NA,NA,NA,NA,NA,NA,NA,NA,NA,NA,NA,NA,29.886770833333333,30.116183712121213,29.862734375,30.067256944444445,29.591949404761905,30.168984375,29.579825268817206,30.16449652777778,0,0,1.3020833333333393e-4,0,9.920634920634955e-5,0,6.720430107527035e-5,0,0,6,17,0.6734692055985194,35.294117647058826,64.70588235294117,64.70588235294117,35.294117647058826,0,0,0,0,0,0,0,0
029-1423PRI-CIMI-CR-23-JL,1423,PRI,2023-06-19,15:55:00,JL,Palmas,F,8,Lactating,NA,NA,NA,NA,NA,NA,NA,NA,NA,NA,NA,NA,NA,NA,28.8634375,27.87035984848485,27.651106770833334,28.4121875,27.56796626984127,28.109114583333334,28.240843413978496,27.642708333333335,0.0031249999999999997,0.1352272727272734,0.12408854166666732,0.03750000000000015,0.18313492063491768,0.02812499999999991,0.14509408602150442,0.04666666666666652,0.23784722222222004,4,7,-0.035934553352202456,28.57142857142857,71.42857142857143,71.42857142857143,28.57142857142857,0,0,0,0,0,0,0,0
030-1478PRI-CIMI-CR-23-JL,1478,PRI,2023-07-04,09:42:00,CIW,Palmas,F,8,Lactating,NA,NA,NA,NA,NA,NA,NA,NA,NA,NA,NA,NA,NA,NA,28.624915254237287,28.509533622559655,28.51839514978602,28.40690058479532,28.174272051009563,28.116108949416343,27.999254046446165,28.93986636971047,0.0169491525423729,0.08069414316702779,0.10156918687589137,0.126315789473684,0.14835281615303098,0.23735408560311338,0.11710063335679038,0.17393767705382404,0.1367483296213809,4,13,-0.8102922979817693,30.76923076923077,69.23076923076923,69.23076923076923,30.76923076923077,0,0,0,0,0,0,0,0
031-147PRU-CIMI-CR-23-JL,147,PRU,2022-09-28,09:59:00,JCO,Palmas,F,10.2,Cycling,NA,NA,NA,NA,NA,NA,NA,NA,NA,NA,NA,NA,NA,NA,25.73796875,25.922045454545454,25.892936197916665,25.595555555555556,25.98998015873016,25.699661458333335,26.120020161290324,26.100885416666667,0.3250000000000001,0.16742424242424334,0.15846354166666568,0.37291666666666645,0.1541666666666664,0.28906250000000006,0.15087365591397825,0.2891666666666668,0.24097222222222206,NA,NA,NA,NA,NA,NA,NA,NA,NA,NA,NA,NA,NA,NA,NA
032-376PRU-CIMI-CR-23-JL,376,PRU,2022-11-17,10:57:00,JL,Palmas,F,10.4,Cycling,NA,NA,NA,NA,NA,NA,NA,NA,NA,NA,623.341917159765,NA,NA,623.341917159765,27.852239583333333,26.227272727272727,25.979915364583334,27.610208333333333,26.2531001984127,27.227369791666668,26.585779569892473,27.051840277777778,0.001041666666666667,0.13768939393939233,0.2119791666666659,6.944444444444461e-4,0.16309523809523815,0.018750000000000103,0.13461021505376197,0.015000000000000032,0.012847222222222216,4,16,-1.1974711702965528,75,25,18.75,75,6.25,0,0,0,0,0,0,0
033-541PRU-CIMI-CR-23-JL,541,PRU,2022-12-19,11:15:00,JL,Palmas,F,10.5,Cycling,NA,NA,NA,NA,NA,NA,NA,NA,NA,NA,NA,NA,NA,NA,28.017447916666665,27.758806818181817,27.54651692708333,28.32673611111111,27.41921130952381,28.41515625,27.136041666666667,28.10328125,0,0,0,0,6.944444444444219e-4,0,0.017271505376344726,0,0,5,12,0.3187673261231584,66.66666666666666,33.33333333333333,25,66.66666666666666,8.333333333333332,0,0,0,0,0,0,0
034-848PRU-CIMI-CR-23-JL,848,PRU,2023-02-24,10:31:00,JL,Palmas,F,10.7,Cycling,NA,NA,NA,NA,NA,NA,NA,NA,NA,NA,NA,NA,NA,NA,28.891614583333332,28.856098484848484,28.91380859375,28.89673611111111,28.855848214285714,29.057265625,28.75896505376344,28.997552083333332,0,0,0,0,0,0,0,0,0,10,27,3.382872964549241,37.03703703703704,62.96296296296296,46.15384615384615,38.46153846153847,11.538461538461538,0,0,0,3.8461538461538463,0,0,0
035-931PRU-CIMI-CR-23-JL,931,PRU,2023-03-09,09:06:00,JL,Palmas,F,10.7,Pregnant,NA,NA,NA,NA,NA,NA,NA,NA,NA,NA,NA,NA,NA,NA,28.963020833333335,29.25691287878788,29.11701171875,29.02513888888889,29.069871031746032,28.9084375,29.049304435483872,29.272934027777776,0,0,0,0,0,0,0,0,0,10,19,4.415349957388663,31.57894736842105,68.42105263157895,44.44444444444444,33.33333333333333,22.22222222222222,0,0,0,0,0,0,0
036-1211PRU-CIMI-CR-23-JL,1211,PRU,2023-04-25,07:10:00,MC,Palmas,F,10.8,Pregnant,NA,NA,NA,NA,NA,NA,NA,NA,NA,NA,NA,NA,NA,NA,28.58442708333333,29.7225,29.8677734375,28.508819444444445,29.770699404761906,28.556796875,29.559637096774193,29.272586805555555,0.02916666666666663,0.01117424242424252,0.007682291666666589,0.02013888888888886,0.00585317460317453,0.030729166666666714,0.004032258064516209,0.024583333333333367,0.02048611111111111,7,17,1.6734692055985196,41.17647058823529,58.82352941176471,58.82352941176471,41.17647058823529,0,0,0,0,0,0,0,0
037-1437PRU-CIMI-CR-23-JL,1437,PRU,2023-06-20,13:12:00,JL,Palmas,F,11,Pregnant,NA,NA,NA,NA,NA,NA,NA,NA,NA,NA,NA,NA,NA,NA,30.366666666666667,28.1896875,27.860169270833335,29.483229166666668,27.733814484126984,28.98984375,28.205077284946235,28.226336805555555,0.001041666666666667,0.13465909090909203,0.10950520833333374,0.002083333333333335,0.10109126984126973,0.028125,0.1450940860215045,0.022500000000000027,0.038888888888888695,3,13,-1.8102922979817693,30.76923076923077,69.23076923076923,69.23076923076923,30.76923076923077,0,0,0,0,0,0,0,0
038-441PUR-CIMI-CR-23-JL,441,PUR,2022-12-06,11:40:00,AW,Palmas,F,7.4,Lactating,NA,NA,NA,NA,NA,NA,NA,NA,NA,NA,NA,NA,NA,NA,27.012447916666666,26.76994318181818,26.729108072916667,27.015868055555554,26.922718253968252,27.018671875,26.52684811827957,27.23878472222222,0,0.00965909090909084,0.03346354166666685,0,0.02559523809523777,0,0.0984543010752715,0,0,3,8,-1.1649941774571302,75,25,12.5,75,12.5,0,0,0,0,0,0,0
039-666PUR-CIMI-CR-23-JL,666,PUR,2023-01-13,10:30:00,JL,Palmas,F,7.5,Lactating,NA,NA,NA,NA,NA,NA,NA,NA,NA,NA,NA,NA,NA,NA,28.282774869109947,27.984218009478674,27.95727687296417,28.24773519163763,27.99099751861042,28.214412532637077,28.0061512605042,28.031373913043478,0,0,0,0,0,0,0,0,0,3,8,-1.1649941774571302,62.5,37.5,37.5,62.5,0,0,0,0,0,0,0,0
040-1000PUR-CIMI-CR-23-JL,1000,PUR,2023-03-20,16:00:00,JL,Palmas,F,7.7,Lactating,NA,NA,NA,NA,NA,NA,NA,NA,NA,NA,NA,NA,NA,NA,29.7971875,27.564053030303032,28.03677734375,28.97184027777778,28.387614087301586,28.358255208333333,28.544183467741934,27.678177083333335,0,0.14564393939393902,0.10013020833333308,0.0013888888888888924,0.07628968253968386,0.14895833333333372,0.05168010752688291,0.1195833333333335,0.21284722222222174,6,15,0.9315884538083751,57.14285714285714,42.857142857142854,42.857142857142854,57.14285714285714,0,0,0,0,0,0,0,0
183-1235TAB-CIMI-CR-23-JL,1235,TAB,2023-04-28,10:49:00,JL,Tenori,F,6.3,Lactating,NA,NA,NA,NA,NA,NA,NA,NA,1279.0253424852342,1279.0253424852342,1279.0253424852342,1279.0253424852342,1279.0253424852342,1279.0253424852342,28.69713541666667,29.329583333333332,29.6108203125,28.838194444444444,29.71734126984127,28.97278645833333,29.49087365591398,28.673506944444444,0,0.011174242424242435,0.007682291666666629,0,0.005853174603174531,5.208333333333344e-4,0.00403225806451619,0.011666666666666626,0.010069444444444426,8,28,1.2538133404443133,35.714285714285715,64.28571428571429,53.57142857142857,28.57142857142857,10.714285714285714,0,7.142857142857142,0,0,0,0,0
185-1266TAB-CIMI-CR-23-JL,1266,TAB,2023-05-09,11:01:00,EM,Tenori,F,6.3,Lactating,NA,NA,NA,NA,NA,NA,NA,NA,NA,NA,NA,NA,NA,NA,31.343229166666667,30.853267045454544,30.1918359375,31.294270833333332,30.10343253968254,31.267890625,30.118336693548386,31.49204861111111,0,0.0018939393939393647,0.004947916666666714,0,0.00684523809523818,0,0.004637096774193596,0,0,7,25,0.6409922127590968,40,60,52,40,8,0,0,0,0,0,0,0
186-1337TAB-CIMI-CR-23-JL,1337,TAB,2023-05-29,09:50:00,AW,Tenori,F,6.4,Lactating,NA,NA,NA,NA,NA,NA,NA,NA,NA,NA,NA,NA,NA,NA,29.109791666666666,29.88121212121212,30.11193359375,28.87934027777778,30.46323412698413,28.96015625,30.568209005376346,28.91598958333333,0.015625,0.059280303030303363,0.040755208333333806,0.010416666666666647,0.031051587301586813,0.008333333333333344,0.021706989247311008,0.12750000000000053,0.10868055555555511,5,12,0.3187673261231584,50,50,50,50,0,0,0,0,0,0,0,0
187-1410TAB-CIMI-CR-23-JL,1410,TAB,2023-06-13,11:23:00,AW,Tenori,F,6.4,Lactating,NA,NA,NA,NA,NA,NA,NA,NA,NA,NA,799.6543289941116,NA,NA,799.6543289941116,29.3453125,27.674270833333335,27.669088541666667,29.007361111111113,27.93176091269841,28.376875,28.866515456989248,27.907447916666666,0.018749999999999982,0.050757575757575765,0.15312499999999946,0.01319444444444447,0.1462301587301574,0.013541666666666667,0.09905913978494661,0.012083333333333297,0.010763888888888887,7,21,1.157230709178808,42.857142857142854,57.14285714285714,57.14285714285714,42.857142857142854,0,0,0,0,0,0,0,0
188-120TAM-CIMI-CR-23-JL,120,TAM,2022-09-15,12:41:00,AW,Tenori,F,8.2,Lactating,NA,NA,NA,NA,NA,NA,NA,NA,NA,NA,NA,NA,NA,NA,25.783125,26.235416666666666,26.29490234375,25.635,26.27337031167459,25.733854166666667,26.590908745247148,26.012725694444445,0.0864583333333333,0.1626893939393935,0.15872395833333355,0.14166666666666655,0.14252509244585287,0.11822916666666644,0.1309505703422053,0.10750000000000007,0.09340277777777795,NA,NA,NA,NA,NA,NA,NA,NA,NA,NA,NA,NA,NA,NA,NA
193-168TAM-CIMI-CR-23-JL,168,TAM,2022-10-04,08:40:00,AW,Tenori,F,8.3,Lactating,NA,NA,NA,NA,NA,1112.8590159462408,1112.8590159462408,1112.8590159462408,NA,NA,NA,1112.8590159462408,1112.8590159462408,1112.8590159462408,27.780260416666668,26.284469696969698,26.192102864583333,27.085451388888888,26.110213293650794,26.665104166666666,26.233027553763442,26.561041666666668,0,0.14734848484848487,0.125651041666667,0,0.11706349206349208,0.010416666666666689,0.13145161290322496,0.03208333333333346,0.029166666666666584,NA,NA,NA,NA,NA,NA,NA,NA,NA,NA,NA,NA,NA,NA,NA
194-249TAM-CIMI-CR-23-JL,249,TAM,2022-10-19,14:36:00,AW,Tenori,F,8.3,Lactating,NA,NA,NA,NA,NA,NA,NA,NA,NA,NA,NA,NA,NA,NA,27.341927083333335,26.597367424242425,26.747610677083333,26.98888888888889,26.626954365079364,26.736119791666667,26.415272177419354,26.66699652777778,0.015625,0.16401515151515145,0.11940104166666532,0.01388888888888891,0.09930555555555598,0.08385416666666713,0.12647849462365643,0.14791666666666636,0.18888888888888822,NA,NA,NA,NA,NA,NA,NA,NA,NA,NA,NA,NA,NA,NA,NA
195-371TAM-CIMI-CR-23-JL,371,TAM,2022-11-17,06:03:00,AM,Tenori,F,8.4,Lactating,NA,NA,NA,NA,NA,NA,NA,NA,NA,NA,488.1802639963622,NA,NA,488.1802639963622,27.852239583333333,26.227272727272727,25.979915364583334,27.610208333333333,26.2531001984127,27.227369791666668,26.585779569892473,27.051840277777778,0.001041666666666667,0.13768939393939233,0.2119791666666659,6.944444444444461e-4,0.16309523809523815,0.018750000000000103,0.13461021505376197,0.015000000000000032,0.012847222222222216,6,40,-2.2949021488148205,35,65,22.5,32.5,0,42.5,2.5,0,0,0,0,0
196-435TAM-CIMI-CR-23-JL,435,TAM,2022-12-05,12:35:00,CB,Tenori,F,8.4,Lactating,NA,NA,NA,NA,NA,NA,NA,NA,NA,NA,NA,NA,NA,NA,26.792083333333334,26.686534090909092,26.71724609375,26.870416666666667,26.906656746031747,27.049635416666668,26.440709005376345,27.008663194444445,0,0.04545454545454475,0.03346354166666685,0,0.025595238095237772,0,0.10510752688172235,0,0.0024305555555555565,5,10,0.5768865743330142,40,60,30,40,10,20,0,0,0,0,0,0
197-504TAM-CIMI-CR-23-JL,504,TAM,2022-12-14,11:48:00,CIW,Tenori,F,8.5,Lactating,NA,NA,NA,NA,NA,NA,NA,NA,NA,NA,NA,NA,NA,NA,27.489010416666666,27.20808712121212,27.1467578125,27.360416666666666,26.939652777777777,27.433828125,26.994304435483873,27.315260416666668,0,0,9.114583333333387e-4,0,0.02529761904761833,0,0.019690860215053885,0,0,9,28,2.253813340444313,32.142857142857146,67.85714285714286,42.857142857142854,32.142857142857146,3.571428571428571,21.428571428571427,0,0,0,0,0,0
198-661TAM-CIMI-CR-23-JL,661,TAM,2023-01-12,08:45:00,JL,Tenori,F,8.5,Lactating,NA,NA,NA,NA,NA,NA,523.7540365548998,523.7540365548998,619.427209467455,619.427209467455,619.427209467455,619.427209467455,555.6450941924181,555.6450941924181,28.32104712041885,27.873156398104264,27.949954397394137,28.25205574912892,27.985553349875932,28.100391644908616,27.996850420168066,27.991565217391305,0,0,0,0,0,0,0,0,0,9,30,1.995694092234458,50,50,40,50,3.3333333333333335,6.666666666666667,0,0,0,0,0,0
200-733TAM-CIMI-CR-23-JL,733,TAM,2023-02-01,14:48:00,JL,Tenori,F,8.6,Lactating,NA,NA,NA,NA,NA,NA,NA,NA,NA,NA,NA,NA,NA,NA,29.12390625,28.574138257575758,28.50478515625,28.8759375,28.245811414392058,28.60703125,28.106642016806724,28.44484375,0,0,0,0,0,0,0,0,0,6,26,-0.488067411345831,46.15384615384615,53.84615384615385,19.230769230769234,46.15384615384615,0,30.76923076923077,0,0,3.8461538461538463,0,0,0
201-814TAM-CIMI-CR-23-JL,814,TAM,2023-02-20,13:55:00,JL,Tenori,F,8.6,Lactating,NA,NA,NA,NA,NA,NA,NA,NA,NA,NA,NA,NA,NA,NA,28.878125,28.825492424242423,28.836647135416666,28.751354166666665,28.8234126984127,28.7640625,28.691609543010753,28.71029513888889,0,0,0,0,0,0,0,0,0,8,21,2.157230709178808,33.33333333333333,66.66666666666666,47.61904761904761,33.33333333333333,19.047619047619047,0,0,0,0,0,0,0
202-892TAM-CIMI-CR-23-JL,892,TAM,2023-03-02,10:26:00,JL,Tenori,F,8.7,Lactating,NA,NA,NA,NA,NA,NA,NA,NA,NA,NA,NA,NA,NA,NA,29.326041666666665,29.04104166666667,28.898958333333333,29.21527777777778,28.91437996031746,29.134140625,28.884297715053762,28.982083333333335,0,0,0,0,0,0,0,0,0,9,30,1.995694092234458,43.333333333333336,56.666666666666664,50,40,6.666666666666667,0,3.3333333333333335,0,0,0,0,0
203-1038TAM-CIMI-CR-23-JL,1038,TAM,2023-03-24,10:57:00,JL,Tenori,F,8.7,Lactating,NA,NA,NA,NA,NA,NA,NA,NA,NA,NA,NA,NA,NA,NA,29.545572916666668,28.18054924242424,28.114192708333334,29.4046875,28.40390873015873,29.40997395833333,28.603763440860217,29.539045138888888,0,0.11647727272727346,0.1001302083333333,0,0.0762896825396837,0,0.051680107526882464,0,0,4,14,-0.9393519220866972,35.714285714285715,64.28571428571429,64.28571428571429,35.714285714285715,0,0,0,0,0,0,0,0
204-1092TAM-CIMI-CR-23-JL,1092,TAM,2023-04-06,10:10:00,VM,Tenori,F,8.8,Lactating,NA,NA,NA,NA,NA,NA,NA,NA,NA,NA,NA,NA,NA,NA,29.520260416666666,29.15254734848485,29.255110677083334,29.474895833333335,29.092410714285716,29.482786458333333,28.638309811827956,29.172899305555557,0,1.8939393939394102e-4,1.302083333333327e-4,0,0.028472222222222877,5.208333333333344e-4,0.05174731182795766,4.166666666666668e-4,3.4722222222222327e-4,4,18,-1.4555904185064084,55.55555555555556,44.44444444444444,44.44444444444444,55.55555555555556,0,0,0,0,0,0,0,0
206-1202TAM-CIMI-CR-23-JL,1202,TAM,2023-04-24,10:57:00,AW,Tenori,F,8.8,Lactating,NA,NA,NA,NA,NA,NA,NA,NA,NA,NA,NA,NA,NA,NA,28.074947916666666,29.764232954545456,29.899459635416665,28.283541666666668,29.77106150793651,28.856223958333334,29.568881048387098,29.482499999999998,0.02916666666666667,0.010984848484848597,0.007552083333333237,0.04027777777777773,0.0057539682539683714,0.030208333333333306,0.003965053763440909,0.024166666666666715,0.020138888888888856,3,10,-1.4231134256669857,80,20,20,70,0,0,10,0,0,0,0,0
207-1265TAM-CIMI-CR-23-JL,1265,TAM,2023-05-09,10:17:00,EM,Tenori,F,8.9,Lactating,NA,NA,NA,NA,NA,NA,NA,NA,NA,NA,NA,NA,NA,NA,31.343229166666667,30.853267045454544,30.1918359375,31.294270833333332,30.10343253968254,31.267890625,30.118336693548386,31.49204861111111,0,0.0018939393939393647,0.004947916666666714,0,0.00684523809523818,0,0.004637096774193596,0,0,5,13,0.18970770201823076,61.53846153846154,38.46153846153847,38.46153846153847,61.53846153846154,0,0,0,0,0,0,0,0
208-1331TAM-CIMI-CR-23-JL,1331,TAM,2023-05-23,14:43:00,JL,Tenori,F,8.9,Lactating,NA,NA,NA,NA,NA,NA,NA,NA,NA,NA,NA,NA,NA,NA,30.102083333333333,30.87848484848485,31.08869140625,30.403784722222223,31.219419642857144,30.760729166666668,30.52127688172043,31.117569444444445,0,0,0,0,0,0,0.0026209677419353973,0,0,4,17,-1.3265307944014804,82.35294117647058,17.647058823529413,17.647058823529413,82.35294117647058,0,0,0,0,0,0,0,0
210-1407TAM-CIMI-CR-23-JL,1407,TAM,2023-06-13,07:29:00,AW,Tenori,F,9,Lactating,NA,NA,NA,NA,NA,NA,NA,NA,NA,NA,487.8328047337294,NA,NA,487.8328047337294,29.3453125,27.674270833333335,27.669088541666667,29.007361111111113,27.93176091269841,28.376875,28.866515456989248,27.907447916666666,0.018749999999999982,0.050757575757575765,0.15312499999999946,0.01319444444444447,0.1462301587301574,0.013541666666666667,0.09905913978494661,0.012083333333333297,0.010763888888888887,8,21,2.157230709178808,57.14285714285714,42.857142857142854,42.857142857142854,57.14285714285714,0,0,0,0,0,0,0,0
211-1493TAM-CIMI-CR-23-JL,1493,TAM,2023-07-10,15:50:00,VM,Tenori,F,9,Lactating,NA,NA,NA,NA,NA,NA,844.2061946541545,844.2061946541545,NA,NA,NA,NA,844.2061946541545,844.2061946541545,29.18777777777778,28.676700636942677,28.68808426073132,28.799765258215963,28.524171461449942,28.830755395683454,28.31502223869533,28.873217592592592,0.07222222222222223,0.0996178343949042,0.07154213036565951,0.061032863849765286,0.09148446490218583,0.05395683453237403,0.11163825055596636,0.04679665738161568,0.03888888888888898,4,9,-0.294053801562058,55.55555555555556,44.44444444444444,44.44444444444444,55.55555555555556,0,0,0,0,0,0,0,0
212-271TAN-CIMI-CR-23-JL,271,TAN,2022-10-26,09:04:00,NA,Tenori,F,5.7,juv,NA,NA,NA,NA,NA,NA,NA,NA,NA,NA,NA,NA,NA,NA,27.675625,27.01155303030303,26.993574218750002,27.318958333333335,26.793834325396826,27.319322916666668,26.64952620967742,27.147256944444443,0.09270833333333371,0.09564393939393952,0.1334635416666669,0.11388888888888904,0.12509920634920693,0.1031249999999999,0.1264784946236565,0.08291666666666683,0.10729166666666672,NA,NA,NA,NA,NA,NA,NA,NA,NA,NA,NA,NA,NA,NA,NA
213-345TAN-CIMI-CR-23-JL,345,TAN,2022-11-11,09:07:00,AW,Tenori,F,5.7,juv,NA,NA,NA,NA,NA,NA,NA,NA,1260.2347455621289,1260.2347455621289,1260.2347455621289,1260.2347455621289,1260.2347455621289,1260.2347455621289,25.776302083333334,25.48224431818182,26.061354166666668,25.661597222222223,26.35215277777778,25.598255208333335,26.501841397849464,25.058107638888888,0.1822916666666668,0.3039772727272723,0.2092447916666677,0.12291666666666659,0.17916666666666703,0.21822916666666636,0.17594086021505356,0.2874999999999994,0.40659722222222267,3,19,-2.5846500426113366,26.31578947368421,73.68421052631578,5.263157894736842,26.31578947368421,0,68.42105263157895,0,0,0,0,0,0
214-403TAN-CIMI-CR-23-JL,403,TAN,2022-11-22,09:57:00,VM,Tenori,F,5.7,juv,NA,NA,NA,NA,NA,565.5246958579876,565.5246958579876,565.5246958579876,565.5246958579876,565.5246958579876,565.5246958579876,565.5246958579876,565.5246958579876,565.5246958579876,26.795677083333334,27.082660984848484,26.506139322916667,26.955,26.25127976190476,26.8615625,26.58607190860215,27.244184027777777,0.0020833333333333368,0.007386363636363582,0.09492187500000188,0.0013888888888888922,0.16170634920634638,0.0010416666666666688,0.12392473118279494,8.333333333333348e-4,6.944444444444464e-4,8,35,0.3503959717098185,20.588235294117645,79.41176470588235,11.76470588235294,20.588235294117645,0,55.88235294117647,0,2.941176470588235,8.823529411764707,0,0,0
215-485TAN-CIMI-CR-23-JL,485,TAN,2022-12-12,11:47:00,LW,Tenori,F,5.8,juv,NA,NA,NA,NA,NA,NA,NA,NA,NA,NA,NA,NA,NA,NA,27.378645833333334,27.17502840909091,27.001529947916666,27.31628472222222,26.835982142857144,27.228385416666665,26.943450940860217,27.210555555555555,0,0,0.006380208333333111,0,0.02529761904761848,0,0.019758064516129208,0,0,6,20,0.28629033328373593,50,50,30,50,0,15,0,0,5,0,0,0
216-578TAN-CIMI-CR-23-JL,578,TAN,2022-12-29,10:39:00,JL,Tenori,F,5.8,Pregnant,NA,NA,NA,NA,NA,NA,NA,NA,NA,NA,NA,NA,NA,NA,28.08453125,28.041695075757577,28.066126302083333,27.990833333333335,27.89453373015873,27.988619791666668,27.620702284946237,28.113072916666667,0,0,0,0,0,0,4.7043010752687e-4,0,0,4,16,-1.1974711702965528,37.5,62.5,37.5,37.5,0,25,0,0,0,0,0,0
217-660TAN-CIMI-CR-23-JL,660,TAN,2023-01-12,09:42:00,JL,Tenori,F,5.9,Pregnant,NA,NA,NA,NA,NA,NA,797.847540828415,765.4042215835492,NA,NA,NA,NA,797.847540828415,765.4042215835492,28.32104712041885,27.873156398104264,27.949954397394137,28.25205574912892,27.985553349875932,28.100391644908616,27.996850420168066,27.991565217391305,0,0,0,0,0,0,0,0,0,8,27,1.3828729645492412,51.85185185185185,48.148148148148145,40.74074074074074,51.85185185185185,0,7.4074074074074066,0,0,0,0,0,0
218-718TAN-CIMI-CR-23-JL,718,TAN,2023-01-31,07:38:00,CB,Tenori,F,5.9,Pregnant,NA,NA,NA,NA,NA,NA,NA,3163.384946745559,NA,NA,NA,NA,NA,3163.384946745559,28.7928125,28.486714015151517,28.360670572916668,28.461979166666666,28.204640198511168,28.31984375,28.066484033613445,28.34359375,0,0,0,0,0,0,0,0,0,7,15,1.931588453808375,20,80,60,20,0,13.333333333333334,0,0,6.666666666666667,0,0,0
219-829TAN-CIMI-CR-23-JL,829,TAN,2023-02-22,09:53:00,AW,Tenori,F,6,Pregnant,NA,NA,NA,NA,NA,NA,NA,NA,NA,NA,NA,NA,NA,NA,29.222916666666666,28.854943181818182,28.972701822916665,29.25857638888889,28.832842261904762,29.050520833333334,28.762271505376344,28.91701388888889,0,0,0,0,0,0,0,0,0,10,21,4.157230709178807,35.294117647058826,64.70588235294117,58.82352941176471,35.294117647058826,5.88235294117647,0,0,0,0,0,0,0
220-902TAN-CIMI-CR-23-JL,902,TAN,2023-03-03,08:19:00,JL,Tenori,F,6,Pregnant,6.25,0.32,0.53,16.5,23.6,2528.4996607495045,2053.687202479557,1710.908896327594,2528.4996607495045,2528.4996607495045,2528.4996607495045,2528.4996607495045,2053.687202479557,1710.908896327594,29.694114583333334,29.0703125,28.98751953125,29.434652777777778,28.951150793650793,29.324427083333333,28.898692876344086,29.08779513888889,0,0,0,0,0,0,0,0,0,14,53,4.027322737821118,53.06122448979592,46.93877551020408,36.734693877551024,53.06122448979592,10.204081632653061,0,0,0,0,0,0,0
221-1121TAN-CIMI-CR-23-JL,1121,TAN,2023-04-11,09:25:00,VM,Tenori,F,6.1,Pregnant,NA,NA,NA,NA,NA,1537.125031952661,1537.125031952661,1537.125031952661,1151.0746272189335,1151.0746272189335,1113.395565680472,1344.0998295857971,1344.0998295857971,1254.6387211045349,30.051197916666666,29.39996212121212,29.315013020833334,29.9953125,29.354474206349206,29.941901041666668,28.74357190860215,29.634253472222223,0,1.8939393939394156e-4,1.3020833333333116e-4,0,9.920634920634955e-5,0,0.050470430107529024,0,0,4,20,-1.7137096667162641,50,50,45,50,5,0,0,0,0,0,0,0
222-1198TAN-CIMI-CR-23-JL,1198,TAN,2023-04-24,12:16:00,AW,Tenori,F,6.2,Pregnant,NA,NA,NA,NA,NA,1432.297156382082,1432.297156382082,1432.297156382082,1393.3525207100663,1393.3525207100663,1393.3525207100663,1432.297156382082,1432.297156382082,1432.297156382082,28.074947916666666,29.764232954545456,29.899459635416665,28.283541666666668,29.77106150793651,28.856223958333334,29.568881048387098,29.482499999999998,0.02916666666666667,0.010984848484848597,0.007552083333333237,0.04027777777777773,0.0057539682539683714,0.030208333333333306,0.003965053763440909,0.024166666666666715,0.020138888888888856,4,8,-0.16499417745713024,42.857142857142854,57.14285714285714,57.14285714285714,42.857142857142854,0,0,0,0,0,0,0,0
223-1257TAN-CIMI-CR-23-JL,1257,TAN,2023-05-08,11:17:00,JL,Tenori,F,6.2,Pregnant,NA,NA,NA,NA,NA,NA,NA,NA,NA,NA,NA,NA,NA,NA,31.19171875,30.606685606060605,29.99547526041667,31.190729166666667,30.02437996031746,31.368619791666667,30.062926747311828,31.562638888888888,0,0.0018939393939393708,0.0050781250000001095,0,0.00684523809523818,0,0.004637096774193603,0,0,5,8,0.8350058225428698,42.857142857142854,57.14285714285714,57.14285714285714,42.857142857142854,0,0,0,0,0,0,0,0
224-1334TAN-CIMI-CR-23-JL,1334,TAN,2023-05-24,14:45:00,CB,Tenori,F,6.2,Lactating,NA,NA,NA,NA,NA,NA,NA,NA,1516.41149619611,1516.41149619611,1516.41149619611,1516.41149619611,1516.41149619611,1516.41149619611,29.787239583333335,30.70489583333333,30.980677083333333,29.88767361111111,31.102083333333333,30.167552083333334,30.55680107526882,30.776041666666664,0.007291666666666666,0.0013257575757575893,9.114583333333364e-4,0.0048611111111111155,6.944444444444187e-4,0.0036458333333333256,0.003024193548387157,0.002916666666666657,0.0024305555555555513,3,7,-1.0359345533522024,57.14285714285714,42.857142857142854,42.857142857142854,57.14285714285714,0,0,0,0,0,0,0,0
226-1378TAN-CIMI-CR-23-JL,1378,TAN,2023-06-06,08:42:00,JL,Tenori,F,6.3,Lactating,NA,NA,NA,NA,NA,NA,NA,NA,NA,NA,NA,NA,NA,NA,27.65875,27.803901515151516,28.306562500000002,27.565104166666668,29.032708333333336,27.637708333333332,29.719879032258067,27.542569444444446,0.11249999999999993,0.21363636363636318,0.1856770833333345,0.15277777777777757,0.141468253968253,0.1145833333333333,0.09583333333333438,0.09958333333333333,0.08576388888888875,6,25,-0.35900778724090315,52,48,48,52,0,0,0,0,0,0,0,0
227-1490TAN-CIMI-CR-23-JL,1490,TAN,2023-07-10,11:59:00,AW,Tenori,F,6.4,Lactating,14.4,5.63,0.45,50,70.48,833.2003626035494,833.2003626035494,833.2003626035494,833.2003626035494,833.2003626035494,833.2003626035494,833.2003626035494,833.2003626035494,833.2003626035494,29.18777777777778,28.676700636942677,28.68808426073132,28.799765258215963,28.524171461449942,28.830755395683454,28.31502223869533,28.873217592592592,0.07222222222222223,0.0996178343949042,0.07154213036565951,0.061032863849765286,0.09148446490218583,0.05395683453237403,0.11163825055596636,0.04679665738161568,0.03888888888888898,4,7,-0.035934553352202456,28.57142857142857,71.42857142857143,71.42857142857143,28.57142857142857,0,0,0,0,0,0,0,0
228-1538TAN-CIMI-CR-23-JL,1538,TAN,2023-07-20,09:58:00,AW,Tenori,F,6.4,Lactating,NA,NA,NA,NA,NA,NA,NA,NA,NA,NA,NA,NA,NA,NA,30.3290625,29.07095516569201,28.969746376811596,29.83295138888889,28.861067512983265,29.451858638743456,28.696958302308264,29.14397526501767,0,0.007017543859649109,0.01724637681159424,0,0.04916330063473681,0.008900523560209412,0.061801935964258065,0.0072340425531914375,0.009187279151943438,3,9,-1.294053801562058,22.22222222222222,77.77777777777779,77.77777777777779,22.22222222222222,0,0,0,0,0,0,0,0
229-678TAN-CIMI-CR-23-JL,678,TAN,2023-01-18,09:18:00,EM,Tenori,F,5.9,Pregnant,NA,NA,NA,NA,NA,700.5175830938174,700.5175830938174,700.5175830938174,765.4042215835492,765.4042215835492,765.4042215835492,765.4042215835492,765.4042215835492,765.4042215835492,28.091145833333332,27.717052132701422,27.782931596091206,27.63954861111111,27.810357320099257,27.2453125,27.880406722689074,27.467413194444443,0,0,0,0,0,0,0,0,0,7,28,0.2538133404443133,46.42857142857143,53.57142857142857,42.857142857142854,46.42857142857143,0,10.714285714285714,0,0,0,0,0,0
231-466TEM-CIMI-CR-23-JL,466,TEM,2022-12-09,11:14:00,AW,Tenori,M,6.2,M,NA,NA,NA,NA,NA,NA,565.5246958579876,565.5246958579876,NA,NA,NA,NA,565.5246958579876,565.5246958579876,26.977760416666666,27.038295454545455,26.800364583333334,27.10482638888889,26.801671626984128,27.194479166666667,26.783319892473116,27.060347222222223,0,0.0013257575757575845,0.03320312500000002,0,0.02549603174603226,0,0.03165322580645192,0,0,7,17,1.6734692055985196,23.52941176470588,76.47058823529412,47.05882352941176,23.52941176470588,11.76470588235294,17.647058823529413,0,0,0,0,0,0
232-726TEM-CIMI-CR-23-JL,726,TEM,2023-02-01,12:25:00,AW,Tenori,M,6.4,M,NA,NA,NA,NA,NA,NA,NA,NA,415.91555029585663,415.91555029585663,415.91555029585663,415.91555029585663,415.91555029585663,415.91555029585663,29.12390625,28.574138257575758,28.50478515625,28.8759375,28.245811414392058,28.60703125,28.106642016806724,28.44484375,0,0,0,0,0,0,0,0,0,9,16,3.802528829703447,25,75,56.25,25,0,6.25,0,0,12.5,0,0,0
233-1109TEM-CIMI-CR-23-JL,1109,TEM,2023-04-07,13:14:00,JL,Tenori,M,6.6,M,2.19,0.09,0.09,9.74,12.11,1370.2681448520757,1370.2681448520757,1370.2681448520757,1370.2681448520757,1370.2681448520757,1370.2681448520757,1370.2681448520757,1370.2681448520757,1370.2681448520757,29.018958333333334,29.05314393939394,29.222089843750002,29.211701388888887,29.191319444444446,29.254817708333334,28.620413306451614,29.213541666666668,0,1.8939393939394102e-4,1.3020833333333227e-4,0,2.9761904761904857e-4,0,0.05174731182795776,4.166666666666653e-4,3.4722222222222327e-4,8,21,2.157230709178808,38.095238095238095,61.904761904761905,52.38095238095239,38.095238095238095,9.523809523809524,0,0,0,0,0,0,0
234-1175TEM-CIMI-CR-23-JL,1175,TEM,2023-04-18,10:19:00,JL,Tenori,M,6.6,M,NA,NA,NA,NA,NA,NA,NA,1255.7177751479342,NA,NA,NA,NA,NA,1255.7177751479342,29.886770833333333,30.116183712121213,29.862734375,30.067256944444445,29.591949404761905,30.168984375,29.579825268817206,30.16449652777778,0,0,1.3020833333333393e-4,0,9.920634920634955e-5,0,6.720430107527035e-5,0,0,11,28,4.253813340444314,50,50,39.285714285714285,35.714285714285715,10.714285714285714,0,14.285714285714285,0,0,0,0,0
235-1262TEM-CIMI-CR-23-JL,1262,TEM,2023-05-08,10:46:00,JL,Tenori,M,6.7,M,NA,NA,NA,NA,NA,NA,NA,NA,NA,NA,NA,NA,NA,NA,31.19171875,30.606685606060605,29.99547526041667,31.190729166666667,30.02437996031746,31.368619791666667,30.062926747311828,31.562638888888888,0,0.0018939393939393708,0.0050781250000001095,0,0.00684523809523818,0,0.004637096774193603,0,0,6,11,1.4478269502280863,45.45454545454545,54.54545454545454,45.45454545454545,45.45454545454545,9.090909090909092,0,0,0,0,0,0,0
236-1339TEM-CIMI-CR-23-JL,1339,TEM,2023-05-29,11:40:00,AW,Tenori,M,6.7,M,NA,NA,NA,NA,NA,NA,NA,NA,NA,NA,NA,NA,NA,NA,29.109791666666666,29.88121212121212,30.11193359375,28.87934027777778,30.46323412698413,28.96015625,30.568209005376346,28.91598958333333,0.015625,0.059280303030303363,0.040755208333333806,0.010416666666666647,0.031051587301586813,0.008333333333333344,0.021706989247311008,0.12750000000000053,0.10868055555555511,2,9,-2.294053801562058,77.77777777777779,22.22222222222222,22.22222222222222,77.77777777777779,0,0,0,0,0,0,0,0
237-1408TEM-CIMI-CR-23-JL,1408,TEM,2023-06-13,08:38:00,AW,Tenori,M,6.8,M,NA,NA,NA,NA,NA,NA,NA,NA,NA,NA,NA,NA,NA,NA,29.3453125,27.674270833333335,27.669088541666667,29.007361111111113,27.93176091269841,28.376875,28.866515456989248,27.907447916666666,0.018749999999999982,0.050757575757575765,0.15312499999999946,0.01319444444444447,0.1462301587301574,0.013541666666666667,0.09905913978494661,0.012083333333333297,0.010763888888888887,5,14,0.060648077913302845,57.14285714285714,42.857142857142854,42.857142857142854,57.14285714285714,0,0,0,0,0,0,0,0
238-1470TEM-CIMI-CR-23-JL,1470,TEM,2023-06-29,07:52:00,AW,Tenori,M,6.8,M,NA,NA,NA,NA,NA,NA,NA,NA,NA,NA,NA,NA,NA,NA,30.213027027027028,28.546053384175405,28.113799869195553,29.21978647686833,28.12090592334495,28.763607427055703,27.834563826204107,28.555026362038664,0,0.07721639656815973,0.14244604316546863,0.031316725978647826,0.11129915380786563,0.03023872679045097,0.151566183900304,0.024947145877378434,0.022847100175746912,4,10,-0.4231134256669858,50,50,50,50,0,0,0,0,0,0,0,0
239-1522TEM-CIMI-CR-23-JL,1522,TEM,2023-07-18,07:49:00,AW,Tenori,M,6.8,M,NA,NA,NA,NA,NA,NA,NA,NA,NA,NA,NA,NA,NA,NA,28.565421052631578,28.70607843137255,28.73875191424196,28.411330935251797,28.842676709154112,28.535588235294117,28.592192851824276,28.410762411347516,0.017894736842105304,0.02063983488132107,0.019754977029096413,0.012230215827338128,0.04936268829663969,0.013903743315508029,0.06202531645569662,0.011111111111111132,0.009219858156028398,5,13,0.18970770201823076,53.84615384615385,46.15384615384615,46.15384615384615,46.15384615384615,0,0,7.6923076923076925,0,0,0,0,0
242-139TER-CIMI-CR-23-JL,139,TER,2022-09-23,09:55:00,JL,Tenori,F,6.2,Pregnant,NA,NA,NA,NA,NA,496.4306242807603,496.4306242807603,496.4306242807603,424.707668324534,424.707668324534,424.707668324534,424.707668324534,424.707668324534,424.707668324534,26.14703125,25.865823863636365,26.001666666666665,26.173368055555557,26.18687996031746,26.079947916666665,26.180771118121275,25.896597222222223,0.03958333333333326,0.09905303030303064,0.11197916666666627,0.027083333333333407,0.13144841269841326,0.058854166666666735,0.1270241850683485,0.07791666666666652,0.06597222222222233,NA,NA,NA,NA,NA,NA,NA,NA,NA,NA,NA,NA,NA,NA,NA
243-245TER-CIMI-CR-23-JL,245,TER,2022-10-19,10:34:00,EM,Tenori,F,6.3,Pregnant,NA,NA,NA,NA,NA,NA,NA,NA,NA,NA,NA,NA,NA,NA,27.341927083333335,26.597367424242425,26.747610677083333,26.98888888888889,26.626954365079364,26.736119791666667,26.415272177419354,26.66699652777778,0.015625,0.16401515151515145,0.11940104166666532,0.01388888888888891,0.09930555555555598,0.08385416666666713,0.12647849462365643,0.14791666666666636,0.18888888888888822,NA,NA,NA,NA,NA,NA,NA,NA,NA,NA,NA,NA,NA,NA,NA
244-328TER-CIMI-CR-23-JL,328,TER,2022-11-08,16:45:00,AW,Tenori,F,6.4,Pregnant,3.38,0.24,0.27,12.5,16.39,815.0177269807,815.0177269807,815.0177269807,640.5064047337326,640.5064047337326,640.5064047337326,815.0177269807,815.0177269807,815.0177269807,24.602083333333333,25.86595643939394,26.372109375,24.454618055555557,26.571899801587303,24.53924479166667,26.54033938172043,24.914947916666666,0.5343749999999997,0.27083333333333504,0.20755208333333292,0.6902777777777778,0.17599206349206545,0.5692708333333332,0.17741935483870847,0.4741666666666666,0.44062500000000054,3,22,-2.97182891492612,54.54545454545454,45.45454545454545,22.727272727272727,54.54545454545454,0,22.727272727272727,0,0,0,0,0,0
245-445TER-CIMI-CR-23-JL,445,TER,2022-12-06,17:13:00,JL,Tenori,F,6.4,Pregnant,NA,NA,NA,NA,NA,NA,NA,1233.8461289318027,NA,NA,NA,NA,NA,1233.8461289318027,27.012447916666666,26.76994318181818,26.729108072916667,27.015868055555554,26.922718253968252,27.018671875,26.52684811827957,27.23878472222222,0,0.00965909090909084,0.03346354166666685,0,0.02559523809523777,0,0.0984543010752715,0,0,2,7,-2.035934553352203,57.14285714285714,42.857142857142854,28.57142857142857,57.14285714285714,0,14.285714285714285,0,0,0,0,0,0
246-508TER-CIMI-CR-23-JL,508,TER,2022-12-14,14:28:00,AW,Tenori,F,6.5,Pregnant,NA,NA,NA,NA,NA,659.1765491124497,659.1765491124497,659.1765491124497,1233.8461289318027,1233.8461289318027,1233.8461289318027,946.5113390221262,946.5113390221262,946.5113390221262,27.489010416666666,27.20808712121212,27.1467578125,27.360416666666666,26.939652777777777,27.433828125,26.994304435483873,27.315260416666668,0,0,9.114583333333387e-4,0,0.02529761904761833,0,0.019690860215053885,0,0,5,31,-2.1333655318704703,53.333333333333336,46.666666666666664,20,53.333333333333336,3.3333333333333335,23.333333333333332,0,0,0,0,0,0
247-721TER-CIMI-CR-23-JL,721,TER,2023-01-31,14:01:00,JL,Tenori,F,6.6,Lactating,NA,NA,NA,NA,NA,NA,NA,NA,NA,NA,NA,NA,NA,NA,28.7928125,28.486714015151517,28.360670572916668,28.461979166666666,28.204640198511168,28.31984375,28.066484033613445,28.34359375,0,0,0,0,0,0,0,0,0,8,28,1.2538133404443133,46.42857142857143,53.57142857142857,25,46.42857142857143,0,21.428571428571427,0,0,7.142857142857142,0,0,0
248-813TER-CIMI-CR-23-JL,813,TER,2023-02-20,13:55:00,JL,Tenori,F,6.6,Lactating,NA,NA,NA,NA,NA,NA,NA,NA,NA,NA,NA,NA,NA,NA,28.878125,28.825492424242423,28.836647135416666,28.751354166666665,28.8234126984127,28.7640625,28.691609543010753,28.71029513888889,0,0,0,0,0,0,0,0,0,7,20,1.2862903332837359,52.63157894736842,47.368421052631575,31.57894736842105,52.63157894736842,10.526315789473683,5.263157894736842,0,0,0,0,0,0
249-910TER-CIMI-CR-23-JL,910,TER,2023-03-06,16:29:00,AW,Tenori,F,6.7,Lactating,NA,NA,NA,NA,NA,NA,NA,NA,NA,NA,NA,NA,NA,NA,29.15421875,29.183513257575758,29.1307421875,29.520729166666666,29.024935515873015,29.553515625,28.970302419354837,29.477690972222224,0,0,0,0,0,0,0,0,0,9,47,-0.1983195175493151,61.702127659574465,38.297872340425535,29.78723404255319,61.702127659574465,8.51063829787234,0,0,0,0,0,0,0
250-1469TES-CIMI-CR-23-JL,1469,TES,2023-06-29,06:51:00,AW,Tenori,F,19,Lactating,NA,NA,NA,NA,NA,NA,NA,NA,1011.2801838871178,1011.2801838871178,1011.2801838871178,1011.2801838871178,1011.2801838871178,1011.2801838871178,30.213027027027028,28.546053384175405,28.113799869195553,29.21978647686833,28.12090592334495,28.763607427055703,27.834563826204107,28.555026362038664,0,0.07721639656815973,0.14244604316546863,0.031316725978647826,0.11129915380786563,0.03023872679045097,0.151566183900304,0.024947145877378434,0.022847100175746912,2,7,-2.035934553352203,71.42857142857143,28.57142857142857,28.57142857142857,71.42857142857143,0,0,0,0,0,0,0,0
251-1537TES-CIMI-CR-23-JL,1537,TES,2023-07-20,10:10:00,AW,Tenori,F,19.1,Lactating,NA,NA,NA,NA,NA,NA,NA,NA,NA,NA,NA,NA,NA,NA,30.3290625,29.07095516569201,28.969746376811596,29.83295138888889,28.861067512983265,29.451858638743456,28.696958302308264,29.14397526501767,0,0.007017543859649109,0.01724637681159424,0,0.04916330063473681,0.008900523560209412,0.061801935964258065,0.0072340425531914375,0.009187279151943438,4,11,-0.5521730497719136,72.72727272727273,27.27272727272727,27.27272727272727,72.72727272727273,0,0,0,0,0,0,0,0
252-872TEM-CIMI-CR-23-JL,872,TEM,2023-02-28,08:13:00,EM,Tenori,M,6.5,M,NA,NA,NA,NA,NA,NA,NA,NA,NA,NA,NA,NA,NA,NA,28.942239583333333,28.883958333333332,28.82767578125,28.7409375,28.915520833333332,28.810104166666665,28.80456317204301,28.837274305555557,0,0,0,0,0,0,0,0,0,8,22,2.02817108507388,40.909090909090914,59.09090909090909,59.09090909090909,40.909090909090914,0,0,0,0,0,0,0,0
253-1173TER-CIMI-CR-23-JL,1173,TER,2023-04-18,08:45:00,JL,Tenori,F,6.8,Cycling,NA,NA,NA,NA,NA,NA,NA,NA,NA,NA,NA,NA,NA,NA,29.886770833333333,30.116183712121213,29.862734375,30.067256944444445,29.591949404761905,30.168984375,29.579825268817206,30.16449652777778,0,0,1.3020833333333393e-4,0,9.920634920634955e-5,0,6.720430107527035e-5,0,0,5,14,0.060648077913302845,57.14285714285714,42.857142857142854,35.714285714285715,57.14285714285714,7.142857142857142,0,0,0,0,0,0,0
254-1268TER-CIMI-CR-23-JL,1268,TER,2023-05-09,15:40:00,LS,Tenori,F,6.9,Cycling,NA,NA,NA,NA,NA,NA,NA,NA,NA,NA,NA,NA,NA,NA,31.343229166666667,30.853267045454544,30.1918359375,31.294270833333332,30.10343253968254,31.267890625,30.118336693548386,31.49204861111111,0,0.0018939393939393647,0.004947916666666714,0,0.00684523809523818,0,0.004637096774193596,0,0,5,13,0.18970770201823076,53.84615384615385,46.15384615384615,38.46153846153847,53.84615384615385,7.6923076923076925,0,0,0,0,0,0,0
255-1379TER-CIMI-CR-23-JL,1379,TER,2023-06-06,10:30:00,JL,Tenori,F,6.9,Cycling,NA,NA,NA,NA,NA,NA,NA,NA,NA,NA,NA,NA,NA,NA,27.65875,27.803901515151516,28.306562500000002,27.565104166666668,29.032708333333336,27.637708333333332,29.719879032258067,27.542569444444446,0.11249999999999993,0.21363636363636318,0.1856770833333345,0.15277777777777757,0.141468253968253,0.1145833333333333,0.09583333333333438,0.09958333333333333,0.08576388888888875,4,9,-0.294053801562058,66.66666666666666,33.33333333333333,33.33333333333333,66.66666666666666,0,0,0,0,0,0,0,0
256-1507TER-CIMI-CR-23-JL,1507,TER,2023-07-12,10:12:00,AW,Tenori,F,7,Cycling,NA,NA,NA,NA,NA,NA,NA,NA,NA,NA,NA,NA,NA,NA,29.469635416666666,28.916955974842768,28.919030206677267,29.55537037037037,28.554390103567318,29.348839285714284,28.461704966641957,29.091744680851065,0.009374999999999998,0.050566037735848765,0.07058823529411785,0.007407407407407418,0.06375143843498259,0.03630952380952385,0.11171237954039838,0.03654320987654336,0.03574468085106387,2,7,-2.035934553352203,71.42857142857143,28.57142857142857,28.57142857142857,71.42857142857143,0,0,0,0,0,0,0,0
257-126TES-CIMI-CR-23-JL,126,TES,2022-09-20,12:56:00,JL,Tenori,F,18.2,Lactating,NA,NA,NA,NA,NA,907.2266637977428,907.2266637977428,907.2266637977428,NA,NA,NA,907.2266637977428,907.2266637977428,907.2266637977428,25.7121875,25.92502840909091,26.105533854166666,25.61982638888889,26.181780753968255,25.741276041666666,26.251391517700664,25.853680555555556,0.1541666666666666,0.10397727272727268,0.14830729166666665,0.10486111111111111,0.14871031746031704,0.12083333333333332,0.14034349807220467,0.11666666666666671,0.09965277777777781,NA,NA,NA,NA,NA,NA,NA,NA,NA,NA,NA,NA,NA,NA,NA
258-243TES-CIMI-CR-23-JL,243,TES,2022-10-19,11:57:00,EM,Tenori,F,18.3,Lactating,NA,NA,NA,NA,NA,NA,NA,NA,NA,NA,NA,NA,NA,NA,27.341927083333335,26.597367424242425,26.747610677083333,26.98888888888889,26.626954365079364,26.736119791666667,26.415272177419354,26.66699652777778,0.015625,0.16401515151515145,0.11940104166666532,0.01388888888888891,0.09930555555555598,0.08385416666666713,0.12647849462365643,0.14791666666666636,0.18888888888888822,NA,NA,NA,NA,NA,NA,NA,NA,NA,NA,NA,NA,NA,NA,NA
259-326TES-CIMI-CR-23-JL,326,TES,2022-11-08,14:19:00,AW,Tenori,F,18.4,Lactating,NA,NA,NA,NA,NA,1303.121145978284,1303.121145978284,1303.121145978284,NA,NA,NA,1303.121145978284,1303.121145978284,1303.121145978284,24.602083333333333,25.86595643939394,26.372109375,24.454618055555557,26.571899801587303,24.53924479166667,26.54033938172043,24.914947916666666,0.5343749999999997,0.27083333333333504,0.20755208333333292,0.6902777777777778,0.17599206349206545,0.5692708333333332,0.17741935483870847,0.4741666666666666,0.44062500000000054,4,27,-2.617127035450759,37.03703703703704,62.96296296296296,22.22222222222222,37.03703703703704,3.7037037037037033,37.03703703703704,0,0,0,0,0,0
260-401TES-CIMI-CR-23-JL,401,TES,2022-11-22,06:37:00,VM,Tenori,F,18.4,Lactating,NA,NA,NA,NA,NA,NA,NA,NA,NA,NA,730.2435502958573,NA,NA,730.2435502958573,26.795677083333334,27.082660984848484,26.506139322916667,26.955,26.25127976190476,26.8615625,26.58607190860215,27.244184027777777,0.0020833333333333368,0.007386363636363582,0.09492187500000188,0.0013888888888888922,0.16170634920634638,0.0010416666666666688,0.12392473118279494,8.333333333333348e-4,6.944444444444464e-4,3,40,-5.294902148814821,29.72972972972973,70.27027027027027,8.108108108108109,29.72972972972973,2.7027027027027026,59.45945945945946,0,0,0,0,0,0
261-670TES-CIMI-CR-23-JL,670,TES,2023-01-17,11:22:00,AW,Tenori,F,18.6,Lactating,NA,NA,NA,NA,NA,NA,NA,NA,NA,NA,NA,NA,NA,NA,27.282135416666666,27.672379146919432,27.690807817589576,26.875625,27.792749379652605,27.087057291666667,27.869442016806723,27.48424347826087,0,0,0,0,0,0,0,0,0,5,23,-1.1008885390310477,60.86956521739131,39.130434782608695,17.391304347826086,60.86956521739131,0,21.73913043478261,0,0,0,0,0,0
262-720TES-CIMI-CR-23-JL,720,TES,2023-01-31,12:34:00,JL,Tenori,F,18.6,Lactating,NA,NA,NA,NA,NA,1001.0301356395072,1001.0301356395072,1001.0301356395072,1092.238192080108,1092.238192080108,1092.238192080108,1092.238192080108,1092.238192080108,1092.238192080108,28.7928125,28.486714015151517,28.360670572916668,28.461979166666666,28.204640198511168,28.31984375,28.066484033613445,28.34359375,0,0,0,0,0,0,0,0,0,5,36,-2.7786636523951094,33.33333333333333,66.66666666666666,19.444444444444446,33.33333333333333,0,47.22222222222222,0,0,0,0,0,0
263-816TES-CIMI-CR-23-JL,816,TES,2023-02-20,15:20:00,JL,Tenori,F,18.7,Lactating,NA,NA,NA,NA,NA,NA,NA,NA,NA,NA,NA,NA,NA,NA,28.878125,28.825492424242423,28.836647135416666,28.751354166666665,28.8234126984127,28.7640625,28.691609543010753,28.71029513888889,0,0,0,0,0,0,0,0,0,7,23,0.8991114609689526,56.52173913043478,43.47826086956522,34.78260869565217,56.52173913043478,4.3478260869565215,4.3478260869565215,0,0,0,0,0,0
264-919TES-CIMI-CR-23-JL,919,TES,2023-03-07,12:37:00,AW,Tenori,F,18.7,Lactating,NA,NA,NA,NA,NA,NA,NA,1133.3078769230756,NA,NA,NA,NA,NA,1133.3078769230756,28.853854166666668,29.205085227272725,29.175930989583332,29.152604166666666,29.035560515873016,29.427890625,28.995850134408602,29.516631944444445,0,0,0,0,0,0,0,0,0,7,23,0.8991114609689526,59.09090909090909,40.909090909090914,40.909090909090914,59.09090909090909,0,0,0,0,0,0,0,0
265-1043TES-CIMI-CR-23-JL,1043,TES,2023-03-28,08:49:00,AW,Tenori,F,18.8,Lactating,NA,NA,NA,NA,NA,534.4479394082954,534.4479394082954,534.4479394082954,534.4479394082954,534.4479394082954,534.4479394082954,534.4479394082954,534.4479394082954,534.4479394082954,29.55984375,29.351344696969697,28.390442708333335,29.54875,28.43237599206349,29.57734375,28.687684811827957,29.56675347222222,0,3.787878787878855e-4,0.09765625000000001,0,0.07628968253968375,0,0.05168010752688096,0,0,6,20,0.28629033328373593,45,55.00000000000001,40,45,15,0,0,0,0,0,0,0
266-1087TES-CIMI-CR-23-JL,1087,TES,2023-04-05,12:38:00,EM,Tenori,F,18.8,Lactating,NA,NA,NA,NA,NA,NA,NA,NA,NA,NA,NA,NA,NA,NA,29.490677083333335,29.160113636363636,29.254016927083335,29.4959375,28.969588293650794,29.310833333333335,28.609761424731182,28.97126736111111,0,1.8939393939394164e-4,1.3020833333333314e-4,6.944444444444462e-4,0.028571428571427332,5.208333333333344e-4,0.051747311827957575,4.166666666666676e-4,3.4722222222222327e-4,4,17,-1.3265307944014804,58.82352941176471,41.17647058823529,29.411764705882355,58.82352941176471,11.76470588235294,0,0,0,0,0,0,0
267-1157TES-CIMI-CR-23-JL,1157,TES,2023-04-14,07:49:00,AW,Tenori,F,18.8,Lactating,NA,NA,NA,NA,NA,NA,NA,NA,NA,NA,NA,NA,NA,NA,30.155520833333334,29.78375946969697,29.47087890625,30.27815972222222,29.479255952380953,30.254817708333334,29.121720430107526,30.136736111111112,0,0,1.3020833333333222e-4,0,9.920634920634955e-5,0,0.04126344086021346,0,0,4,12,-0.6812326738768416,66.66666666666666,33.33333333333333,33.33333333333333,58.333333333333336,0,0,8.333333333333332,0,0,0,0,0
268-1269TES-CIMI-CR-23-JL,1269,TES,2023-05-09,15:35:00,LS,Tenori,F,18.9,Lactating,NA,NA,NA,NA,NA,NA,NA,1052.979335626802,NA,NA,NA,NA,NA,1052.979335626802,31.343229166666667,30.853267045454544,30.1918359375,31.294270833333332,30.10343253968254,31.267890625,30.118336693548386,31.49204861111111,0,0.0018939393939393647,0.004947916666666714,0,0.00684523809523818,0,0.004637096774193596,0,0,6,10,1.5768865743330143,60,40,30,50,10,0,10,0,0,0,0,0
269-1324TES-CIMI-CR-23-JL,1324,TES,2023-05-22,12:43:00,EM,Tenori,F,18.9,Lactating,NA,NA,NA,NA,NA,NA,NA,NA,NA,NA,1052.979335626802,NA,NA,1052.979335626802,30.547864583333332,31.02032196969697,31.156236979166668,30.97576388888889,31.250262896825397,31.270442708333334,30.475635080645162,31.145069444444445,0,0,0,0,0,0,0.004637096774193728,0,0,4,12,-0.6812326738768416,66.66666666666666,33.33333333333333,33.33333333333333,66.66666666666666,0,0,0,0,0,0,0,0
271-1387TES-CIMI-CR-23-JL,1387,TES,2023-06-08,14:41:00,JL,Tenori,F,18.9,Lactating,NA,NA,NA,NA,NA,NA,NA,NA,NA,NA,NA,NA,NA,NA,26.57421875,27.45342803030303,27.865579427083333,26.993680555555557,28.621269841269843,27.116484375,29.421975806451613,27.283211805555556,0.01979166666666664,0.2172348484848474,0.1881510416666661,0.08680555555555548,0.14335317460317293,0.06614583333333321,0.09711021505376492,0.09958333333333301,0.08298611111111098,3,21,-2.842769290821192,76.19047619047619,23.809523809523807,23.809523809523807,76.19047619047619,0,0,0,0,0,0,0,0
274-103TET-CIMI-CR-23-JL,103,TET,2022-09-07,16:58:00,JL,Tenori,F,34.2,Cycling,NA,NA,NA,NA,NA,NA,NA,NA,NA,NA,NA,NA,NA,NA,26.923750000000002,26.407272727272726,26.325541401273885,26.72732638888889,26.813619763694952,27.017005208333334,26.911652028439985,26.686371527777776,0.22604166666666653,0.15303030303030335,0.14961075725406897,0.22083333333333313,0.12685284640171904,0.1656250000000003,0.11643663739021302,0.19374999999999998,0.16423611111111097,NA,NA,NA,NA,NA,NA,NA,NA,NA,NA,NA,NA,NA,NA,NA
275-142TET-CIMI-CR-23-JL,142,TET,2022-09-23,11:02:00,JL,Tenori,F,34.3,Cycling,NA,NA,NA,NA,NA,NA,NA,NA,NA,NA,NA,NA,NA,NA,26.14703125,25.865823863636365,26.001666666666665,26.173368055555557,26.18687996031746,26.079947916666665,26.180771118121275,25.896597222222223,0.03958333333333326,0.09905303030303064,0.11197916666666627,0.027083333333333407,0.13144841269841326,0.058854166666666735,0.1270241850683485,0.07791666666666652,0.06597222222222233,NA,NA,NA,NA,NA,NA,NA,NA,NA,NA,NA,NA,NA,NA,NA
276-385TET-CIMI-CR-23-JL,385,TET,2022-11-18,13:19:00,LS,Tenori,F,34.4,Cycling,NA,NA,NA,NA,NA,NA,NA,NA,NA,NA,NA,NA,NA,NA,28.009427083333332,26.623276515151517,26.05859375,27.952152777777776,26.284444444444443,27.745651041666665,26.62766801075269,27.314166666666665,0,0.08636363636363677,0.19309895833333174,6.944444444444462e-4,0.16309523809523815,5.208333333333344e-4,0.1336021505376321,0.015000000000000081,0.012499999999999933,3,36,-4.778663652395109,41.66666666666667,58.333333333333336,2.7777777777777777,41.66666666666667,0,55.55555555555556,0,0,0,0,0,0
277-484TET-CIMI-CR-23-JL,484,TET,2022-12-12,10:58:00,AG,Tenori,F,34.5,Cycling,NA,NA,NA,NA,NA,NA,NA,NA,NA,NA,NA,NA,NA,NA,27.378645833333334,27.17502840909091,27.001529947916666,27.31628472222222,26.835982142857144,27.228385416666665,26.943450940860217,27.210555555555555,0,0,0.006380208333333111,0,0.02529761904761848,0,0.019758064516129208,0,0,4,25,-2.359007787240903,60,40,8,60,4,28.000000000000004,0,0,0,0,0,0
278-588TET-CIMI-CR-23-JL,588,TET,2023-01-02,12:30:00,JL,Tenori,F,34.5,Cycling,NA,NA,NA,NA,NA,NA,NA,NA,NA,NA,NA,NA,NA,NA,27.33953125,27.99746212121212,27.986204427083333,27.598993055555557,28.0084623015873,27.826510416666665,27.72631384408602,27.91251736111111,0,0,0,0,0,0,0,0,0,3,10,-1.4231134256669857,50,50,30,50,0,20,0,0,0,0,0,0
279-669TET-CIMI-CR-23-JL,669,TET,2023-01-17,11:47:00,AW,Tenori,F,34.6,Cycling,NA,NA,NA,NA,NA,NA,NA,NA,NA,NA,NA,NA,NA,NA,27.282135416666666,27.672379146919432,27.690807817589576,26.875625,27.792749379652605,27.087057291666667,27.869442016806723,27.48424347826087,0,0,0,0,0,0,0,0,0,6,21,0.1572307091788081,57.14285714285714,42.857142857142854,23.809523809523807,57.14285714285714,4.761904761904762,14.285714285714285,0,0,0,0,0,0
280-732TET-CIMI-CR-23-JL,732,TET,2023-02-01,13:14:00,JL,Tenori,F,34.6,Cycling,NA,NA,NA,NA,NA,NA,NA,NA,NA,NA,NA,NA,NA,NA,29.12390625,28.574138257575758,28.50478515625,28.8759375,28.245811414392058,28.60703125,28.106642016806724,28.44484375,0,0,0,0,0,0,0,0,0,3,14,-1.939351922086697,71.42857142857143,28.57142857142857,7.142857142857142,71.42857142857143,0,21.428571428571427,0,0,0,0,0,0
281-842TET-CIMI-CR-23-JL,842,TET,2023-02-22,14:31:00,JL,Tenori,F,34.7,Cycling,NA,NA,NA,NA,NA,NA,NA,NA,NA,NA,NA,NA,NA,NA,29.222916666666666,28.854943181818182,28.972701822916665,29.25857638888889,28.832842261904762,29.050520833333334,28.762271505376344,28.91701388888889,0,0,0,0,0,0,0,0,0,3,8,-1.1649941774571302,75,25,25,75,0,0,0,0,0,0,0,0
282-952TET-CIMI-CR-23-JL,952,TET,2023-03-13,09:38:00,AW,Tenori,F,34.7,Cycling,NA,NA,NA,NA,NA,NA,NA,NA,NA,NA,NA,NA,NA,NA,26.417395833333334,28.7407196969697,28.81392578125,27.326944444444443,28.8699751984127,27.714609375,28.853877688172044,28.130746527777777,0.14062499999999997,0.02916666666666728,0.020052083333333613,0.10694444444444455,0.015277777777777227,0.0802083333333332,0.010349462365590941,0.06416666666666684,0.05347222222222229,9,28,2.253813340444313,71.42857142857143,28.57142857142857,25,71.42857142857143,3.571428571428571,0,0,0,0,0,0,0
283-1073TET-CIMI-CR-23-JL,1073,TET,2023-04-04,15:40:00,VM,Tenori,F,34.8,Cycling,NA,NA,NA,NA,NA,NA,NA,NA,NA,NA,NA,NA,NA,NA,29.4453125,29.166107954545453,29.278665364583333,29.215381944444445,28.787435515873014,28.99921875,28.61469422043011,28.8828125,0.0010416666666666673,1.893939393939423e-4,1.3020833333333358e-4,6.944444444444461e-4,0.06091269841269952,5.208333333333344e-4,0.05174731182795737,4.1666666666666664e-4,3.472222222222232e-4,2,9,-2.294053801562058,55.55555555555556,44.44444444444444,44.44444444444444,55.55555555555556,0,0,0,0,0,0,0,0
284-1204TET-CIMI-CR-23-JL,1204,TET,2023-04-24,10:51:00,AW,Tenori,F,34.8,Cycling,NA,NA,NA,NA,NA,NA,NA,NA,NA,NA,NA,NA,NA,NA,28.074947916666666,29.764232954545456,29.899459635416665,28.283541666666668,29.77106150793651,28.856223958333334,29.568881048387098,29.482499999999998,0.02916666666666667,0.010984848484848597,0.007552083333333237,0.04027777777777773,0.0057539682539683714,0.030208333333333306,0.003965053763440909,0.024166666666666715,0.020138888888888856,6,19,0.41534995738866376,73.68421052631578,26.31578947368421,26.31578947368421,73.68421052631578,0,0,0,0,0,0,0,0
285-1404TET-CIMI-CR-23-JL,1404,TET,2023-06-13,10:06:00,AW,Tenori,F,35,Cycling,NA,NA,NA,NA,NA,NA,NA,NA,NA,NA,NA,NA,NA,NA,29.3453125,27.674270833333335,27.669088541666667,29.007361111111113,27.93176091269841,28.376875,28.866515456989248,27.907447916666666,0.018749999999999982,0.050757575757575765,0.15312499999999946,0.01319444444444447,0.1462301587301574,0.013541666666666667,0.09905913978494661,0.012083333333333297,0.010763888888888887,2,14,-2.9393519220866975,92.85714285714286,7.142857142857142,7.142857142857142,92.85714285714286,0,0,0,0,0,0,0,0
286-123THO-CIMI-CR-23-JL,123,THO,2022-09-20,11:43:00,JL,Tenori,M,3.3,M,NA,NA,NA,NA,NA,967.8100087471094,967.8100087471094,967.8100087471094,967.8100087471094,905.0157032746545,905.0157032746545,967.8100087471094,905.0157032746545,905.0157032746545,25.7121875,25.92502840909091,26.105533854166666,25.61982638888889,26.181780753968255,25.741276041666666,26.251391517700664,25.853680555555556,0.1541666666666666,0.10397727272727268,0.14830729166666665,0.10486111111111111,0.14871031746031704,0.12083333333333332,0.14034349807220467,0.11666666666666671,0.09965277777777781,NA,NA,NA,NA,NA,NA,NA,NA,NA,NA,NA,NA,NA,NA,NA
289-267THO-CIMI-CR-23-JL,267,THO,2022-10-26,07:50:00,NA,Tenori,M,3.4,M,NA,NA,NA,NA,NA,1311.4502408739286,1069.375372599003,1069.375372599003,1311.4502408739286,1311.4502408739286,1311.4502408739286,1311.4502408739286,1069.375372599003,1069.375372599003,27.675625,27.01155303030303,26.993574218750002,27.318958333333335,26.793834325396826,27.319322916666668,26.64952620967742,27.147256944444443,0.09270833333333371,0.09564393939393952,0.1334635416666669,0.11388888888888904,0.12509920634920693,0.1031249999999999,0.1264784946236565,0.08291666666666683,0.10729166666666672,NA,NA,NA,NA,NA,NA,NA,NA,NA,NA,NA,NA,NA,NA,NA
290-375THO-CIMI-CR-23-JL,375,THO,2022-11-17,10:04:00,AM,Tenori,M,3.4,M,NA,NA,NA,NA,NA,726.0277112426028,726.0277112426028,726.0277112426028,852.6534485207133,852.6534485207133,780.8838074950788,852.6534485207133,852.6534485207133,780.8838074950788,27.852239583333333,26.227272727272727,25.979915364583334,27.610208333333333,26.2531001984127,27.227369791666668,26.585779569892473,27.051840277777778,0.001041666666666667,0.13768939393939233,0.2119791666666659,6.944444444444461e-4,0.16309523809523815,0.018750000000000103,0.13461021505376197,0.015000000000000032,0.012847222222222216,5,31,-2.1333655318704703,25.806451612903224,74.19354838709677,22.58064516129032,25.806451612903224,0,51.61290322580645,0,0,0,0,0,0
291-192TIL-CIMI-CR-23-JL,192,TIL,2022-10-07,12:14:00,AW,Tenori,M,6.1,M,NA,NA,NA,NA,NA,NA,NA,NA,NA,NA,NA,NA,NA,NA,26.666145833333335,26.49875946969697,26.37921223958333,26.88138888888889,26.250406746031747,27.201536458333333,26.213548387096775,26.98342013888889,0.013541666666666693,0.07746212121212086,0.1079427083333325,0.009027777777777753,0.10535714285714215,0.006770833333333317,0.12553763440860227,0.005416666666666692,0.004513888888888863,NA,NA,NA,NA,NA,NA,NA,NA,NA,NA,NA,NA,NA,NA,NA
292-533TIL-CIMI-CR-23-JL,533,TIL,2022-12-16,09:05:00,EM,Tenori,M,6.3,M,NA,NA,NA,NA,NA,NA,NA,NA,NA,NA,NA,NA,NA,NA,28.237552083333334,27.470899621212123,27.384322916666665,27.87982638888889,27.104087301587303,27.86328125,27.09979166666667,27.70173611111111,0,0,0,0,0.005059523809523744,0,0.017338709677419854,0,0,8,28,1.2538133404443133,25,75,32.142857142857146,25,0,42.857142857142854,0,0,0,0,0,0
293-611TIL-CIMI-CR-23-JL,611,TIL,2023-01-06,08:46:00,JL,Tenori,M,6.3,M,NA,NA,NA,NA,NA,1736.775124260353,1736.775124260353,1736.775124260353,1736.775124260353,1736.775124260353,1736.775124260353,1736.775124260353,1736.775124260353,1736.775124260353,27.723489583333333,27.913977272727273,27.981536458333334,27.921145833333334,28.023799603174602,27.943802083333335,27.845685483870966,27.74237847222222,0,0,0,0,0,0,0,0,0,3,7,-1.0359345533522024,28.57142857142857,71.42857142857143,42.857142857142854,28.57142857142857,0,28.57142857142857,0,0,0,0,0,0
294-722TIL-CIMI-CR-23-JL,722,TIL,2023-01-31,13:20:00,JL,Tenori,M,6.4,M,NA,NA,NA,NA,NA,NA,NA,NA,NA,NA,NA,NA,NA,NA,28.7928125,28.486714015151517,28.360670572916668,28.461979166666666,28.204640198511168,28.31984375,28.066484033613445,28.34359375,0,0,0,0,0,0,0,0,0,7,15,1.931588453808375,20,80,40,20,0,33.33333333333333,0,0,6.666666666666667,0,0,0
295-817TIL-CIMI-CR-23-JL,817,TIL,2023-02-20,14:56:00,JL,Tenori,M,6.4,M,NA,NA,NA,NA,NA,NA,NA,NA,NA,NA,NA,NA,NA,NA,28.878125,28.825492424242423,28.836647135416666,28.751354166666665,28.8234126984127,28.7640625,28.691609543010753,28.71029513888889,0,0,0,0,0,0,0,0,0,6,18,0.5444095814935915,38.88888888888889,61.111111111111114,38.88888888888889,38.88888888888889,22.22222222222222,0,0,0,0,0,0,0
296-904TIL-CIMI-CR-23-JL,904,TIL,2023-03-03,10:42:00,JL,Tenori,M,6.5,M,NA,NA,NA,NA,NA,NA,NA,NA,NA,NA,NA,NA,NA,NA,29.694114583333334,29.0703125,28.98751953125,29.434652777777778,28.951150793650793,29.324427083333333,28.898692876344086,29.08779513888889,0,0,0,0,0,0,0,0,0,10,26,3.511932588654169,38.46153846153847,61.53846153846154,53.84615384615385,38.46153846153847,0,0,0,0,7.6923076923076925,0,0,0
297-1131TIL-CIMI-CR-23-JL,1131,TIL,2023-04-12,08:50:00,AW,Tenori,M,6.6,M,NA,NA,NA,NA,NA,NA,NA,NA,NA,NA,NA,NA,NA,NA,30.354114583333335,29.59748106060606,29.3672265625,30.20861111111111,29.421165674603174,30.12734375,28.861001344086024,29.81427083333333,0,1.8939393939394219e-4,1.3020833333333116e-4,0,9.920634920634955e-5,0,0.05047043010752906,0,0,7,10,2.576886574333014,40,60,50,20,10,0,20,0,0,0,0,0
298-1282TIL-CIMI-CR-23-JL,1282,TIL,2023-05-10,08:30:00,LS,Tenori,M,6.7,M,NA,NA,NA,NA,NA,NA,NA,NA,NA,NA,NA,NA,NA,NA,31.850520833333334,31.28001893939394,30.467421875,31.629375,30.17798611111111,31.521119791666667,30.193114919354837,31.529253472222223,0,0.0013257575757575839,0.0014322916666666596,0,0.006845238095238189,0,0.004637096774193586,0,0,4,12,-0.6812326738768416,58.333333333333336,41.66666666666667,41.66666666666667,58.333333333333336,0,0,0,0,0,0,0,0
299-1462TIL-CIMI-CR-23-JL,1462,TIL,2023-06-28,13:33:00,AW,Tenori,M,6.8,M,NA,NA,NA,NA,NA,NA,NA,NA,NA,NA,NA,NA,NA,NA,28.404,28.26459485224023,27.9692544146501,28.07067615658363,27.9266650074664,28.17607427055703,27.797137083192993,28.01151142355009,0.04756756756756744,0.07759771210676815,0.1448005232177869,0.04056939501779365,0.11149825783972192,0.03129973474801061,0.1525766251263068,0.02748414376321349,0.022847100175746864,5,16,-0.19747117029655276,43.75,56.25,56.25,43.75,0,0,0,0,0,0,0,0
300-128TIN-CIMI-CR-23-JL,128,TIN,2022-09-21,10:45:00,AW,Tenori,M,3.3,M,NA,NA,NA,NA,NA,NA,NA,NA,NA,NA,NA,NA,NA,NA,26.012864583333332,25.926638257575757,26.098756510416667,25.88347222222222,26.19125992063492,25.771380208333333,26.199645986680686,25.8875,0.07812499999999999,0.1020833333333334,0.13528645833333355,0.10347222222222209,0.13075396825396746,0.07916666666666666,0.14041359971959305,0.09708333333333335,0.09756944444444442,NA,NA,NA,NA,NA,NA,NA,NA,NA,NA,NA,NA,NA,NA,NA
301-382TIN-CIMI-CR-23-JL,382,TIN,2022-11-17,13:27:00,VM,Tenori,M,3.4,M,3.31,0.35,0.21,7.44,11.31,1439.69469709777,1439.69469709777,1439.69469709777,1439.69469709777,1439.69469709777,1439.69469709777,1439.69469709777,1439.69469709777,1439.69469709777,27.852239583333333,26.227272727272727,25.979915364583334,27.610208333333333,26.2531001984127,27.227369791666668,26.585779569892473,27.051840277777778,0.001041666666666667,0.13768939393939233,0.2119791666666659,6.944444444444461e-4,0.16309523809523815,0.018750000000000103,0.13461021505376197,0.015000000000000032,0.012847222222222216,5,40,-3.2949021488148205,30,70,17.5,30,0,52.5,0,0,0,0,0,0
302-450TIN-CIMI-CR-23-JL,450,TIN,2022-12-06,15:57:00,JL,Tenori,M,3.5,M,NA,NA,NA,NA,NA,NA,NA,1119.133193575656,NA,NA,NA,NA,NA,1119.133193575656,27.012447916666666,26.76994318181818,26.729108072916667,27.015868055555554,26.922718253968252,27.018671875,26.52684811827957,27.23878472222222,0,0.00965909090909084,0.03346354166666685,0,0.02559523809523777,0,0.0984543010752715,0,0,3,11,-1.5521730497719137,27.27272727272727,72.72727272727273,18.181818181818183,27.27272727272727,0,54.54545454545454,0,0,0,0,0,0
303-486TIN-CIMI-CR-23-JL,486,TIN,2022-12-12,11:55:00,AG,Tenori,M,3.5,M,2.15,0.11,0.44,9.62,12.319999999999999,1119.133193575656,1119.133193575656,1119.133193575656,1441.558843617919,1441.558843617919,1441.558843617919,1119.133193575656,1119.133193575656,1119.133193575656,27.378645833333334,27.17502840909091,27.001529947916666,27.31628472222222,26.835982142857144,27.228385416666665,26.943450940860217,27.210555555555555,0,0,0.006380208333333111,0,0.02529761904761848,0,0.019758064516129208,0,0,4,19,-1.5846500426113361,15.789473684210526,84.21052631578947,31.57894736842105,15.789473684210526,0,52.63157894736842,0,0,0,0,0,0
304-633TIN-CIMI-CR-23-JL,633,TIN,2023-01-10,10:22:00,JL,Tenori,M,3.6,M,NA,NA,NA,NA,NA,NA,NA,NA,NA,NA,NA,NA,NA,NA,27.880885416666665,27.80753787878788,27.896653645833332,27.81576388888889,27.942728174603175,27.827682291666665,27.93615927419355,27.792951388888888,0,0,0,0,0,0,0,0,0,7,20,1.2862903332837359,35,65,50,35,10,0,0,0,5,0,0,0
305-719TIN-CIMI-CR-23-JL,719,TIN,2023-01-31,14:22:00,JL,Tenori,M,3.6,M,NA,NA,NA,NA,NA,NA,NA,NA,NA,NA,NA,NA,NA,NA,28.7928125,28.486714015151517,28.360670572916668,28.461979166666666,28.204640198511168,28.31984375,28.066484033613445,28.34359375,0,0,0,0,0,0,0,0,0,8,25,1.640992212759097,36,64,32,36,8,24,0,0,0,0,0,0
351-891TIN-CIMI-CR-23-JL,891,TIN,2023-03-02,08:52:00,JL,Tenori,M,3.7,M,NA,NA,NA,NA,NA,NA,NA,NA,NA,NA,1558.4623398140307,NA,NA,1558.4623398140307,29.326041666666665,29.04104166666667,28.898958333333333,29.21527777777778,28.91437996031746,29.134140625,28.884297715053762,28.982083333333335,0,0,0,0,0,0,0,0,0,11,42,2.4469786029753235,32.5,67.5,62.5,32.5,5,0,0,0,0,0,0,0
352-981TIN-CIMI-CR-23-JL,981,TIN,2023-03-16,07:51:00,AW,Tenori,M,3.8,M,NA,NA,NA,NA,NA,NA,NA,NA,NA,NA,NA,NA,NA,NA,26.318020833333332,27.764119318181816,28.357070312500003,26.304375,28.469791666666666,26.216197916666665,28.592600806451614,26.81565972222222,0.3406249999999994,0.09147727272727192,0.06289062499999945,0.2284722222222218,0.047916666666667315,0.24166666666666634,0.032459677419355654,0.1933333333333327,0.16770833333333338,11,38,2.9632170993950346,39.473684210526315,60.526315789473685,52.63157894736842,39.473684210526315,7.894736842105263,0,0,0,0,0,0,0
353-1048TIN-CIMI-CR-23-JL,1048,TIN,2023-03-28,16:02:00,JL,Tenori,M,3.8,M,NA,NA,NA,NA,NA,NA,NA,NA,NA,NA,NA,NA,NA,NA,29.55984375,29.351344696969697,28.390442708333335,29.54875,28.43237599206349,29.57734375,28.687684811827957,29.56675347222222,0,3.787878787878855e-4,0.09765625000000001,0,0.07628968253968375,0,0.05168010752688096,0,0,7,21,1.157230709178808,52.38095238095239,47.61904761904761,42.857142857142854,52.38095238095239,4.761904761904762,0,0,0,0,0,0,0
354-1086TIN-CIMI-CR-23-JL,1086,TIN,2023-04-05,09:12:00,JL,Tenori,M,3.8,M,NA,NA,NA,NA,NA,1656.5988994082825,1656.5988994082825,1656.5988994082825,1656.5988994082825,1656.5988994082825,1656.5988994082825,1656.5988994082825,1656.5988994082825,1656.5988994082825,29.490677083333335,29.160113636363636,29.254016927083335,29.4959375,28.969588293650794,29.310833333333335,28.609761424731182,28.97126736111111,0,1.8939393939394164e-4,1.3020833333333314e-4,6.944444444444462e-4,0.028571428571427332,5.208333333333344e-4,0.051747311827957575,4.166666666666676e-4,3.4722222222222327e-4,6,15,0.9315884538083751,20,80,66.66666666666666,20,13.333333333333334,0,0,0,0,0,0,0
355-1176TIN-CIMI-CR-23-JL,1176,TIN,2023-04-18,09:11:00,JL,Tenori,M,3.9,M,NA,NA,NA,NA,NA,NA,NA,NA,NA,NA,NA,NA,NA,NA,29.886770833333333,30.116183712121213,29.862734375,30.067256944444445,29.591949404761905,30.168984375,29.579825268817206,30.16449652777778,0,0,1.3020833333333393e-4,0,9.920634920634955e-5,0,6.720430107527035e-5,0,0,10,23,3.8991114609689523,30.434782608695656,69.56521739130434,47.82608695652174,21.73913043478261,17.391304347826086,0,8.695652173913043,0,4.3478260869565215,0,0,0
356-1260TIN-CIMI-CR-23-JL,1260,TIN,2023-05-08,12:20:00,JL,Tenori,M,3.9,M,NA,NA,NA,NA,NA,NA,NA,NA,NA,NA,NA,NA,NA,NA,31.19171875,30.606685606060605,29.99547526041667,31.190729166666667,30.02437996031746,31.368619791666667,30.062926747311828,31.562638888888888,0,0.0018939393939393708,0.0050781250000001095,0,0.00684523809523818,0,0.004637096774193603,0,0,6,15,0.9315884538083751,20,80,66.66666666666666,20,13.333333333333334,0,0,0,0,0,0,0
357-1338TIN-CIMI-CR-23-JL,1338,TIN,2023-05-29,12:10:00,AW,Tenori,M,4,M,NA,NA,NA,NA,NA,NA,NA,NA,NA,NA,NA,NA,NA,NA,29.109791666666666,29.88121212121212,30.11193359375,28.87934027777778,30.46323412698413,28.96015625,30.568209005376346,28.91598958333333,0.015625,0.059280303030303363,0.040755208333333806,0.010416666666666647,0.031051587301586813,0.008333333333333344,0.021706989247311008,0.12750000000000053,0.10868055555555511,5,7,0.9640654466477976,14.285714285714285,85.71428571428571,85.71428571428571,14.285714285714285,0,0,0,0,0,0,0,0
358-1400TIN-CIMI-CR-23-JL,1400,TIN,2023-06-12,16:38:00,AW,Tenori,M,4,M,NA,NA,NA,NA,NA,853.7074082840417,853.7074082840417,853.7074082840417,853.7074082840417,1003.0497426035586,1003.0497426035586,853.7074082840417,1003.0497426035586,1003.0497426035586,29.266197916666666,27.596676136363637,27.67505859375,28.339270833333334,28.00918650793651,28.057005208333333,28.959375000000005,27.562743055555554,0.001041666666666667,0.05094696969696984,0.15078125000000242,0.005555555555555569,0.14444444444444346,0.00572916666666667,0.09784946236559096,0.005416666666666673,0.010416666666666671,6,28,-0.7461866595556866,57.14285714285714,42.857142857142854,42.857142857142854,57.14285714285714,0,0,0,0,0,0,0,0
359-1461TIN-CIMI-CR-23-JL,1461,TIN,2023-06-28,08:20:00,MC,Tenori,M,4.1,M,NA,NA,NA,NA,NA,NA,NA,NA,NA,NA,NA,NA,NA,NA,28.404,28.26459485224023,27.9692544146501,28.07067615658363,27.9266650074664,28.17607427055703,27.797137083192993,28.01151142355009,0.04756756756756744,0.07759771210676815,0.1448005232177869,0.04056939501779365,0.11149825783972192,0.03129973474801061,0.1525766251263068,0.02748414376321349,0.022847100175746864,3,8,-1.1649941774571302,50,50,50,50,0,0,0,0,0,0,0,0
360-331TIQ-CIMI-CR-23-JL,331,TIQ,2022-11-08,12:36:00,AW,Tenori,M,1.5,M,NA,NA,NA,NA,NA,1388.2155739645127,1388.2155739645127,1388.2155739645127,NA,NA,NA,1388.2155739645127,1388.2155739645127,1388.2155739645127,24.602083333333333,25.86595643939394,26.372109375,24.454618055555557,26.571899801587303,24.53924479166667,26.54033938172043,24.914947916666666,0.5343749999999997,0.27083333333333504,0.20755208333333292,0.6902777777777778,0.17599206349206545,0.5692708333333332,0.17741935483870847,0.4741666666666666,0.44062500000000054,6,16,0.8025288297034473,33.33333333333333,66.66666666666666,18.75,31.25,0,43.75,0,0,0,6.25,0,0
361-369TIQ-CIMI-CR-23-JL,369,TIQ,2022-11-17,11:29:00,AM,Tenori,M,1.5,M,NA,NA,NA,NA,NA,1337.4749396449688,1337.4749396449688,1337.4749396449688,NA,NA,1388.2155739645127,1337.4749396449688,1337.4749396449688,1362.8452568047408,27.852239583333333,26.227272727272727,25.979915364583334,27.610208333333333,26.2531001984127,27.227369791666668,26.585779569892473,27.051840277777778,0.001041666666666667,0.13768939393939233,0.2119791666666659,6.944444444444461e-4,0.16309523809523815,0.018750000000000103,0.13461021505376197,0.015000000000000032,0.012847222222222216,7,46,-2.0692598934443875,15.555555555555555,84.44444444444444,17.391304347826086,15.217391304347828,0,65.21739130434783,0,0,0,2.1739130434782608,0,0
362-579TIQ-CIMI-CR-23-JL,579,TIQ,2022-12-29,10:50:00,JL,Tenori,M,1.6,M,NA,NA,NA,NA,NA,NA,NA,NA,1312.0895659171874,1312.0895659171874,1312.0895659171874,1312.0895659171874,1312.0895659171874,1312.0895659171874,28.08453125,28.041695075757577,28.066126302083333,27.990833333333335,27.89453373015873,27.988619791666668,27.620702284946237,28.113072916666667,0,0,0,0,0,0,4.7043010752687e-4,0,0,5,25,-1.359007787240903,21.73913043478261,78.26086956521739,52,20,0,20,0,0,0,8,0,0
363-634TIQ-CIMI-CR-23-JL,634,TIQ,2023-01-10,10:46:00,JL,Tenori,M,1.7,M,NA,NA,NA,NA,NA,NA,NA,NA,NA,NA,NA,NA,NA,NA,27.880885416666665,27.80753787878788,27.896653645833332,27.81576388888889,27.942728174603175,27.827682291666665,27.93615927419355,27.792951388888888,0,0,0,0,0,0,0,0,0,7,19,1.4153499573886639,29.411764705882355,70.58823529411765,63.1578947368421,26.31578947368421,0,0,0,0,0,10.526315789473683,0,0
364-707TIQ-CIMI-CR-23-JL,707,TIQ,2023-01-27,08:29:00,JL,Tenori,M,1.7,M,NA,NA,NA,NA,NA,NA,NA,NA,NA,NA,NA,NA,NA,NA,28.39109375,28.52318181818182,28.177485342019544,28.644479166666667,28.110848635235733,28.796979166666667,28.050887394957982,28.665659722222223,0,0,0,0,0,0,0,0,0,7,14,2.0606480779133025,35.714285714285715,64.28571428571429,28.57142857142857,35.714285714285715,7.142857142857142,28.57142857142857,0,0,0,0,0,0
365-854TIQ-CIMI-CR-23-JL,854,TIQ,2023-02-24,08:40:00,CB,Tenori,M,1.8,M,NA,NA,NA,NA,NA,NA,NA,NA,1983.5952933220915,1983.5952933220915,1983.5952933220915,1983.5952933220915,1983.5952933220915,1983.5952933220915,28.891614583333332,28.856098484848484,28.91380859375,28.89673611111111,28.855848214285714,29.057265625,28.75896505376344,28.997552083333332,0,0,0,0,0,0,0,0,0,8,30,0.9956940922344576,28.57142857142857,71.42857142857143,60,26.666666666666668,6.666666666666667,0,0,0,0,6.666666666666667,0,0
366-970TIQ-CIMI-CR-23-JL,970,TIQ,2023-03-15,05:59:00,JL,Tenori,M,1.8,M,NA,NA,NA,NA,NA,NA,NA,NA,NA,NA,2435.073182538799,NA,NA,2435.073182538799,26.02453125,28.026486742424243,28.49017578125,26.000243055555554,28.565367063492065,26.220963541666666,28.648125,27.15125,0.34166666666666673,0.09128787878787767,0.06276041666666579,0.32152777777777813,0.047817460317459905,0.2411458333333331,0.03239247311828036,0.20083333333333328,0.16736111111111002,10,25,3.640992212759097,24,76,64,24,12,0,0,0,0,0,0,0
367-1358TIZ-CIMI-CR-23-JL,1358,TIZ,2023-05-29,13:24:00,NG,Tenori,M,10.5,M,NA,NA,NA,NA,NA,NA,NA,NA,NA,NA,NA,NA,NA,NA,29.109791666666666,29.88121212121212,30.11193359375,28.87934027777778,30.46323412698413,28.96015625,30.568209005376346,28.91598958333333,0.015625,0.059280303030303363,0.040755208333333806,0.010416666666666647,0.031051587301586813,0.008333333333333344,0.021706989247311008,0.12750000000000053,0.10868055555555511,3,7,-1.0359345533522024,57.14285714285714,42.857142857142854,42.857142857142854,57.14285714285714,0,0,0,0,0,0,0,0
370-1138TIQ-CIMI-CR-23-JL,1138,TIQ,2023-04-12,10:28:00,AW,Tenori,M,1.9,M,NA,NA,NA,NA,NA,NA,NA,NA,3776.718674556209,3776.718674556209,3776.718674556209,3776.718674556209,3776.718674556209,3776.718674556209,30.354114583333335,29.59748106060606,29.3672265625,30.20861111111111,29.421165674603174,30.12734375,28.861001344086024,29.81427083333333,0,1.8939393939394219e-4,1.3020833333333116e-4,0,9.920634920634955e-5,0,0.05047043010752906,0,0,5,12,0.3187673261231584,16.666666666666664,83.33333333333334,58.333333333333336,16.666666666666664,25,0,0,0,0,0,0,0
371-1332TIQ-CIMI-CR-23-JL,1332,TIQ,2023-05-23,14:40:00,JL,Tenori,M,2,M,NA,NA,NA,NA,NA,NA,NA,NA,NA,NA,NA,NA,NA,NA,30.102083333333333,30.87848484848485,31.08869140625,30.403784722222223,31.219419642857144,30.760729166666668,30.52127688172043,31.117569444444445,0,0,0,0,0,0,0.0026209677419353973,0,0,4,7,-0.035934553352202456,50,50,42.857142857142854,42.857142857142854,0,0,0,0,0,14.285714285714285,0,0
372-1402TIQ-CIMI-CR-23-JL,1402,TIQ,2023-06-13,09:46:00,AW,Tenori,M,2.1,M,NA,NA,NA,NA,NA,NA,NA,NA,NA,NA,NA,NA,NA,NA,29.3453125,27.674270833333335,27.669088541666667,29.007361111111113,27.93176091269841,28.376875,28.866515456989248,27.907447916666666,0.018749999999999982,0.050757575757575765,0.15312499999999946,0.01319444444444447,0.1462301587301574,0.013541666666666667,0.09905913978494661,0.012083333333333297,0.010763888888888887,4,9,-0.294053801562058,33.33333333333333,66.66666666666666,66.66666666666666,33.33333333333333,0,0,0,0,0,0,0,0
373-1536TIQ-CIMI-CR-23-JL,1536,TIQ,2023-07-20,09:58:00,AW,Tenori,M,2.2,M,2.09,0.39,1.28,11.8,15.56,NA,NA,NA,NA,NA,NA,NA,NA,NA,30.3290625,29.07095516569201,28.969746376811596,29.83295138888889,28.861067512983265,29.451858638743456,28.696958302308264,29.14397526501767,0,0.007017543859649109,0.01724637681159424,0,0.04916330063473681,0.008900523560209412,0.061801935964258065,0.0072340425531914375,0.009187279151943438,3,8,-1.1649941774571302,50,50,50,50,0,0,0,0,0,0,0,0
374-575TIZ-CIMI-CR-23-JL,575,TIZ,2022-12-29,09:58:00,JL,Tenori,M,10.1,M,NA,NA,NA,NA,NA,NA,NA,NA,NA,NA,NA,NA,NA,NA,28.08453125,28.041695075757577,28.066126302083333,27.990833333333335,27.89453373015873,27.988619791666668,27.620702284946237,28.113072916666667,0,0,0,0,0,0,4.7043010752687e-4,0,0,4,11,-0.5521730497719136,36.36363636363637,63.63636363636363,45.45454545454545,36.36363636363637,0,18.181818181818183,0,0,0,0,0,0
375-765TIZ-CIMI-CR-23-JL,765,TIZ,2023-02-08,12:00:00,JL,Tenori,M,10.2,M,NA,NA,NA,NA,NA,NA,NA,NA,NA,NA,NA,NA,NA,NA,29.362760416666667,28.643645833333334,28.635091145833332,29.0440625,28.597440476190478,28.748619791666666,28.31466218487395,28.666788194444443,0,0,0,0,0,0,0,0,0,8,31,0.8666344681295298,19.35483870967742,80.64516129032258,51.61290322580645,16.129032258064516,16.129032258064516,12.903225806451612,3.225806451612903,0,0,0,0,0
376-832TIZ-CIMI-CR-23-JL,832,TIZ,2023-02-22,06:29:00,AW,Tenori,M,10.3,M,NA,NA,NA,NA,NA,1384.9031289940813,1384.9031289940813,1384.9031289940813,1003.3696946745665,1003.3696946745665,1003.3696946745665,1003.3696946745665,1003.3696946745665,1003.3696946745665,29.222916666666666,28.854943181818182,28.972701822916665,29.25857638888889,28.832842261904762,29.050520833333334,28.762271505376344,28.91701388888889,0,0,0,0,0,0,0,0,0,9,13,4.1897077020182305,15.384615384615385,84.61538461538461,61.53846153846154,15.384615384615385,23.076923076923077,0,0,0,0,0,0,0
377-973TIZ-CIMI-CR-23-JL,973,TIZ,2023-03-15,10:46:00,JL,Tenori,M,10.3,M,NA,NA,NA,NA,NA,NA,NA,NA,NA,NA,NA,NA,NA,NA,26.02453125,28.026486742424243,28.49017578125,26.000243055555554,28.565367063492065,26.220963541666666,28.648125,27.15125,0.34166666666666673,0.09128787878787767,0.06276041666666579,0.32152777777777813,0.047817460317459905,0.2411458333333331,0.03239247311828036,0.20083333333333328,0.16736111111111002,7,17,1.6734692055985196,52.94117647058824,47.05882352941176,41.17647058823529,41.17647058823529,5.88235294117647,0,11.76470588235294,0,0,0,0,0
378-1054TIZ-CIMI-CR-23-JL,1054,TIZ,2023-03-30,13:15:00,CB,Tenori,M,10.4,M,NA,NA,NA,NA,NA,771.0468497041413,771.0468497041413,771.0468497041413,NA,NA,NA,771.0468497041413,771.0468497041413,771.0468497041413,29.143697916666667,29.47529356060606,28.769108072916666,29.2396875,28.449583333333333,29.351770833333333,28.721824596774194,29.43279513888889,0,0,0.07981770833333326,0,0.07628968253968364,0,0.051680107526880785,0,0,5,8,0.8350058225428698,25,75,50,25,25,0,0,0,0,0,0,0
379-1155TIZ-CIMI-CR-23-JL,1155,TIZ,2023-04-14,09:11:00,AW,Tenori,M,10.4,M,NA,NA,NA,NA,NA,NA,NA,NA,NA,NA,NA,NA,NA,NA,30.155520833333334,29.78375946969697,29.47087890625,30.27815972222222,29.479255952380953,30.254817708333334,29.121720430107526,30.136736111111112,0,0,1.3020833333333222e-4,0,9.920634920634955e-5,0,0.04126344086021346,0,0,9,15,3.931588453808375,20,80,73.33333333333333,13.333333333333334,6.666666666666667,0,6.666666666666667,0,0,0,0,0
380-831TIN-CIMI-CR-23-JL,831,TIN,2023-02-22,10:59:00,AW,Tenori,M,3.7,M,NA,NA,NA,NA,NA,1558.4623398140307,1558.4623398140307,1558.4623398140307,NA,NA,NA,1558.4623398140307,1558.4623398140307,1558.4623398140307,29.222916666666666,28.854943181818182,28.972701822916665,29.25857638888889,28.832842261904762,29.050520833333334,28.762271505376344,28.91701388888889,0,0,0,0,0,0,0,0,0,8,18,2.5444095814935914,33.33333333333333,66.66666666666666,50,33.33333333333333,16.666666666666664,0,0,0,0,0,0,0
381-1403TIZ-CIMI-CR-23-JL,1403,TIZ,2023-06-13,07:17:00,AW,Tenori,M,10.6,M,NA,NA,NA,NA,NA,NA,NA,NA,NA,NA,NA,NA,NA,NA,29.3453125,27.674270833333335,27.669088541666667,29.007361111111113,27.93176091269841,28.376875,28.866515456989248,27.907447916666666,0.018749999999999982,0.050757575757575765,0.15312499999999946,0.01319444444444447,0.1462301587301574,0.013541666666666667,0.09905913978494661,0.012083333333333297,0.010763888888888887,7,21,1.157230709178808,19.047619047619047,80.95238095238095,80.95238095238095,19.047619047619047,0,0,0,0,0,0,0,0
382-1466TIZ-CIMI-CR-23-JL,1466,TIZ,2023-06-28,15:34:00,AW,Tenori,M,10.6,M,NA,NA,NA,NA,NA,NA,NA,NA,NA,NA,NA,NA,NA,NA,28.404,28.26459485224023,27.9692544146501,28.07067615658363,27.9266650074664,28.17607427055703,27.797137083192993,28.01151142355009,0.04756756756756744,0.07759771210676815,0.1448005232177869,0.04056939501779365,0.11149825783972192,0.03129973474801061,0.1525766251263068,0.02748414376321349,0.022847100175746864,6,13,1.1897077020182307,38.46153846153847,61.53846153846154,61.53846153846154,38.46153846153847,0,0,0,0,0,0,0,0
001-1491TIZ-CIMI-CR-23-JL,1491,TIZ,2023-07-10,13:38:00,VM,Tenori,M,10.6,M,NA,NA,NA,NA,NA,NA,NA,NA,NA,NA,NA,NA,NA,NA,29.18777777777778,28.676700636942677,28.68808426073132,28.799765258215963,28.524171461449942,28.830755395683454,28.31502223869533,28.873217592592592,0.07222222222222223,0.0996178343949042,0.07154213036565951,0.061032863849765286,0.09148446490218583,0.05395683453237403,0.11163825055596636,0.04679665738161568,0.03888888888888898,5,12,0.31876732612350095,41.66666666666667,58.333333333333336,58.333333333333336,41.66666666666667,0,0,0,0,0,0,0,0
002-1542TIZ-CIMI-CR-23-JL,1542,TIZ,2023-07-21,08:50:00,AW,Tenori,M,10.7,M,NA,NA,NA,NA,NA,NA,NA,NA,NA,NA,NA,NA,NA,NA,30.461927083333332,29.140929118773947,29.030049893086243,30.351701388888888,28.922215810732833,29.973958333333332,28.68531273268801,29.398657243816256,0,0.00670498084291191,0.016963649322879314,0,0.0489324870167332,0,0.061801935964258106,0.007112970711297123,0.00600706713780914,4,11,-0.5521730497719136,81.81818181818183,18.181818181818183,18.181818181818183,72.72727272727273,0,0,9.090909090909092,0,0,0,0,0
003-934TOB-CIMI-CR-23-JL,934,TOB,2023-03-09,10:51:00,AW,Tenori,M,3.4,M,NA,NA,NA,NA,NA,2255.7147985798842,1981.2486196449731,1981.2486196449731,3005.7727924260457,3005.7727924260457,3005.7727924260457,2255.7147985798842,1981.2486196449731,1981.2486196449731,28.963020833333335,29.25691287878788,29.11701171875,29.02513888888889,29.069871031746032,28.9084375,29.049304435483872,29.272934027777776,0,0,0,0,0,0,0,0,0,12,26,5.511932588654169,24,76,56.00000000000001,24,20,0,0,0,0,0,0,0
004-953TOB-CIMI-CR-23-JL,953,TOB,2023-03-13,08:55:00,AW,Tenori,M,3.4,M,NA,NA,NA,NA,NA,1706.782440710062,1706.782440710062,1706.782440710062,1382.9457751479258,1923.8881142406324,1923.8881142406324,1639.7405620512823,1981.2486196449731,1981.2486196449731,26.417395833333334,28.7407196969697,28.81392578125,27.326944444444443,28.8699751984127,27.714609375,28.853877688172044,28.130746527777777,0.14062499999999997,0.02916666666666728,0.020052083333333613,0.10694444444444455,0.015277777777777227,0.0802083333333332,0.010349462365590941,0.06416666666666684,0.05347222222222229,12,24,5.770051836864025,20.833333333333336,79.16666666666666,58.333333333333336,20.833333333333336,20.833333333333336,0,0,0,0,0,0,0
005-127TOT-CIMI-CR-23-JL,127,TOT,2022-09-20,12:59:00,JL,Tenori,F,8.2,Lactating,13.2,2.02,0.4,40,55.62,516.1806880228538,516.1806880228538,516.1806880228538,516.1806880228538,516.1806880228538,516.1806880228538,516.1806880228538,516.1806880228538,516.1806880228538,25.7121875,25.92502840909091,26.105533854166666,25.61982638888889,26.181780753968255,25.741276041666666,26.251391517700664,25.853680555555556,0.1541666666666666,0.10397727272727268,0.14830729166666665,0.10486111111111111,0.14871031746031704,0.12083333333333332,0.14034349807220467,0.11666666666666671,0.09965277777777781,NA,NA,NA,NA,NA,NA,NA,NA,NA,NA,NA,NA,NA,NA,NA
006-165TOT-CIMI-CR-23-JL,165,TOT,2022-10-03,15:38:00,JL,Tenori,F,8.3,Lactating,NA,NA,NA,NA,NA,NA,NA,NA,NA,NA,NA,NA,NA,NA,26.5471875,26.164507575757575,26.021673177083333,26.166145833333335,25.975773809523808,26.210859375,26.15779569892473,26.19184027777778,0,0.14734848484848442,0.12604166666666727,0.013888888888888914,0.1290674603174603,0.04010416666666656,0.14133064516129043,0.03499999999999991,0.09999999999999933,NA,NA,NA,NA,NA,NA,NA,NA,NA,NA,NA,NA,NA,NA,NA
007-244TOT-CIMI-CR-23-JL,244,TOT,2022-10-19,11:00:00,EM,Tenori,F,8.3,Lactating,NA,NA,NA,NA,NA,NA,NA,NA,716.3756586733111,716.3756586733111,716.3756586733111,716.3756586733111,716.3756586733111,716.3756586733111,27.341927083333335,26.597367424242425,26.747610677083333,26.98888888888889,26.626954365079364,26.736119791666667,26.415272177419354,26.66699652777778,0.015625,0.16401515151515145,0.11940104166666532,0.01388888888888891,0.09930555555555598,0.08385416666666713,0.12647849462365643,0.14791666666666636,0.18888888888888822,NA,NA,NA,NA,NA,NA,NA,NA,NA,NA,NA,NA,NA,NA,NA
008-332TOT-CIMI-CR-23-JL,332,TOT,2022-11-09,05:58:00,JCO,Tenori,F,8.4,Cycling,107,19.5,4.49,332,462.99,NA,NA,521.6264352399752,NA,NA,NA,NA,NA,521.6264352399752,25.420208333333335,25.66498106060606,26.298769531250002,24.87878472222222,26.457698412698413,24.699010416666667,26.574290994623656,24.81939236111111,0.2541666666666663,0.2712121212121224,0.19804687499999865,0.35763888888888956,0.17619047619047817,0.518750000000001,0.16787634408602312,0.4562500000000005,0.395833333333333,7,18,1.5444095814935916,38.88888888888889,61.111111111111114,16.666666666666664,38.88888888888889,5.555555555555555,38.88888888888889,0,0,0,0,0,0
009-402TOT-CIMI-CR-23-JL,402,TOT,2022-11-22,08:50:00,VM,Tenori,F,8.4,Cycling,NA,NA,NA,NA,NA,NA,NA,NA,NA,653.9183322712784,587.7723837556268,NA,653.9183322712784,587.7723837556268,26.795677083333334,27.082660984848484,26.506139322916667,26.955,26.25127976190476,26.8615625,26.58607190860215,27.244184027777777,0.0020833333333333368,0.007386363636363582,0.09492187500000188,0.0013888888888888922,0.16170634920634638,0.0010416666666666688,0.12392473118279494,8.333333333333348e-4,6.944444444444464e-4,8,42,-0.5530213970246762,34.146341463414636,65.85365853658537,14.634146341463413,34.146341463414636,4.878048780487805,43.90243902439025,0,0,2.4390243902439024,0,0,0
010-507TOT-CIMI-CR-23-JL,507,TOT,2022-12-14,13:00:00,AW,Tenori,F,8.5,Pregnant,NA,NA,NA,NA,NA,988.313126627218,988.313126627218,988.313126627218,NA,NA,NA,988.313126627218,988.313126627218,988.313126627218,27.489010416666666,27.20808712121212,27.1467578125,27.360416666666666,26.939652777777777,27.433828125,26.994304435483873,27.315260416666668,0,0,9.114583333333387e-4,0,0.02529761904761833,0,0.019690860215053885,0,0,6,29,-0.8752462836606146,44.827586206896555,55.172413793103445,31.03448275862069,44.827586206896555,3.4482758620689653,20.689655172413794,0,0,0,0,0,0
011-640TOT-CIMI-CR-23-JL,640,TOT,2023-01-10,11:15:00,JL,Tenori,F,8.5,Pregnant,NA,NA,NA,NA,NA,NA,NA,NA,NA,NA,NA,NA,NA,NA,27.880885416666665,27.80753787878788,27.896653645833332,27.81576388888889,27.942728174603175,27.827682291666665,27.93615927419355,27.792951388888888,0,0,0,0,0,0,0,0,0,6,19,0.41534995738866376,42.10526315789473,57.89473684210527,52.63157894736842,42.10526315789473,5.263157894736842,0,0,0,0,0,0,0
012-785TOT-CIMI-CR-23-JL,785,TOT,2023-02-10,10:58:00,JCO,Tenori,F,8.6,Pregnant,100,5.57,3.69,483,592.26,NA,NA,NA,NA,NA,NA,NA,NA,NA,29.095572916666665,28.826448863636365,28.6216796875,29.185243055555556,28.63043650793651,29.229166666666668,28.393055462184876,28.864270833333332,0,0,0,0,0,0,0,0,0,14,41,5.576038227080252,34.146341463414636,65.85365853658537,46.34146341463415,34.146341463414636,17.073170731707318,2.4390243902439024,0,0,0,0,0,0
013-894TOT-CIMI-CR-23-JL,894,TOT,2023-03-02,15:05:00,EM,Tenori,F,8.7,Pregnant,NA,NA,NA,NA,NA,NA,NA,NA,NA,NA,NA,NA,NA,NA,29.326041666666665,29.04104166666667,28.898958333333333,29.21527777777778,28.91437996031746,29.134140625,28.884297715053762,28.982083333333335,0,0,0,0,0,0,0,0,0,10,33,2.6085152199196737,42.42424242424242,57.57575757575758,42.42424242424242,42.42424242424242,15.151515151515152,0,0,0,0,0,0,0
014-971TOT-CIMI-CR-23-JL,971,TOT,2023-03-15,09:35:00,JL,Tenori,F,8.7,Pregnant,NA,NA,NA,NA,NA,NA,NA,NA,NA,NA,NA,NA,NA,NA,26.02453125,28.026486742424243,28.49017578125,26.000243055555554,28.565367063492065,26.220963541666666,28.648125,27.15125,0.34166666666666673,0.09128787878787767,0.06276041666666579,0.32152777777777813,0.047817460317459905,0.2411458333333331,0.03239247311828036,0.20083333333333328,0.16736111111111002,7,23,0.8991114609689526,52.17391304347826,47.82608695652174,43.47826086956522,52.17391304347826,4.3478260869565215,0,0,0,0,0,0,0
015-1083TOT-CIMI-CR-23-JL,1083,TOT,2023-04-05,09:20:00,JL,Tenori,F,8.8,Pregnant,NA,NA,NA,NA,NA,1116.8531989856465,1169.3468480135325,1169.3468480135325,1116.8531989856465,1116.8531989856465,1116.8531989856465,1116.8531989856465,1169.3468480135325,1169.3468480135325,29.490677083333335,29.160113636363636,29.254016927083335,29.4959375,28.969588293650794,29.310833333333335,28.609761424731182,28.97126736111111,0,1.8939393939394164e-4,1.3020833333333314e-4,6.944444444444462e-4,0.028571428571427332,5.208333333333344e-4,0.051747311827957575,4.166666666666676e-4,3.4722222222222327e-4,3,14,-1.939351922086697,57.14285714285714,42.857142857142854,35.714285714285715,57.14285714285714,7.142857142857142,0,0,0,0,0,0,0
016-1110TOT-CIMI-CR-23-JL,1110,TOT,2023-04-10,08:51:00,AW,Tenori,F,8.8,Pregnant,0.83,0,0.1,3.73,4.66,1221.8404970414188,1221.8404970414188,1221.8404970414188,1221.8404970414188,1169.3468480135325,1169.3468480135325,1221.8404970414188,1169.3468480135325,1169.3468480135325,29.90057291666667,29.222575757575758,29.273873697916667,29.8609375,29.318333333333335,29.544348958333334,28.710063844086022,29.536319444444445,0,1.8939393939394102e-4,1.3020833333333116e-4,0,9.920634920634955e-5,0,0.05174731182795856,0,0,3,20,-2.713709666716264,60,40,35,60,5,0,0,0,0,0,0,0
017-1232TOT-CIMI-CR-23-JL,1232,TOT,2023-04-28,08:50:00,VM,Tenori,F,8.8,Lactating,NA,NA,NA,NA,NA,NA,NA,NA,NA,NA,NA,NA,NA,NA,28.69713541666667,29.329583333333332,29.6108203125,28.838194444444444,29.71734126984127,28.97278645833333,29.49087365591398,28.673506944444444,0,0.011174242424242435,0.007682291666666629,0,0.005853174603174531,5.208333333333344e-4,0.00403225806451619,0.011666666666666626,0.010069444444444426,8,20,2.286290333283736,45,55.00000000000001,50,40,5,0,5,0,0,0,0,0
019-1347TOT-CIMI-CR-23-JL,1347,TOT,2023-05-29,11:51:00,AW,Tenori,F,8.9,Lactating,NA,NA,NA,NA,NA,NA,NA,NA,NA,1402.4324487937968,1402.4324487937968,NA,1402.4324487937968,1402.4324487937968,29.109791666666666,29.88121212121212,30.11193359375,28.87934027777778,30.46323412698413,28.96015625,30.568209005376346,28.91598958333333,0.015625,0.059280303030303363,0.040755208333333806,0.010416666666666647,0.031051587301586813,0.008333333333333344,0.021706989247311008,0.12750000000000053,0.10868055555555511,4,8,-0.16499417745713024,50,50,50,50,0,0,0,0,0,0,0,0
020-1386TOT-CIMI-CR-23-JL,1386,TOT,2023-06-08,12:33:00,JL,Tenori,F,8.9,Lactating,3.01,0.14,0.26,12.2,15.61,662.8654082840229,662.8654082840229,662.8654082840229,662.8654082840229,662.8654082840229,662.8654082840229,662.8654082840229,662.8654082840229,662.8654082840229,26.57421875,27.45342803030303,27.865579427083333,26.993680555555557,28.621269841269843,27.116484375,29.421975806451613,27.283211805555556,0.01979166666666664,0.2172348484848474,0.1881510416666661,0.08680555555555548,0.14335317460317293,0.06614583333333321,0.09711021505376492,0.09958333333333301,0.08298611111111098,5,26,-1.488067411345831,53.84615384615385,46.15384615384615,46.15384615384615,53.84615384615385,0,0,0,0,0,0,0,0
021-1464TOT-CIMI-CR-23-JL,1464,TOT,2023-06-28,13:22:00,CIW,Tenori,F,9,Lactating,NA,NA,NA,NA,NA,NA,NA,NA,NA,NA,NA,NA,NA,NA,28.404,28.26459485224023,27.9692544146501,28.07067615658363,27.9266650074664,28.17607427055703,27.797137083192993,28.01151142355009,0.04756756756756744,0.07759771210676815,0.1448005232177869,0.04056939501779365,0.11149825783972192,0.03129973474801061,0.1525766251263068,0.02748414376321349,0.022847100175746864,4,12,-0.6812326738768416,50,50,50,50,0,0,0,0,0,0,0,0
022-1523TOT-CIMI-CR-23-JL,1523,TOT,2023-07-18,08:44:00,AW,Tenori,F,9.1,Lactating,NA,NA,NA,NA,NA,NA,NA,NA,NA,NA,NA,NA,NA,NA,28.565421052631578,28.70607843137255,28.73875191424196,28.411330935251797,28.842676709154112,28.535588235294117,28.592192851824276,28.410762411347516,0.017894736842105304,0.02063983488132107,0.019754977029096413,0.012230215827338128,0.04936268829663969,0.013903743315508029,0.06202531645569662,0.011111111111111132,0.009219858156028398,4,14,-0.9393519220866972,71.42857142857143,28.57142857142857,28.57142857142857,71.42857142857143,0,0,0,0,0,0,0,0
023-527TRO-CIMI-CR-23-JL,527,TRO,2022-12-15,12:22:00,VM,Tenori,M,9.1,M,NA,NA,NA,NA,NA,NA,NA,NA,NA,NA,NA,NA,NA,NA,27.47953125,27.278267045454545,27.221966145833335,27.590902777777778,27.002445436507937,27.468984375,27.049653897849463,27.45359375,0,0,9.114583333333349e-4,0,0.02380952380952276,0,0.017338709677419795,0,0,6,39,-2.165842524709893,26.31578947368421,73.68421052631578,31.57894736842105,21.052631578947366,5.263157894736842,36.84210526315789,5.263157894736842,0,0,0,0,0
024-638TRO-CIMI-CR-23-JL,638,TRO,2023-01-10,10:31:00,JL,Tenori,M,9.2,M,NA,NA,NA,NA,NA,NA,NA,NA,NA,NA,NA,NA,NA,NA,27.880885416666665,27.80753787878788,27.896653645833332,27.81576388888889,27.942728174603175,27.827682291666665,27.93615927419355,27.792951388888888,0,0,0,0,0,0,0,0,0,5,12,0.3187673261231584,66.66666666666666,33.33333333333333,25,66.66666666666666,0,8.333333333333332,0,0,0,0,0,0
025-741TRO-CIMI-CR-23-JL,741,TRO,2023-02-03,12:05:00,AW,Tenori,M,9.2,M,NA,NA,NA,NA,NA,NA,NA,NA,NA,NA,NA,NA,NA,NA,28.650052083333335,28.619053030303032,28.5746484375,28.780763888888888,28.280808531746032,28.886979166666666,28.184312605042017,28.62137152777778,0,0,0,0,0,0,0,0,0,7,14,2.0606480779133025,7.142857142857142,92.85714285714286,28.57142857142857,7.142857142857142,14.285714285714285,35.714285714285715,0,0,14.285714285714285,0,0,0
026-868TRO-CIMI-CR-23-JL,868,TRO,2023-02-27,15:54:00,JL,Tenori,M,9.3,M,NA,NA,NA,NA,NA,1404.7777988165665,1404.7777988165665,1404.7777988165665,1612.5584378698206,1612.5584378698206,1612.5584378698206,1404.7777988165665,1404.7777988165665,1404.7777988165665,28.61453125,28.86654356060606,28.839641927083335,28.74888888888889,28.933005952380952,28.7896875,28.769069220430108,28.8228125,0,0,0,0,0,0,0,0,0,7,16,1.8025288297034472,31.25,68.75,62.5,25,6.25,0,6.25,0,0,0,0,0
027-893TRO-CIMI-CR-23-JL,893,TRO,2023-03-02,07:19:00,JL,Tenori,M,9.3,M,3.21,2.13,0.25,25.9,31.49,1196.9971597633123,1196.9971597633123,1196.9971597633123,1404.7777988165665,1404.7777988165665,1404.7777988165665,1404.7777988165665,1404.7777988165665,1404.7777988165665,29.326041666666665,29.04104166666667,28.898958333333333,29.21527777777778,28.91437996031746,29.134140625,28.884297715053762,28.982083333333335,0,0,0,0,0,0,0,0,0,9,25,2.640992212759097,36,64,56.00000000000001,32,8,0,4,0,0,0,0,0
028-974TRO-CIMI-CR-23-JL,974,TRO,2023-03-15,10:02:00,JL,Tenori,M,9.3,M,3.87,0,0.18,10.1,14.149999999999999,112.95711104895116,112.95711104895116,112.95711104895116,NA,NA,NA,112.95711104895116,112.95711104895116,112.95711104895116,26.02453125,28.026486742424243,28.49017578125,26.000243055555554,28.565367063492065,26.220963541666666,28.648125,27.15125,0.34166666666666673,0.09128787878787767,0.06276041666666579,0.32152777777777813,0.047817460317459905,0.2411458333333331,0.03239247311828036,0.20083333333333328,0.16736111111111002,10,28,3.253813340444313,32.142857142857146,67.85714285714286,57.14285714285714,25,10.714285714285714,0,7.142857142857142,0,0,0,0,0
029-1081TRO-CIMI-CR-23-JL,1081,TRO,2023-04-05,09:54:00,JL,Tenori,M,9.4,M,NA,NA,NA,NA,NA,NA,NA,NA,NA,NA,NA,NA,NA,NA,29.490677083333335,29.160113636363636,29.254016927083335,29.4959375,28.969588293650794,29.310833333333335,28.609761424731182,28.97126736111111,0,1.8939393939394164e-4,1.3020833333333314e-4,6.944444444444462e-4,0.028571428571427332,5.208333333333344e-4,0.051747311827957575,4.166666666666676e-4,3.4722222222222327e-4,3,10,-1.4231134256669857,30,70,70,30,0,0,0,0,0,0,0,0
030-1158TRO-CIMI-CR-23-JL,1158,TRO,2023-04-14,09:19:00,JCO,Tenori,M,9.4,M,NA,NA,NA,NA,NA,NA,NA,NA,NA,NA,NA,NA,NA,NA,30.155520833333334,29.78375946969697,29.47087890625,30.27815972222222,29.479255952380953,30.254817708333334,29.121720430107526,30.136736111111112,0,0,1.3020833333333222e-4,0,9.920634920634955e-5,0,0.04126344086021346,0,0,5,25,-1.359007787240903,44,56.00000000000001,56.00000000000001,40,0,0,4,0,0,0,0,0
031-1279TRO-CIMI-CR-23-JL,1279,TRO,2023-05-10,12:43:00,JL,Tenori,M,9.5,M,NA,NA,NA,NA,NA,NA,NA,NA,NA,NA,NA,NA,NA,NA,31.850520833333334,31.28001893939394,30.467421875,31.629375,30.17798611111111,31.521119791666667,30.193114919354837,31.529253472222223,0,0.0013257575757575839,0.0014322916666666596,0,0.006845238095238189,0,0.004637096774193586,0,0,7,15,1.931588453808375,40,60,60,40,0,0,0,0,0,0,0,0
032-1361TRO-CIMI-CR-23-JL,1361,TRO,2023-05-30,14:08:00,JL,Tenori,M,9.5,M,NA,NA,NA,NA,NA,NA,NA,1481.7335910585184,NA,NA,NA,NA,NA,1481.7335910585184,28.4371875,29.434441287878787,29.827447916666667,28.486527777777777,30.260406746031745,28.469505208333334,30.559583333333332,28.546180555555555,0.8770833333333337,0.2159090909090889,0.14843749999999994,0.5847222222222206,0.11309523809523593,0.4385416666666673,0.07708333333333817,0.35125000000000295,0.3934027777777771,3,9,-1.294053801562058,66.66666666666666,33.33333333333333,33.33333333333333,66.66666666666666,0,0,0,0,0,0,0,0
033-1505TRO-CIMI-CR-23-JL,1505,TRO,2023-07-12,09:00:00,AW,Tenori,M,9.7,M,NA,NA,NA,NA,NA,NA,NA,NA,NA,NA,NA,NA,NA,NA,29.469635416666666,28.916955974842768,28.919030206677267,29.55537037037037,28.554390103567318,29.348839285714284,28.461704966641957,29.091744680851065,0.009374999999999998,0.050566037735848765,0.07058823529411785,0.007407407407407418,0.06375143843498259,0.03630952380952385,0.11171237954039838,0.03654320987654336,0.03574468085106387,5,8,0.8350058225428698,50,50,50,50,0,0,0,0,0,0,0,0
034-1543TRO-CIMI-CR-23-JL,1543,TRO,2023-07-21,10:03:00,AW,Tenori,M,9.7,M,NA,NA,NA,NA,NA,NA,NA,NA,NA,NA,NA,NA,NA,NA,30.461927083333332,29.140929118773947,29.030049893086243,30.351701388888888,28.922215810732833,29.973958333333332,28.68531273268801,29.398657243816256,0,0.00670498084291191,0.016963649322879314,0,0.0489324870167332,0,0.061801935964258106,0.007112970711297123,0.00600706713780914,4,12,-0.6812326738768416,66.66666666666666,33.33333333333333,33.33333333333333,66.66666666666666,0,0,0,0,0,0,0,0
035-106TRU-CIMI-CR-23-JL,106,TRU,2022-09-09,13:46:00,JL,Tenori,F,15.2,Lactating,NA,NA,NA,NA,NA,NA,NA,NA,NA,NA,NA,NA,NA,NA,26.165625,26.419952651515153,26.437508846426045,26.38375,26.50918119387216,26.5446875,26.76158929318277,26.733211805555555,0.2833333333333333,0.1801136363636367,0.153007784854918,0.33958333333333324,0.1535129424194404,0.2546875000000002,0.1363446256796311,0.24583333333333326,0.20486111111111108,NA,NA,NA,NA,NA,NA,NA,NA,NA,NA,NA,NA,NA,NA,NA
036-143TRU-CIMI-CR-23-JL,143,TRU,2022-09-23,15:36:00,JL,Tenori,F,15.2,Lactating,18.5,1.7,0.61,55.7,76.51,850.2745107692336,850.2745107692336,850.2745107692336,850.2745107692336,850.2745107692336,850.2745107692336,850.2745107692336,850.2745107692336,850.2745107692336,26.14703125,25.865823863636365,26.001666666666665,26.173368055555557,26.18687996031746,26.079947916666665,26.180771118121275,25.896597222222223,0.03958333333333326,0.09905303030303064,0.11197916666666627,0.027083333333333407,0.13144841269841326,0.058854166666666735,0.1270241850683485,0.07791666666666652,0.06597222222222233,NA,NA,NA,NA,NA,NA,NA,NA,NA,NA,NA,NA,NA,NA,NA
037-173TRU-CIMI-CR-23-JL,173,TRU,2022-10-05,06:05:00,AW,Tenori,F,15.3,Lactating,NA,NA,NA,NA,NA,NA,NA,NA,NA,NA,NA,NA,NA,NA,27.736927083333335,26.316070075757576,26.297552083333333,27.624131944444446,26.194439484126985,27.142057291666667,26.214506048387097,26.71954861111111,0,0.1210227272727257,0.11601562499999937,0,0.10952380952380969,0,0.13145161290322505,0.00833333333333335,0.026736111111111124,NA,NA,NA,NA,NA,NA,NA,NA,NA,NA,NA,NA,NA,NA,NA
038-258TRU-CIMI-CR-23-JL,258,TRU,2022-10-20,14:01:00,EM,Tenori,F,15.3,Lactating,35,2.1,2.14,95,134.24,NA,NA,NA,NA,NA,NA,NA,NA,NA,27.564739583333335,26.862765151515152,26.693678385416668,27.327638888888888,26.671631944444446,27.06643229166667,26.469284274193548,26.84684027777778,0.036458333333333315,0.14337121212121234,0.12395833333333277,0.03472222222222217,0.10208333333333373,0.028645833333333304,0.12385752688171982,0.08166666666666646,0.13541666666666696,NA,NA,NA,NA,NA,NA,NA,NA,NA,NA,NA,NA,NA,NA,NA
039-321TRU-CIMI-CR-23-JL,321,TRU,2022-11-08,11:56:00,UN,Tenori,F,15.4,Lactating,NA,NA,NA,NA,NA,1073.4456999247084,1073.4456999247084,1073.4456999247084,594.0226728348507,594.0226728348507,594.0226728348507,953.5899431522439,953.5899431522439,953.5899431522439,24.602083333333333,25.86595643939394,26.372109375,24.454618055555557,26.571899801587303,24.53924479166667,26.54033938172043,24.914947916666666,0.5343749999999997,0.27083333333333504,0.20755208333333292,0.6902777777777778,0.17599206349206545,0.5692708333333332,0.17741935483870847,0.4741666666666666,0.44062500000000054,5,18,-0.45559041850640836,55.55555555555556,44.44444444444444,22.22222222222222,55.55555555555556,5.555555555555555,16.666666666666664,0,0,0,0,0,0
040-353TRU-CIMI-CR-23-JL,353,TRU,2022-11-15,10:00:00,AW,Tenori,F,15.4,Lactating,NA,NA,NA,NA,NA,934.2600473372772,934.2600473372772,934.2600473372772,NA,939.8501404195928,1073.4456999247084,934.2600473372772,937.055093878435,1017.7714388897359,26.6025,25.61348484848485,25.855403645833334,26.676180555555554,26.272480158730158,26.651640625,26.474687499999998,26.359861111111112,0.036458333333333356,0.2473484848484835,0.2139322916666673,0.02430555555555563,0.16309523809523813,0.018750000000000055,0.144354838709679,0.04583333333333351,0.07326388888888914,4,42,-4.5530213970246765,40.476190476190474,59.523809523809526,7.142857142857142,40.476190476190474,0,52.38095238095239,0,0,0,0,0,0
041-453TRU-CIMI-CR-23-JL,453,TRU,2022-12-08,10:45:00,AG,Tenori,F,15.4,Cycling,NA,NA,NA,NA,NA,835.842483500585,731.9767075958528,731.9767075958528,940.4406572652858,940.4406572652858,940.4406572652858,824.208941577259,743.4430292381385,743.4430292381385,27.174895833333334,27.008579545454545,26.776510416666667,27.27107638888889,26.858209325396825,27.093671875,26.733111559139786,27.07074652777778,0,0.0018939393939393656,0.033203125000000014,0,0.025496031746032176,0,0.04791666666666738,0,0,7,30,-0.004305907765542388,40,60,23.333333333333332,40,3.3333333333333335,33.33333333333333,0,0,0,0,0,0
042-574TRU-CIMI-CR-23-JL,574,TRU,2022-12-27,08:30:00,JL,Tenori,F,15.5,Pregnant,NA,NA,NA,NA,NA,NA,NA,NA,NA,NA,NA,NA,NA,NA,27.89270833333333,28.113589015151515,27.987864583333334,27.996076388888888,27.807901785714286,28.12734375,27.507325268817205,28.075711805555557,0,0,0,0,0,0,0.0032930107526882775,0,0,4,34,-3.520544404185254,44.11764705882353,55.88235294117647,32.35294117647059,44.11764705882353,0,23.52941176470588,0,0,0,0,0,0
043-751TRU-CIMI-CR-23-JL,751,TRU,2023-02-06,16:45:00,MC,Tenori,F,15.6,Pregnant,NA,NA,NA,NA,NA,NA,NA,NA,NA,NA,NA,NA,NA,NA,28.134479166666665,28.41777462121212,28.515123697916668,28.208784722222223,28.476334325396824,28.318802083333335,28.21215798319328,28.494774305555556,0,0,0,0,0,0,0,0,0,10,48,0.6726208583457571,45.83333333333333,54.166666666666664,31.25,45.83333333333333,6.25,16.666666666666664,0,0,0,0,0,0
044-830TRU-CIMI-CR-23-JL,830,TRU,2023-02-22,09:10:00,AW,Tenori,F,15.7,Pregnant,NA,NA,NA,NA,NA,NA,NA,NA,NA,NA,NA,NA,NA,NA,29.222916666666666,28.854943181818182,28.972701822916665,29.25857638888889,28.832842261904762,29.050520833333334,28.762271505376344,28.91701388888889,0,0,0,0,0,0,0,0,0,7,31,-0.13336553187047015,51.61290322580645,48.38709677419355,38.70967741935484,51.61290322580645,9.67741935483871,0,0,0,0,0,0,0
045-946TRU-CIMI-CR-23-JL,946,TRU,2023-03-10,12:03:00,JL,Tenori,F,15.7,Pregnant,4.41,0.15,0.8,12.7,18.06,NA,NA,NA,NA,NA,NA,NA,NA,NA,28.930104166666666,29.255719696969695,29.11517578125,28.93454861111111,29.073462301587302,28.98825520833333,29.03371303763441,29.043576388888887,0,0,0,0,0,0,0,0,0,9,51,-0.7145580139690267,50.98039215686274,49.01960784313725,37.254901960784316,50.98039215686274,11.76470588235294,0,0,0,0,0,0,0
046-1047TRU-CIMI-CR-23-JL,1047,TRU,2023-03-28,12:07:00,JL,Tenori,F,15.8,Pregnant,NA,NA,NA,NA,NA,NA,NA,NA,NA,NA,NA,NA,NA,NA,29.55984375,29.351344696969697,28.390442708333335,29.54875,28.43237599206349,29.57734375,28.687684811827957,29.56675347222222,0,3.787878787878855e-4,0.09765625000000001,0,0.07628968253968375,0,0.05168010752688096,0,0,6,18,0.5444095814935915,55.55555555555556,44.44444444444444,33.33333333333333,55.55555555555556,11.11111111111111,0,0,0,0,0,0,0
047-1118TRU-CIMI-CR-23-JL,1118,TRU,2023-04-10,11:47:00,AW,Tenori,F,15.8,Pregnant,NA,NA,NA,NA,NA,1286.5084568047323,1286.5084568047323,1286.5084568047323,980.1825798816556,980.1825798816556,980.1825798816556,1286.5084568047323,1286.5084568047323,1286.5084568047323,29.90057291666667,29.222575757575758,29.273873697916667,29.8609375,29.318333333333335,29.544348958333334,28.710063844086022,29.536319444444445,0,1.8939393939394102e-4,1.3020833333333116e-4,0,9.920634920634955e-5,0,0.05174731182795856,0,0,6,22,0.02817108507388027,50,50,40.909090909090914,45.45454545454545,9.090909090909092,0,4.545454545454546,0,0,0,0,0
050-1201TRU-CIMI-CR-23-JL,1201,TRU,2023-04-24,12:58:00,AW,Tenori,F,15.8,Pregnant,NA,NA,NA,NA,NA,NA,NA,NA,NA,NA,NA,NA,NA,NA,28.074947916666666,29.764232954545456,29.899459635416665,28.283541666666668,29.77106150793651,28.856223958333334,29.568881048387098,29.482499999999998,0.02916666666666667,0.010984848484848597,0.007552083333333237,0.04027777777777773,0.0057539682539683714,0.030208333333333306,0.003965053763440909,0.024166666666666715,0.020138888888888856,5,12,0.3187673261231584,50,50,41.66666666666667,41.66666666666667,8.333333333333332,0,8.333333333333332,0,0,0,0,0
051-1278TRU-CIMI-CR-23-JL,1278,TRU,2023-05-10,14:29:00,AW,Tenori,F,15.9,Pregnant,NA,NA,NA,NA,NA,NA,NA,NA,NA,NA,NA,NA,NA,NA,31.850520833333334,31.28001893939394,30.467421875,31.629375,30.17798611111111,31.521119791666667,30.193114919354837,31.529253472222223,0,0.0013257575757575839,0.0014322916666666596,0,0.006845238095238189,0,0.004637096774193586,0,0,5,23,-1.1008885390310477,52.17391304347826,47.82608695652174,47.82608695652174,52.17391304347826,0,0,0,0,0,0,0,0
052-1333TRU-CIMI-CR-23-JL,1333,TRU,2023-05-23,14:44:00,JL,Tenori,F,15.9,Lactating,NA,NA,NA,NA,NA,NA,NA,NA,NA,NA,NA,NA,NA,NA,30.102083333333333,30.87848484848485,31.08869140625,30.403784722222223,31.219419642857144,30.760729166666668,30.52127688172043,31.117569444444445,0,0,0,0,0,0,0.0026209677419353973,0,0,5,21,-0.8427692908211919,66.66666666666666,33.33333333333333,33.33333333333333,66.66666666666666,0,0,0,0,0,0,0,0
053-1365TRU-CIMI-CR-23-JL,1365,TRU,2023-06-01,10:15:00,AW,Tenori,F,15.9,Lactating,NA,NA,NA,NA,NA,NA,NA,NA,NA,NA,NA,NA,NA,NA,26.888958333333335,28.610729166666665,29.468743489583332,27.005972222222223,29.802524801587303,27.663072916666668,30.35112903225806,27.942656250000002,0.04895833333333337,0.2248106060606063,0.1545572916666683,0.6069444444444462,0.11775793650793547,0.4630208333333346,0.07977150537634067,0.3704166666666669,0.30868055555555635,7,29,0.12475371633938537,44.827586206896555,55.172413793103445,51.724137931034484,44.827586206896555,0,0,0,0,3.4482758620689653,0,0,0
054-1411TRU-CIMI-CR-23-JL,1411,TRU,2023-06-13,09:03:00,AW,Tenori,F,16,Lactating,NA,NA,NA,NA,NA,NA,NA,NA,2570.1561656804706,2570.1561656804706,2570.1561656804706,2570.1561656804706,2570.1561656804706,2570.1561656804706,29.3453125,27.674270833333335,27.669088541666667,29.007361111111113,27.93176091269841,28.376875,28.866515456989248,27.907447916666666,0.018749999999999982,0.050757575757575765,0.15312499999999946,0.01319444444444447,0.1462301587301574,0.013541666666666667,0.09905913978494661,0.012083333333333297,0.010763888888888887,6,30,-1.0043059077655423,50,50,50,50,0,0,0,0,0,0,0,0
055-1459TRU-CIMI-CR-23-JL,1459,TRU,2023-06-26,12:35:00,Other,Tenori,F,16,Lactating,NA,NA,NA,NA,NA,NA,NA,NA,NA,NA,NA,NA,NA,NA,27.956458333333334,28.074753787878787,28.079010416666666,27.906423611111112,27.80670634920635,27.822421875,27.80487567204301,27.610503472222224,0.015625,0.0784090909090911,0.138541666666666,0.014583333333333339,0.11894841269841175,0.010937499999999978,0.14926075268817024,0.04583333333333361,0.12500000000000006,4,13,-0.8102922979817693,53.84615384615385,46.15384615384615,46.15384615384615,53.84615384615385,0,0,0,0,0,0,0,0
056-193TSU-CIMI-CR-23-JL,193,TSU,2022-10-07,12:53:00,AW,Tenori,M,5.1,M,NA,NA,NA,NA,NA,NA,NA,NA,NA,NA,NA,NA,NA,NA,26.666145833333335,26.49875946969697,26.37921223958333,26.88138888888889,26.250406746031747,27.201536458333333,26.213548387096775,26.98342013888889,0.013541666666666693,0.07746212121212086,0.1079427083333325,0.009027777777777753,0.10535714285714215,0.006770833333333317,0.12553763440860227,0.005416666666666692,0.004513888888888863,NA,NA,NA,NA,NA,NA,NA,NA,NA,NA,NA,NA,NA,NA,NA
057-250TSU-CIMI-CR-23-JL,250,TSU,2022-10-19,16:55:00,AW,Tenori,M,5.1,M,NA,NA,NA,NA,NA,NA,NA,NA,NA,NA,NA,NA,NA,NA,27.341927083333335,26.597367424242425,26.747610677083333,26.98888888888889,26.626954365079364,26.736119791666667,26.415272177419354,26.66699652777778,0.015625,0.16401515151515145,0.11940104166666532,0.01388888888888891,0.09930555555555598,0.08385416666666713,0.12647849462365643,0.14791666666666636,0.18888888888888822,NA,NA,NA,NA,NA,NA,NA,NA,NA,NA,NA,NA,NA,NA,NA
058-338TSU-CIMI-CR-23-JL,338,TSU,2022-11-10,09:29:00,AW,Tenori,M,5.2,M,NA,NA,NA,NA,NA,699.9045656804726,596.4746296768335,468.92754625398516,697.75900473374,697.75900473374,697.75900473374,697.75900473374,629.5209010468914,525.5990206372408,25.64546875,25.580549242424244,26.213854166666668,25.566388888888888,26.389112103174604,25.123776041666666,26.554354838709678,24.90798611111111,0.10729166666666658,0.2903409090909088,0.19973958333333072,0.23958333333333326,0.18273809523809417,0.3208333333333337,0.17190860215053982,0.45708333333333273,0.4152777777777773,4,16,-1.1974711702965528,31.25,68.75,6.25,31.25,6.25,56.25,0,0,0,0,0,0
059-503TSU-CIMI-CR-23-JL,503,TSU,2022-12-14,11:27:00,CIW,Tenori,M,5.3,M,NA,NA,NA,NA,NA,NA,NA,NA,NA,NA,NA,NA,NA,NA,27.489010416666666,27.20808712121212,27.1467578125,27.360416666666666,26.939652777777777,27.433828125,26.994304435483873,27.315260416666668,0,0,9.114583333333387e-4,0,0.02529761904761833,0,0.019690860215053885,0,0,7,12,2.318767326123158,16.666666666666664,83.33333333333334,41.66666666666667,16.666666666666664,8.333333333333332,33.33333333333333,0,0,0,0,0,0
060-609TSU-CIMI-CR-23-JL,609,TSU,2023-01-06,07:42:00,JL,Tenori,M,5.3,M,NA,NA,NA,NA,NA,NA,NA,NA,NA,240.39316544379207,240.39316544379207,NA,240.39316544379207,240.39316544379207,27.723489583333333,27.913977272727273,27.981536458333334,27.921145833333334,28.023799603174602,27.943802083333335,27.845685483870966,27.74237847222222,0,0,0,0,0,0,0,0,0,6,9,1.705946198437942,44.44444444444444,55.55555555555556,44.44444444444444,44.44444444444444,0,11.11111111111111,0,0,0,0,0,0
061-683TSU-CIMI-CR-23-JL,683,TSU,2023-01-20,10:25:00,AW,Tenori,M,5.4,M,NA,NA,NA,NA,NA,NA,NA,NA,NA,NA,NA,NA,NA,NA,28.749114583333334,27.914123222748817,27.856104234527688,28.61753472222222,27.8487047146402,28.420130208333333,27.927031932773108,27.746579861111112,0,0,0,0,0,0,0,0,0,7,10,2.576886574333014,30,70,60,30,0,10,0,0,0,0,0,0
062-810TSU-CIMI-CR-23-JL,810,TSU,2023-02-20,16:53:00,JL,Tenori,M,5.4,M,NA,NA,NA,NA,NA,NA,NA,NA,NA,NA,NA,NA,NA,NA,28.878125,28.825492424242423,28.836647135416666,28.751354166666665,28.8234126984127,28.7640625,28.691609543010753,28.71029513888889,0,0,0,0,0,0,0,0,0,8,22,2.02817108507388,27.27272727272727,72.72727272727273,36.36363636363637,27.27272727272727,27.27272727272727,9.090909090909092,0,0,0,0,0,0
063-890TSU-CIMI-CR-23-JL,890,TSU,2023-03-02,09:50:00,JL,Tenori,M,5.5,M,NA,NA,NA,NA,NA,NA,NA,NA,NA,NA,NA,NA,NA,NA,29.326041666666665,29.04104166666667,28.898958333333333,29.21527777777778,28.91437996031746,29.134140625,28.884297715053762,28.982083333333335,0,0,0,0,0,0,0,0,0,11,29,4.124753716339384,41.37931034482759,58.620689655172406,55.172413793103445,41.37931034482759,3.4482758620689653,0,0,0,0,0,0,0
064-977TSU-CIMI-CR-23-JL,977,TSU,2023-03-15,12:01:00,EM,Tenori,M,5.5,M,NA,NA,NA,NA,NA,2070.880369230844,2070.880369230844,2070.880369230844,NA,NA,NA,2070.880369230844,2070.880369230844,2070.880369230844,26.02453125,28.026486742424243,28.49017578125,26.000243055555554,28.565367063492065,26.220963541666666,28.648125,27.15125,0.34166666666666673,0.09128787878787767,0.06276041666666579,0.32152777777777813,0.047817460317459905,0.2411458333333331,0.03239247311828036,0.20083333333333328,0.16736111111111002,9,22,3.02817108507388,36.36363636363637,63.63636363636363,54.54545454545454,31.818181818181817,9.090909090909092,0,4.545454545454546,0,0,0,0,0
065-1122TSU-CIMI-CR-23-JL,1122,TSU,2023-04-11,11:50:00,VM,Tenori,M,5.6,M,NA,NA,NA,NA,NA,NA,NA,NA,NA,NA,NA,NA,NA,NA,30.051197916666666,29.39996212121212,29.315013020833334,29.9953125,29.354474206349206,29.941901041666668,28.74357190860215,29.634253472222223,0,1.8939393939394156e-4,1.3020833333333116e-4,0,9.920634920634955e-5,0,0.050470430107529024,0,0,6,15,0.9315884538083751,53.333333333333336,46.666666666666664,33.33333333333333,40,13.333333333333334,0,13.333333333333334,0,0,0,0,0
066-1259TSU-CIMI-CR-23-JL,1259,TSU,2023-05-08,12:05:00,JL,Tenori,M,5.7,M,NA,NA,NA,NA,NA,NA,NA,NA,NA,NA,NA,NA,NA,NA,31.19171875,30.606685606060605,29.99547526041667,31.190729166666667,30.02437996031746,31.368619791666667,30.062926747311828,31.562638888888888,0,0.0018939393939393708,0.0050781250000001095,0,0.00684523809523818,0,0.004637096774193603,0,0,8,16,2.802528829703447,50,50,43.75,43.75,6.25,0,6.25,0,0,0,0,0
067-1508TSU-CIMI-CR-23-JL,1508,TSU,2023-07-12,07:44:00,AW,Tenori,M,5.8,M,NA,NA,NA,NA,NA,NA,NA,NA,NA,NA,NA,NA,NA,NA,29.469635416666666,28.916955974842768,28.919030206677267,29.55537037037037,28.554390103567318,29.348839285714284,28.461704966641957,29.091744680851065,0.009374999999999998,0.050566037735848765,0.07058823529411785,0.007407407407407418,0.06375143843498259,0.03630952380952385,0.11171237954039838,0.03654320987654336,0.03574468085106387,4,11,-0.5521730497719136,54.54545454545454,45.45454545454545,45.45454545454545,54.54545454545454,0,0,0,0,0,0,0,0
068-1545TSU-CIMI-CR-23-JL,1545,TSU,2023-07-21,09:28:00,AW,Tenori,M,5.9,M,NA,NA,NA,NA,NA,1458.5297467455605,1458.5297467455605,1458.5297467455605,NA,NA,NA,1458.5297467455605,1458.5297467455605,1458.5297467455605,30.461927083333332,29.140929118773947,29.030049893086243,30.351701388888888,28.922215810732833,29.973958333333332,28.68531273268801,29.398657243816256,0,0.00670498084291191,0.016963649322879314,0,0.0489324870167332,0,0.061801935964258106,0.007112970711297123,0.00600706713780914,4,18,-1.4555904185064084,61.111111111111114,38.88888888888889,38.88888888888889,61.111111111111114,0,0,0,0,0,0,0,0
069-330TUA-CIMI-CR-23-JL,330,TUA,2022-11-08,14:07:00,AW,Tenori,F,1.7,juv,NA,NA,NA,NA,NA,NA,NA,NA,NA,NA,NA,NA,NA,NA,24.602083333333333,25.86595643939394,26.372109375,24.454618055555557,26.571899801587303,24.53924479166667,26.54033938172043,24.914947916666666,0.5343749999999997,0.27083333333333504,0.20755208333333292,0.6902777777777778,0.17599206349206545,0.5692708333333332,0.17741935483870847,0.4741666666666666,0.44062500000000054,4,14,-0.9393519220866972,50,50,7.142857142857142,50,0,42.857142857142854,0,0,0,0,0,0
070-384TUA-CIMI-CR-23-JL,384,TUA,2022-11-18,11:49:00,AW,Tenori,F,1.7,juv,NA,NA,NA,NA,NA,NA,NA,NA,NA,NA,NA,NA,NA,NA,28.009427083333332,26.623276515151517,26.05859375,27.952152777777776,26.284444444444443,27.745651041666665,26.62766801075269,27.314166666666665,0,0.08636363636363677,0.19309895833333174,6.944444444444462e-4,0.16309523809523815,5.208333333333344e-4,0.1336021505376321,0.015000000000000081,0.012499999999999933,7,48,-2.327379141654243,20.833333333333336,79.16666666666666,22.916666666666664,20.833333333333336,0,52.083333333333336,0,0,4.166666666666666,0,0,0
071-509TUA-CIMI-CR-23-JL,509,TUA,2022-12-14,13:50:00,AW,Tenori,F,1.8,juv,NA,NA,NA,NA,NA,NA,NA,NA,NA,NA,NA,NA,NA,NA,27.489010416666666,27.20808712121212,27.1467578125,27.360416666666666,26.939652777777777,27.433828125,26.994304435483873,27.315260416666668,0,0,9.114583333333387e-4,0,0.02529761904761833,0,0.019690860215053885,0,0,8,33,0.608515219919674,46.875,53.125,24.242424242424242,45.45454545454545,6.0606060606060606,18.181818181818183,0,0,3.0303030303030303,3.0303030303030303,0,0
072-616TUA-CIMI-CR-23-JL,616,TUA,2023-01-09,11:45:00,AG,Tenori,F,1.8,juv,NA,NA,NA,NA,NA,NA,NA,NA,NA,NA,1065.05407661164,NA,NA,1065.05407661164,27.66625,27.843380681818182,27.902154947916667,27.731979166666665,27.938834325396826,27.667760416666667,27.906377688172043,27.8265625,0,0,0,0,0,0,0,0,0,7,19,1.4153499573886639,33.33333333333333,66.66666666666666,52.63157894736842,31.57894736842105,0,5.263157894736842,0,0,5.263157894736842,5.263157894736842,0,0
074-119TSU-CIMI-CR-23-JL,119,TSU,2022-09-15,11:00:00,JL,Tenori,M,5,M,NA,NA,NA,NA,NA,NA,NA,NA,NA,NA,NA,NA,NA,NA,25.783125,26.235416666666666,26.29490234375,25.635,26.27337031167459,25.733854166666667,26.590908745247148,26.012725694444445,0.0864583333333333,0.1626893939393935,0.15872395833333355,0.14166666666666655,0.14252509244585287,0.11822916666666644,0.1309505703422053,0.10750000000000007,0.09340277777777795,NA,NA,NA,NA,NA,NA,NA,NA,NA,NA,NA,NA,NA,NA,NA
075-672TUA-CIMI-CR-23-JL,672,TUA,2023-01-17,14:34:00,VM,Tenori,F,1.8,juv,NA,NA,NA,NA,NA,NA,NA,NA,NA,NA,NA,NA,NA,NA,27.282135416666666,27.672379146919432,27.690807817589576,26.875625,27.792749379652605,27.087057291666667,27.869442016806723,27.48424347826087,0,0,0,0,0,0,0,0,0,10,18,4.544409581493592,27.77777777777778,72.22222222222221,55.55555555555556,27.77777777777778,5.555555555555555,11.11111111111111,0,0,0,0,0,0
076-725TUA-CIMI-CR-23-JL,725,TUA,2023-02-01,15:05:00,AW,Tenori,F,1.9,juv,NA,NA,NA,NA,NA,1200.6107360946733,1200.6107360946733,1200.6107360946733,1200.6107360946733,1200.6107360946733,1200.6107360946733,1200.6107360946733,1200.6107360946733,1200.6107360946733,29.12390625,28.574138257575758,28.50478515625,28.8759375,28.245811414392058,28.60703125,28.106642016806724,28.44484375,0,0,0,0,0,0,0,0,0,4,8,-0.16499417745713024,28.57142857142857,71.42857142857143,62.5,25,0,0,0,0,0,12.5,0,0
077-841TUA-CIMI-CR-23-JL,841,TUA,2023-02-22,13:15:00,JL,Tenori,F,1.9,juv,NA,NA,NA,NA,NA,NA,NA,NA,NA,NA,NA,NA,NA,NA,29.222916666666666,28.854943181818182,28.972701822916665,29.25857638888889,28.832842261904762,29.050520833333334,28.762271505376344,28.91701388888889,0,0,0,0,0,0,0,0,0,11,34,3.479455595814746,33.33333333333333,66.66666666666666,41.935483870967744,32.25806451612903,22.58064516129032,0,0,0,0,3.225806451612903,0,0
078-903TUA-CIMI-CR-23-JL,903,TUA,2023-03-03,09:36:00,JL,Tenori,F,2,juv,NA,NA,NA,NA,NA,NA,NA,NA,NA,NA,NA,NA,NA,NA,29.694114583333334,29.0703125,28.98751953125,29.434652777777778,28.951150793650793,29.324427083333333,28.898692876344086,29.08779513888889,0,0,0,0,0,0,0,0,0,12,39,3.834157475290107,37.83783783783784,62.16216216216216,42.10526315789473,36.84210526315789,18.421052631578945,0,0,0,0,2.631578947368421,0,0
079-972TUA-CIMI-CR-23-JL,972,TUA,2023-03-15,09:32:00,JL,Tenori,F,2,juv,NA,NA,NA,NA,NA,1228.9170840236673,1228.9170840236673,1228.9170840236673,924.7744094674548,924.7744094674548,924.7744094674548,1228.9170840236673,1228.9170840236673,1228.9170840236673,26.02453125,28.026486742424243,28.49017578125,26.000243055555554,28.565367063492065,26.220963541666666,28.648125,27.15125,0.34166666666666673,0.09128787878787767,0.06276041666666579,0.32152777777777813,0.047817460317459905,0.2411458333333331,0.03239247311828036,0.20083333333333328,0.16736111111111002,9,35,1.3503959717098186,37.142857142857146,62.857142857142854,45.714285714285715,37.142857142857146,17.142857142857142,0,0,0,0,0,0,0
082-985TUA-CIMI-CR-23-JL,985,TUA,2023-03-16,12:43:00,CB,Tenori,F,2,juv,NA,NA,NA,NA,NA,1533.0597585798798,1533.0597585798798,1533.0597585798798,1228.9170840236673,1228.9170840236673,1228.9170840236673,1228.9170840236673,1228.9170840236673,1228.9170840236673,26.318020833333332,27.764119318181816,28.357070312500003,26.304375,28.469791666666666,26.216197916666665,28.592600806451614,26.81565972222222,0.3406249999999994,0.09147727272727192,0.06289062499999945,0.2284722222222218,0.047916666666667315,0.24166666666666634,0.032459677419355654,0.1933333333333327,0.16770833333333338,11,34,3.479455595814746,29.411764705882355,70.58823529411765,55.88235294117647,29.411764705882355,14.705882352941178,0,0,0,0,0,0,0
083-1089TUA-CIMI-CR-23-JL,1089,TUA,2023-04-05,12:51:00,EM,Tenori,F,2.1,juv,NA,NA,NA,NA,NA,NA,NA,NA,NA,NA,NA,NA,NA,NA,29.490677083333335,29.160113636363636,29.254016927083335,29.4959375,28.969588293650794,29.310833333333335,28.609761424731182,28.97126736111111,0,1.8939393939394164e-4,1.3020833333333314e-4,6.944444444444462e-4,0.028571428571427332,5.208333333333344e-4,0.051747311827957575,4.166666666666676e-4,3.4722222222222327e-4,5,10,0.5768865743330142,30,70,40,30,30,0,0,0,0,0,0,0
084-1135TUA-CIMI-CR-23-JL,1135,TUA,2023-04-12,07:44:00,AW,Tenori,F,2.1,juv,NA,NA,NA,NA,NA,NA,NA,NA,NA,NA,NA,NA,NA,NA,30.354114583333335,29.59748106060606,29.3672265625,30.20861111111111,29.421165674603174,30.12734375,28.861001344086024,29.81427083333333,0,1.8939393939394219e-4,1.3020833333333116e-4,0,9.920634920634955e-5,0,0.05047043010752906,0,0,6,10,1.5768865743330143,55.55555555555556,44.44444444444444,20,50,20,0,0,0,0,10,0,0
085-1267TUA-CIMI-CR-23-JL,1267,TUA,2023-05-09,14:27:00,LS,Tenori,F,2.2,juv,NA,NA,NA,NA,NA,NA,NA,NA,NA,NA,NA,NA,NA,NA,31.343229166666667,30.853267045454544,30.1918359375,31.294270833333332,30.10343253968254,31.267890625,30.118336693548386,31.49204861111111,0,0.0018939393939393647,0.004947916666666714,0,0.00684523809523818,0,0.004637096774193596,0,0,5,10,0.5768865743330142,40,60,50,40,10,0,0,0,0,0,0,0
086-1375TUA-CIMI-CR-23-JL,1375,TUA,2023-06-06,09:26:00,JL,Tenori,F,2.2,juv,NA,NA,NA,NA,NA,NA,NA,NA,NA,NA,NA,NA,NA,NA,27.65875,27.803901515151516,28.306562500000002,27.565104166666668,29.032708333333336,27.637708333333332,29.719879032258067,27.542569444444446,0.11249999999999993,0.21363636363636318,0.1856770833333345,0.15277777777777757,0.141468253968253,0.1145833333333333,0.09583333333333438,0.09958333333333333,0.08576388888888875,7,21,1.157230709178808,33.33333333333333,66.66666666666666,61.904761904761905,33.33333333333333,4.761904761904762,0,0,0,0,0,0,0
087-1399TUA-CIMI-CR-23-JL,1399,TUA,2023-06-12,14:27:00,AW,Tenori,F,2.2,juv,NA,NA,NA,NA,NA,NA,NA,NA,NA,NA,NA,NA,NA,NA,29.266197916666666,27.596676136363637,27.67505859375,28.339270833333334,28.00918650793651,28.057005208333333,28.959375000000005,27.562743055555554,0.001041666666666667,0.05094696969696984,0.15078125000000242,0.005555555555555569,0.14444444444444346,0.00572916666666667,0.09784946236559096,0.005416666666666673,0.010416666666666671,8,22,2.02817108507388,36.36363636363637,63.63636363636363,54.54545454545454,36.36363636363637,4.545454545454546,0,0,0,4.545454545454546,0,0,0
088-204MAN-CIMI-CR-23-JL,204,MAN,2022-10-11,06:03:00,JL,Mesas,M,8.3,M,NA,NA,NA,NA,NA,300.8210380762346,300.8210380762346,300.8210380762346,154.43932479827848,154.43932479827848,154.43932479827848,252.02713365024923,252.02713365024923,252.02713365024923,26.899270833333333,26.55158143939394,26.347493489583332,26.059409722222224,26.336011904761904,26.190703125,26.194297715053764,26.349184027777778,0.05729166666666673,0.05113636363636383,0.113411458333334,0.1381944444444445,0.10585317460317424,0.12343749999999998,0.10786290322580598,0.10416666666666663,0.0868055555555557,NA,NA,NA,NA,NA,NA,NA,NA,NA,NA,NA,NA,NA,NA,NA
089-414MAN-CIMI-CR-23-JL,414,MAN,2022-11-25,06:16:00,EM,Mesas,M,8.4,M,NA,NA,NA,NA,NA,NA,NA,NA,NA,NA,NA,NA,NA,NA,26.510989583333334,27.093986742424242,26.8166796875,26.535,26.316954365079365,26.455729166666668,26.536444892473117,26.745,0.21249999999999988,0.03920454545454557,0.05442708333333316,0.14166666666666672,0.15009920634920446,0.10625000000000036,0.12439516129032203,0.08583333333333326,0.07152777777777772,9,22,3.02817108507388,50,50,27.27272727272727,50,9.090909090909092,13.636363636363635,0,0,0,0,0,0
090-487MAN-CIMI-CR-23-JL,487,MAN,2022-12-12,15:26:00,AW,Mesas,M,8.5,M,NA,NA,NA,NA,NA,443.11479763314264,443.11479763314264,443.11479763314264,NA,NA,NA,443.11479763314264,443.11479763314264,443.11479763314264,27.378645833333334,27.17502840909091,27.001529947916666,27.31628472222222,26.835982142857144,27.228385416666665,26.943450940860217,27.210555555555555,0,0,0.006380208333333111,0,0.02529761904761848,0,0.019758064516129208,0,0,5,11,0.4478269502280863,63.63636363636363,36.36363636363637,27.27272727272727,63.63636363636363,0,9.090909090909092,0,0,0,0,0,0
091-558MAN-CIMI-CR-23-JL,558,MAN,2022-12-20,16:14:00,CB,Mesas,M,8.5,M,NA,NA,NA,NA,NA,NA,NA,NA,NA,NA,443.11479763314264,NA,NA,443.11479763314264,28.026666666666667,27.85592803030303,27.609661458333335,28.02263888888889,27.487862103174603,28.253307291666665,27.18287298387097,28.248055555555556,0,0,0,0,6.944444444444166e-4,0,0.01727150537634478,0,0,7,41,-1.4239617729197485,56.09756097560976,43.90243902439025,34.146341463414636,56.09756097560976,0,4.878048780487805,0,2.4390243902439024,0,0,2.4390243902439024,0
092-806MAN-CIMI-CR-23-JL,806,MAN,2023-02-16,08:49:00,AW,Mesas,M,8.6,M,NA,NA,NA,NA,NA,NA,NA,NA,NA,NA,1254.2913634381723,NA,NA,1254.2913634381723,28.602760416666666,28.95161931818182,28.814361979166666,28.71059027777778,28.697936507936507,28.679270833333334,28.6472311827957,28.857413194444444,0,0,0,0,0,0,0,0,0,7,22,1.0281710850738803,45.45454545454545,54.54545454545454,36.36363636363637,45.45454545454545,4.545454545454546,0,0,13.636363636363635,0,0,0,0
093-978MAN-CIMI-CR-23-JL,978,MAN,2023-03-16,08:41:00,JL,Mesas,M,8.7,M,NA,NA,NA,NA,NA,NA,277.4710397295024,277.4710397295024,413.07694437869776,413.07694437869776,413.07694437869776,413.07694437869776,345.27399205410006,345.27399205410006,26.318020833333332,27.764119318181816,28.357070312500003,26.304375,28.469791666666666,26.216197916666665,28.592600806451614,26.81565972222222,0.3406249999999994,0.09147727272727192,0.06289062499999945,0.2284722222222218,0.047916666666667315,0.24166666666666634,0.032459677419355654,0.1933333333333327,0.16770833333333338,10,26,3.511932588654169,26.923076923076923,73.07692307692307,53.84615384615385,26.923076923076923,0,0,0,19.230769230769234,0,0,0,0
094-1017MAN-CIMI-CR-23-JL,1017,MAN,2023-03-21,17:45:00,CB,Mesas,M,8.7,M,NA,NA,NA,NA,NA,NA,NA,NA,277.4710397295024,277.4710397295024,345.27399205410006,277.4710397295024,277.4710397295024,345.27399205410006,29.70869791666667,27.613892045454545,28.016510416666666,29.673402777777778,28.408189484126986,29.085338541666665,28.574119623655914,28.287152777777777,0,0.14564393939393908,0.10013020833333368,0,0.07628968253968378,0.0010416666666666688,0.051680107526882915,0.11916666666666687,0.0996527777777782,14,43,5.317918978870397,18.6046511627907,81.3953488372093,60.46511627906976,18.6046511627907,2.3255813953488373,0,0,18.6046511627907,0,0,0,0
097-391MAU-CIMI-CR-23-JL,391,MAU,2022-11-21,16:03:00,AW,Mesas,M,9.4,M,NA,NA,NA,NA,NA,NA,NA,NA,NA,NA,NA,NA,NA,NA,27.323541666666667,27.03501893939394,26.3775,27.07611111111111,26.285525793650795,27.345078125,26.61569556451613,27.514131944444443,0.002083333333333334,0.02140151515151508,0.1575520833333321,0.0013888888888888922,0.16309523809523502,0.0010416666666666688,0.12399193548387032,8.333333333333314e-4,0.0010416666666666684,5,10,0.5768865743330142,30,70,50,30,0,20,0,0,0,0,0,0
098-481MAU-CIMI-CR-23-JL,481,MAU,2022-12-12,12:44:00,JL,Mesas,M,9.5,M,NA,NA,NA,NA,NA,1064.069173288249,1064.069173288249,1064.069173288249,NA,NA,NA,1064.069173288249,1064.069173288249,1064.069173288249,27.378645833333334,27.17502840909091,27.001529947916666,27.31628472222222,26.835982142857144,27.228385416666665,26.943450940860217,27.210555555555555,0,0,0.006380208333333111,0,0.02529761904761848,0,0.019758064516129208,0,0,3,16,-2.197471170296553,56.25,43.75,12.5,56.25,0,31.25,0,0,0,0,0,0
099-495MAU-CIMI-CR-23-JL,495,MAU,2022-12-13,13:33:00,AG,Mesas,M,9.5,M,NA,NA,NA,NA,NA,1064.069173288249,1064.069173288249,1064.069173288249,NA,NA,NA,1064.069173288249,1064.069173288249,1064.069173288249,27.4584375,27.19560606060606,27.113847656249998,27.523645833333333,26.911969246031745,27.440625,26.983309811827958,27.286336805555557,0,0,0.0013020833333333539,0,0.025297619047618392,0,0.019690860215053882,0,0,3,12,-1.6812326738768417,50,50,16.666666666666664,50,0,33.33333333333333,0,0,0,0,0,0
100-406MAY-CIMI-CR-23-JL,406,MAY,2022-11-23,08:50:00,MC,Mesas,F,3.9,juv,NA,NA,NA,NA,NA,NA,NA,141.52170193293887,1264.7517159763768,1264.7517159763768,1264.7517159763768,1264.7517159763768,1264.7517159763768,515.9317066140849,26.40046875,27.08311553030303,26.68033203125,26.72479166666667,26.236512896825396,26.862005208333333,26.56228494623656,27.030208333333334,0,0.007196969696969781,0.05963541666666733,0.0013888888888888926,0.14732142857143155,0.0010416666666666688,0.12163978494623465,8.333333333333352e-4,6.944444444444465e-4,7,15,1.931588453808375,53.333333333333336,46.666666666666664,26.666666666666668,53.333333333333336,6.666666666666667,13.333333333333334,0,0,0,0,0,0
101-515MAY-CIMI-CR-23-JL,515,MAY,2022-12-14,16:54:00,JL,Mesas,F,4,juv,NA,NA,NA,NA,NA,NA,NA,598.1221656804728,487.83280473372827,487.83280473372827,487.83280473372827,487.83280473372827,487.83280473372827,542.9774852071005,27.489010416666666,27.20808712121212,27.1467578125,27.360416666666666,26.939652777777777,27.433828125,26.994304435483873,27.315260416666668,0,0,9.114583333333387e-4,0,0.02529761904761833,0,0.019690860215053885,0,0,7,29,0.12475371633938537,48.275862068965516,51.724137931034484,31.03448275862069,44.827586206896555,0,17.24137931034483,3.4482758620689653,3.4482758620689653,0,0,0,0
102-696MAY-CIMI-CR-23-JL,696,MAY,2023-01-26,10:59:00,AW,Mesas,F,4.1,juv,NA,NA,NA,NA,NA,NA,NA,NA,NA,NA,NA,NA,NA,NA,28.79296875,28.376714015151514,28.16688599348534,28.946805555555557,28.069285359801487,28.867916666666666,28.033331092436974,28.621163194444446,0,0,0,0,0,0,0,0,0,6,13,1.1897077020182307,38.46153846153847,61.53846153846154,53.84615384615385,30.76923076923077,0,0,7.6923076923076925,7.6923076923076925,0,0,0,0
103-776MAY-CIMI-CR-23-JL,776,MAY,2023-02-09,15:46:00,AW,Mesas,F,4.1,juv,NA,NA,NA,NA,NA,NA,NA,NA,NA,NA,NA,NA,NA,NA,29.33802083333333,28.781022727272727,28.63865234375,29.345659722222223,28.627599206349206,29.110911458333334,28.3683731092437,28.77722222222222,0,0,0,0,0,0,0,0,0,7,30,-0.004305907765542388,46.666666666666664,53.333333333333336,46.666666666666664,46.666666666666664,0,0,0,6.666666666666667,0,0,0,0
104-1016MAY-CIMI-CR-23-JL,1016,MAY,2023-03-21,15:45:00,CB,Mesas,F,4.2,juv,NA,NA,NA,NA,NA,NA,NA,NA,283.7861945562148,1157.287970966469,980.9117479628064,283.7861945562148,1157.287970966469,980.9117479628064,29.70869791666667,27.613892045454545,28.016510416666666,29.673402777777778,28.408189484126986,29.085338541666665,28.574119623655914,28.287152777777777,0,0.14564393939393908,0.10013020833333368,0,0.07628968253968378,0.0010416666666666688,0.051680107526882915,0.11916666666666687,0.0996527777777782,9,49,-0.45643876575917064,30.612244897959183,69.38775510204081,57.14285714285714,30.612244897959183,0,0,0,12.244897959183673,0,0,0,0
105-1094MAY-CIMI-CR-23-JL,1094,MAY,2023-04-06,07:33:00,AW,Mesas,F,4.3,juv,NA,NA,NA,NA,NA,NA,NA,NA,923.9257665411596,923.9257665411596,923.9257665411596,923.9257665411596,923.9257665411596,923.9257665411596,29.520260416666666,29.15254734848485,29.255110677083334,29.474895833333335,29.092410714285716,29.482786458333333,28.638309811827956,29.172899305555557,0,1.8939393939394102e-4,1.302083333333327e-4,0,0.028472222222222877,5.208333333333344e-4,0.05174731182795766,4.166666666666668e-4,3.4722222222222327e-4,5,10,0.5768865743330142,40,60,60,40,0,0,0,0,0,0,0,0
106-1265MAY-CIMI-CR-23-JL,1265,MAY,2023-05-09,10:17:00,EM,Mesas,F,4.4,juv,NA,NA,NA,NA,NA,1414.6183415046476,1414.6183415046476,903.0246890626478,NA,NA,NA,1414.6183415046476,1414.6183415046476,903.0246890626478,31.343229166666667,30.853267045454544,30.1918359375,31.294270833333332,30.10343253968254,31.267890625,30.118336693548386,31.49204861111111,0,0.0018939393939393647,0.004947916666666714,0,0.00684523809523818,0,0.004637096774193596,0,0,4,12,-0.6812326738768416,16.666666666666664,83.33333333333334,83.33333333333334,16.666666666666664,0,0,0,0,0,0,0,0
107-1271MAY-CIMI-CR-23-JL,1271,MAY,2023-05-09,16:23:00,CB,Mesas,F,4.4,juv,NA,NA,NA,NA,NA,1414.6183415046476,1414.6183415046476,903.0246890626478,NA,NA,NA,1414.6183415046476,1414.6183415046476,903.0246890626478,31.343229166666667,30.853267045454544,30.1918359375,31.294270833333332,30.10343253968254,31.267890625,30.118336693548386,31.49204861111111,0,0.0018939393939393647,0.004947916666666714,0,0.00684523809523818,0,0.004637096774193596,0,0,4,13,-0.8102922979817693,15.384615384615385,84.61538461538461,84.61538461538461,15.384615384615385,0,0,0,0,0,0,0,0
108-1320MAY-CIMI-CR-23-JL,1320,MAY,2023-05-17,16:22:00,JCO,Mesas,F,4.4,juv,NA,NA,NA,NA,NA,NA,NA,598.8212206255307,391.431036620648,554.5977052761366,903.0246890626478,391.431036620648,554.5977052761366,859.5670507144882,29.394791666666666,31.082727272727272,31.229108072916667,29.932604166666668,30.705114087301588,30.397395833333334,30.321703629032257,30.772291666666668,0,0,0,0,9.920634920634953e-4,0,0.004637096774193515,0,0,5,43,-3.6820810211296044,26.190476190476193,73.80952380952381,73.80952380952381,26.190476190476193,0,0,0,0,0,0,0,0
109-155MEZ-CIMI-CR-23-JL,155,MEZ,2022-09-29,12:33:00,JL,Mesas,F,20.3,Pregnant,NA,NA,NA,NA,NA,NA,NA,NA,NA,NA,NA,NA,NA,NA,26.153802083333332,26.006202651515153,25.95681640625,25.94559027777778,25.98731646825397,25.786875,26.143182123655915,26.020625,0.21979166666666694,0.1681818181818177,0.14361979166666725,0.22152777777777796,0.14761904761904776,0.2833333333333331,0.15053763440860254,0.23416666666666663,0.2434027777777778,NA,NA,NA,NA,NA,NA,NA,NA,NA,NA,NA,NA,NA,NA,NA
110-302MEZ-CIMI-CR-23-JL,302,MEZ,2022-11-02,10:23:00,AW,Mesas,F,20.4,Pregnant,NA,NA,NA,NA,NA,NA,NA,NA,NA,NA,NA,NA,NA,NA,26.915104166666666,27.25313446969697,27.210852864583334,26.868472222222223,27.032946428571428,26.848229166666666,26.96935819892473,27.08826388888889,0.16562499999999986,0.06799242424242452,0.06770833333333345,0.11180555555555544,0.11597222222222,0.08385416666666702,0.09556451612903337,0.06708333333333368,0.05590277777777771,2,10,-2.423113425666986,90,10,0,90,0,10,0,0,0,0,0,0
112-426MEZ-CIMI-CR-23-JL,426,MEZ,2022-12-01,13:18:00,AG,Mesas,F,20.4,Pregnant,NA,NA,NA,NA,NA,NA,NA,NA,NA,NA,618.2829102958711,NA,NA,618.2829102958711,26.92671875,26.545795454545456,26.857194010416666,26.814930555555556,26.76264384920635,26.770651041666667,26.34278561827957,26.467899305555555,0.0072916666666666555,0.048674242424242606,0.03359374999999985,0.00486111111111112,0.03650793650793639,0.0052083333333333304,0.12762096774193685,0.020416666666666604,0.017708333333333375,8,39,-0.16584252470989264,57.89473684210527,42.10526315789473,21.052631578947366,57.89473684210527,2.631578947368421,18.421052631578945,0,0,0,0,0,0
113-492MEZ-CIMI-CR-23-JL,492,MEZ,2022-12-13,10:54:00,AW,Mesas,F,20.5,Pregnant,NA,NA,NA,NA,NA,NA,NA,NA,NA,NA,NA,NA,NA,NA,27.4584375,27.19560606060606,27.113847656249998,27.523645833333333,26.911969246031745,27.440625,26.983309811827958,27.286336805555557,0,0,0.0013020833333333539,0,0.025297619047618392,0,0.019690860215053882,0,0,4,32,-3.2624251559753987,68.75,31.25,12.5,68.75,0,18.75,0,0,0,0,0,0
114-652MEZ-CIMI-CR-23-JL,652,MEZ,2023-01-12,09:02:00,MC,Mesas,F,20.5,Lactating,NA,NA,NA,NA,NA,NA,NA,NA,NA,NA,NA,NA,NA,NA,28.32104712041885,27.873156398104264,27.949954397394137,28.25205574912892,27.985553349875932,28.100391644908616,27.996850420168066,27.991565217391305,0,0,0,0,0,0,0,0,0,10,37,2.0922767234999626,21.62162162162162,78.37837837837837,67.56756756756756,21.62162162162162,0,0,0,10.81081081081081,0,0,0,0
115-757MEZ-CIMI-CR-23-JL,757,MEZ,2023-02-07,09:15:00,JL,Mesas,F,20.6,Lactating,NA,NA,NA,NA,NA,NA,NA,NA,NA,NA,NA,NA,NA,NA,28.883802083333332,28.509905303030305,28.5892578125,28.543298611111112,28.54933531746032,28.496822916666666,28.26048067226891,28.547899305555557,0,0,0,0,0,0,0,0,0,7,25,0.6409922127590968,52,48,36,52,0,0,0,12,0,0,0,0
116-1019MEZ-CIMI-CR-23-JL,1019,MEZ,2023-03-22,07:10:00,AW,Mesas,F,20.7,Lactating,NA,NA,NA,NA,NA,NA,NA,NA,NA,1261.9286094674544,861.3645417842523,NA,1261.9286094674544,861.3645417842523,29.274375,27.611789772727274,28.051796875,29.5134375,28.418055555555558,29.53578125,28.59658938172043,28.66362847222222,0,0.14204545454545525,0.1001302083333337,0,0.0762896825396837,0,0.05168010752688283,8.333333333333312e-4,0.09930555555555624,11,47,1.801680482450685,25.53191489361702,74.46808510638297,59.57446808510638,23.404255319148938,0,0,2.127659574468085,14.893617021276595,0,0,0,0
117-1190MEZ-CIMI-CR-23-JL,1190,MEZ,2023-04-20,15:40:00,AW,Mesas,F,20.8,Lactating,NA,NA,NA,NA,NA,NA,NA,NA,NA,NA,NA,NA,NA,NA,30.735052083333333,30.280265151515152,30.023951822916665,30.436458333333334,29.743506944444444,30.310911458333333,29.640332661290323,30.35767361111111,0,0,0,0,9.920634920634955e-5,0,6.720430107527035e-5,0,0,5,14,0.060648077913302845,28.57142857142857,71.42857142857143,71.42857142857143,28.57142857142857,0,0,0,0,0,0,0,0
118-405MEZ-CIMI-CR-23-JL,405,MEZ,2022-11-23,08:44:00,ER,Mesas,F,20.4,Pregnant,NA,NA,NA,NA,NA,618.2829102958711,618.2829102958711,618.2829102958711,438.5332990701601,438.5332990701601,438.5332990701601,528.4081046830156,528.4081046830156,528.4081046830156,26.40046875,27.08311553030303,26.68033203125,26.72479166666667,26.236512896825396,26.862005208333333,26.56228494623656,27.030208333333334,0,0.007196969696969781,0.05963541666666733,0.0013888888888888926,0.14732142857143155,0.0010416666666666688,0.12163978494623465,8.333333333333352e-4,6.944444444444465e-4,6,18,0.5444095814935915,50,50,16.666666666666664,50,5.555555555555555,27.77777777777778,0,0,0,0,0,0
119-484MEZ-CIMI-CR-23-JL,484,MEZ,2022-12-12,10:58:00,AG,Mesas,F,20.5,Pregnant,NA,NA,NA,NA,NA,NA,NA,NA,NA,NA,NA,NA,NA,NA,27.378645833333334,27.17502840909091,27.001529947916666,27.31628472222222,26.835982142857144,27.228385416666665,26.943450940860217,27.210555555555555,0,0,0.006380208333333111,0,0.02529761904761848,0,0.019758064516129208,0,0,4,20,-1.7137096667162641,60,40,15,60,0,25,0,0,0,0,0,0
120-804MIL-CIMI-CR-23-JL,804,MIL,2023-02-16,09:43:00,AW,Mesas,F,6.1,Lactating,NA,NA,NA,NA,NA,NA,NA,NA,NA,NA,NA,NA,NA,NA,28.602760416666666,28.95161931818182,28.814361979166666,28.71059027777778,28.697936507936507,28.679270833333334,28.6472311827957,28.857413194444444,0,0,0,0,0,0,0,0,0,11,55,0.7692034896112621,34.54545454545455,65.45454545454545,56.36363636363636,34.54545454545455,1.8181818181818181,0,0,7.2727272727272725,0,0,0,0
121-964MIL-CIMI-CR-23-JL,964,MIL,2023-03-14,13:08:00,EM,Mesas,F,6.2,Lactating,NA,NA,NA,NA,NA,554.9420794590019,554.9420794590019,554.9420794590019,983.309713245342,983.309713245342,983.309713245342,697.7312907211153,697.7312907211153,697.7312907211153,26.114375,28.433920454545454,28.68509765625,26.370625,28.71465277777778,27.06447916666667,28.758229166666666,27.686354166666668,0.14270833333333297,0.029545454545454135,0.02031250000000041,0.09513888888888902,0.015476190476190883,0.08124999999999986,0.010483870967741614,0.06500000000000003,0.05416666666666657,7,34,-0.5205444041852537,26.47058823529412,73.52941176470588,67.64705882352942,26.47058823529412,0,0,0,5.88235294117647,0,0,0,0
122-999MIL-CIMI-CR-23-JL,999,MIL,2023-03-20,10:55:00,MC,Mesas,F,6.2,Lactating,NA,NA,NA,NA,NA,933.7414322156476,933.7414322156476,933.7414322156476,774.660426035502,554.9420794590019,697.7312907211153,880.7144301555991,744.3417558373247,792.1353473189282,29.7971875,27.564053030303032,28.03677734375,28.97184027777778,28.387614087301586,28.358255208333333,28.544183467741934,27.678177083333335,0,0.14564393939393902,0.10013020833333308,0.0013888888888888924,0.07628968253968386,0.14895833333333372,0.05168010752688291,0.1195833333333335,0.21284722222222174,9,38,0.9632170993950352,31.57894736842105,68.42105263157895,52.63157894736842,31.57894736842105,0,0,0,15.789473684210526,0,0,0,0
123-1070MIL-CIMI-CR-23-JL,1070,MIL,2023-04-04,10:43:00,JL,Mesas,F,6.3,Lactating,NA,NA,NA,NA,NA,NA,NA,NA,NA,NA,NA,NA,NA,NA,29.4453125,29.166107954545453,29.278665364583333,29.215381944444445,28.787435515873014,28.99921875,28.61469422043011,28.8828125,0.0010416666666666673,1.893939393939423e-4,1.3020833333333358e-4,6.944444444444461e-4,0.06091269841269952,5.208333333333344e-4,0.05174731182795737,4.1666666666666664e-4,3.472222222222232e-4,3,15,-2.068411546191625,33.33333333333333,66.66666666666666,66.66666666666666,33.33333333333333,0,0,0,0,0,0,0,0
124-1327MIL-CIMI-CR-23-JL,1327,MIL,2023-05-23,06:45:00,MC,Mesas,F,6.4,Lactating,NA,NA,NA,NA,NA,NA,NA,NA,NA,NA,777.1899294674547,NA,NA,777.1899294674547,30.102083333333333,30.87848484848485,31.08869140625,30.403784722222223,31.219419642857144,30.760729166666668,30.52127688172043,31.117569444444445,0,0,0,0,0,0,0.0026209677419353973,0,0,6,58,-4.617975382703521,42.10526315789473,57.89473684210527,54.385964912280706,42.10526315789473,0,0,0,3.508771929824561,0,0,0,0
125-211MIS-CIMI-CR-23-JL,211,MIS,2022-10-12,10:44:00,JL,Mesas,F,3.8,juv,NA,NA,NA,NA,NA,721.9247964497033,721.9247964497033,721.9247964497033,555.5052342119469,555.5052342119469,404.4493759314732,666.4516090371178,666.4516090371178,563.1870861905883,27.35625,26.7321875,26.477493489583335,27.06309027777778,26.391473214285714,26.392239583333332,26.209075940860217,26.457517361111112,0.0177083333333333,0.0479166666666669,0.08450520833333369,0.04027777777777772,0.10605158730158688,0.10520833333333315,0.10598118279569817,0.10000000000000017,0.08784722222222212,NA,NA,NA,NA,NA,NA,NA,NA,NA,NA,NA,NA,NA,NA,NA
126-689MIS-CIMI-CR-23-JL,689,MIS,2023-01-25,17:14:00,AW,Mesas,F,4.1,juv,NA,NA,NA,NA,NA,NA,NA,NA,NA,NA,NA,NA,NA,NA,29.202864583333334,28.161070075757575,28.146879478827362,29.01232638888889,28.047235732009927,28.802942708333333,28.01872268907563,28.685399305555556,0,0,0,0,0,0,0,0,0,5,13,0.18970770201823076,38.46153846153847,61.53846153846154,46.15384615384615,38.46153846153847,7.6923076923076925,0,0,7.6923076923076925,0,0,0,0
127-899MIS-CIMI-CR-23-JL,899,MIS,2023-03-03,10:00:00,CB,Mesas,F,4.2,juv,NA,NA,NA,NA,NA,NA,NA,NA,313.82520600819174,710.0801583718045,710.0801583718045,313.82520600819174,710.0801583718045,710.0801583718045,29.694114583333334,29.0703125,28.98751953125,29.434652777777778,28.951150793650793,29.324427083333333,28.898692876344086,29.08779513888889,0,0,0,0,0,0,0,0,0,8,25,1.640992212759097,28.000000000000004,72,64,28.000000000000004,8,0,0,0,0,0,0,0
128-1022MIS-CIMI-CR-23-JL,1022,MIS,2023-03-22,08:16:00,AW,Mesas,F,4.2,juv,NA,NA,NA,NA,NA,NA,NA,NA,NA,1052.152975147967,849.9190682164176,NA,1052.152975147967,849.9190682164176,29.274375,27.611789772727274,28.051796875,29.5134375,28.418055555555558,29.53578125,28.59658938172043,28.66362847222222,0,0.14204545454545525,0.1001302083333337,0,0.0762896825396837,0,0.05168010752688283,8.333333333333312e-4,0.09930555555555624,12,62,0.8657861208767678,40.32258064516129,59.67741935483871,50,40.32258064516129,3.225806451612903,0,0,4.838709677419355,1.6129032258064515,0,0,0
129-1179MIS-CIMI-CR-23-JL,1179,MIS,2023-04-18,07:38:00,EM,Mesas,F,4.3,juv,NA,NA,NA,NA,NA,NA,NA,NA,NA,NA,NA,NA,NA,NA,29.886770833333333,30.116183712121213,29.862734375,30.067256944444445,29.591949404761905,30.168984375,29.579825268817206,30.16449652777778,0,0,1.3020833333333393e-4,0,9.920634920634955e-5,0,6.720430107527035e-5,0,0,5,19,-0.5846500426113361,42.10526315789473,57.89473684210527,57.89473684210527,42.10526315789473,0,0,0,0,0,0,0,0
130-1285MIS-CIMI-CR-23-JL,1285,MIS,2023-05-11,09:59:00,JL,Mesas,F,4.3,juv,NA,NA,NA,NA,NA,670.8346346576667,670.8346346576667,670.8346346576667,1217.8881479289928,1217.8881479289928,1217.8881479289928,853.1858057481087,853.1858057481087,853.1858057481087,31.69671875,31.376590909090908,30.58087239583333,31.630937499999998,30.19501984126984,31.519973958333335,30.234217069892473,31.410833333333333,0,0.0011363636363636365,0.0013020833333333391,0,0.006845238095238197,0,0.0046370967741935654,0,0,5,26,-1.488067411345831,30.76923076923077,69.23076923076923,69.23076923076923,30.76923076923077,0,0,0,0,0,0,0,0
131-1310MIS-CIMI-CR-23-JL,1310,MIS,2023-05-16,16:50:00,AW,Mesas,F,4.4,juv,NA,NA,NA,NA,NA,NA,NA,825.9106672735539,NA,670.8346346576667,853.1858057481087,NA,670.8346346576667,846.36702112947,29.75859375,31.16528409090909,31.2184765625,30.436319444444443,30.64986111111111,30.669322916666665,30.32646505376344,30.924149305555556,0,0,7.812500000000217e-4,0,9.920634920634953e-4,0,0.004637096774193507,0,0,5,38,-3.0367829006049654,31.57894736842105,68.42105263157895,68.42105263157895,31.57894736842105,0,0,0,0,0,0,0,0
132-512MON-CIMI-CR-23-JL,512,MON,2022-12-14,12:58:00,JL,Mesas,F,4.9,juv,NA,NA,NA,NA,NA,NA,NA,NA,349.50510276923194,349.50510276923194,349.50510276923194,349.50510276923194,349.50510276923194,349.50510276923194,27.489010416666666,27.20808712121212,27.1467578125,27.360416666666666,26.939652777777777,27.433828125,26.994304435483873,27.315260416666668,0,0,9.114583333333387e-4,0,0.02529761904761833,0,0.019690860215053885,0,0,4,19,-1.5846500426113361,63.1578947368421,36.84210526315789,21.052631578947366,63.1578947368421,0,15.789473684210526,0,0,0,0,0,0
133-1187MON-CIMI-CR-23-JL,1187,MON,2023-04-20,14:07:00,AW,Mesas,F,5.2,juv,NA,NA,NA,NA,NA,1083.1695053254423,1083.1695053254423,1083.1695053254423,1236.5206508875724,1236.5206508875724,1236.5206508875724,1159.8450781065073,1159.8450781065073,1159.8450781065073,30.735052083333333,30.280265151515152,30.023951822916665,30.436458333333334,29.743506944444444,30.310911458333333,29.640332661290323,30.35767361111111,0,0,0,0,9.920634920634955e-5,0,6.720430107527035e-5,0,0,5,16,-0.19747117029655276,43.75,56.25,56.25,43.75,0,0,0,0,0,0,0,0
134-1325MON-CIMI-CR-23-JL,1325,MON,2023-05-22,11:18:00,LS,Mesas,F,5.3,juv,NA,NA,NA,NA,NA,NA,NA,NA,NA,667.1000680473365,667.1000680473365,NA,667.1000680473365,667.1000680473365,30.547864583333332,31.02032196969697,31.156236979166668,30.97576388888889,31.250262896825397,31.270442708333334,30.475635080645162,31.145069444444445,0,0,0,0,0,0,0.004637096774193728,0,0,6,37,-1.9077232765000371,32.432432432432435,67.56756756756756,64.86486486486487,29.72972972972973,0,0,2.7027027027027026,2.7027027027027026,0,0,0,0
135-801MOS-CIMI-CR-23-JL,801,MOS,2023-02-15,13:35:00,AW,Mesas,M,9.6,M,NA,NA,NA,NA,NA,NA,NA,NA,NA,NA,NA,NA,NA,NA,28.580572916666668,28.850861742424243,28.829049479166667,28.58215277777778,28.672415674603176,28.732916666666668,28.575157930107526,28.842256944444443,0,0,0,0,0,0,0,0,0,6,22,0.02817108507388027,31.818181818181817,68.18181818181817,63.63636363636363,31.818181818181817,0,0,0,4.545454545454546,0,0,0,0
136-1192MOS-CIMI-CR-23-JL,1192,MOS,2023-04-21,10:51:00,AW,Mesas,M,9.8,M,NA,NA,NA,NA,NA,NA,NA,NA,455.4700402366888,455.4700402366888,455.4700402366888,455.4700402366888,455.4700402366888,455.4700402366888,30.704166666666666,30.33996212121212,30.08501953125,30.68145833333333,29.854970238095238,30.470911458333333,29.677379032258063,30.37435763888889,0,0,0,0,9.920634920634955e-5,0,6.720430107527035e-5,0,0,2,8,-2.1649941774571304,62.5,37.5,37.5,62.5,0,0,0,0,0,0,0,0
137-1303MOS-CIMI-CR-23-JL,1303,MOS,2023-05-15,11:33:00,MC,Mesas,M,9.9,M,NA,NA,NA,NA,NA,347.02378035503176,347.02378035503176,347.02378035503176,763.3680000000275,843.1860610364212,843.1860610364212,555.1958901775296,719.1454908660738,719.1454908660738,31.4,31.47376893939394,31.319759114583334,31.389444444444443,30.691175595238096,31.461041666666667,30.389858870967743,31.539600694444445,0,0,9.114583333333384e-4,0,0.0010912698412698174,0,0.004637096774193522,0,0,6,17,0.6734692055985194,23.52941176470588,76.47058823529412,76.47058823529412,17.647058823529413,0,0,5.88235294117647,0,0,0,0,0
138-1447MOS-CIMI-CR-23-JL,1447,MOS,2023-06-22,07:15:00,AW,Mesas,M,10,M,NA,NA,NA,NA,NA,NA,NA,NA,NA,NA,NA,NA,NA,NA,27.186666666666667,28.14936553030303,27.801158854166665,28.365381944444444,27.76216765873016,28.776666666666667,27.988225806451613,28.388784722222223,0.3531250000000006,0.1973484848484854,0.13958333333333284,0.2354166666666665,0.13005952380952446,0.17708333333333343,0.16787634408602203,0.1425000000000006,0.1364583333333337,3,7,-1.0359345533522024,14.285714285714285,85.71428571428571,85.71428571428571,14.285714285714285,0,0,0,0,0,0,0,0
139-200MOZ-CIMI-CR-23-JL,200,MOZ,2022-10-10,16:44:00,JL,Mesas,M,12.3,M,NA,NA,NA,NA,NA,505.900686390532,505.900686390532,505.900686390532,NA,NA,NA,505.900686390532,505.900686390532,505.900686390532,25.428229166666668,26.46278409090909,26.265631510416668,25.813680555555557,26.263531746031745,26.008151041666668,26.158380376344088,26.34753472222222,0.19270833333333326,0.05928030303030333,0.11393229166666687,0.15486111111111114,0.11180555555555562,0.12291666666666666,0.10766129032258051,0.0983333333333336,0.0819444444444442,NA,NA,NA,NA,NA,NA,NA,NA,NA,NA,NA,NA,NA,NA,NA
140-224MOZ-CIMI-CR-23-JL,224,MOZ,2022-10-13,09:10:00,AW,Mesas,M,12.3,M,NA,NA,NA,NA,NA,NA,NA,NA,505.900686390532,505.900686390532,505.900686390532,505.900686390532,505.900686390532,505.900686390532,27.195416666666667,26.850757575757576,26.569427083333334,27.23753472222222,26.465208333333333,27.04734375,26.2403561827957,26.52560763888889,0.1281249999999999,0.07064393939393966,0.08606770833333299,0.095138888888889,0.11418650793650752,0.09270833333333348,0.11250000000000053,0.1341666666666666,0.12500000000000008,NA,NA,NA,NA,NA,NA,NA,NA,NA,NA,NA,NA,NA,NA,NA
141-359MOZ-CIMI-CR-23-JL,359,MOZ,2022-11-15,10:12:00,JL,Mesas,M,12.4,M,NA,NA,NA,NA,NA,NA,NA,487.3434662721988,NA,NA,NA,NA,NA,487.3434662721988,26.6025,25.61348484848485,25.855403645833334,26.676180555555554,26.272480158730158,26.651640625,26.474687499999998,26.359861111111112,0.036458333333333356,0.2473484848484835,0.2139322916666673,0.02430555555555563,0.16309523809523813,0.018750000000000055,0.144354838709679,0.04583333333333351,0.07326388888888914,8,30,0.9956940922344576,56.666666666666664,43.333333333333336,23.333333333333332,50,0,20,6.666666666666667,0,0,0,0,0
144-482MOZ-CIMI-CR-23-JL,482,MOZ,2022-12-12,12:25:00,JL,Mesas,M,12.5,M,NA,NA,NA,NA,NA,347.49566688542166,370.53847614846603,370.53847614846603,NA,NA,NA,347.49566688542166,370.53847614846603,370.53847614846603,27.378645833333334,27.17502840909091,27.001529947916666,27.31628472222222,26.835982142857144,27.228385416666665,26.943450940860217,27.210555555555555,0,0,0.006380208333333111,0,0.02529761904761848,0,0.019758064516129208,0,0,5,25,-1.359007787240903,39.130434782608695,60.86956521739131,26.08695652173913,39.130434782608695,0,34.78260869565217,0,0,0,0,0,0
145-560MIL-CIMI-CR-23-JL,560,MIL,2022-12-21,07:44:00,JL,Mesas,F,6,Lactating,NA,NA,NA,NA,NA,NA,NA,NA,NA,NA,NA,NA,NA,NA,27.9075,27.909602272727273,27.685944010416666,27.945104166666667,27.56877976190476,27.962473958333334,27.199270833333333,28.2459375,0,0,0,0,0,0,0.017271505376344847,0,0,7,51,-2.714558013969027,44.89795918367347,55.10204081632652,51.02040816326531,44.89795918367347,0,4.081632653061225,0,0,0,0,0,0
146-802MOZ-CIMI-CR-23-JL,802,MOZ,2023-02-15,14:30:00,AW,Mesas,M,12.6,M,NA,NA,NA,NA,NA,NA,NA,NA,NA,NA,NA,NA,NA,NA,28.580572916666668,28.850861742424243,28.829049479166667,28.58215277777778,28.672415674603176,28.732916666666668,28.575157930107526,28.842256944444443,0,0,0,0,0,0,0,0,0,12,44,3.188859354765468,40.909090909090914,59.09090909090909,47.72727272727273,40.909090909090914,4.545454545454546,0,0,6.8181818181818175,0,0,0,0
147-993MOZ-CIMI-CR-23-JL,993,MOZ,2023-03-17,11:21:00,JL,Mesas,M,12.7,M,NA,NA,NA,NA,NA,161.53815443786965,161.53815443786965,161.53815443786965,209.94233203719332,209.94233203719332,209.94233203719332,185.7402432375315,185.7402432375315,185.7402432375315,26.69078125,27.578589015151515,28.207180989583332,26.38451388888889,28.355763888888887,26.35765625,28.514899193548384,26.377569444444443,0.296875,0.14526515151515174,0.09986979166666722,0.4243055555555555,0.07609126984126889,0.3192708333333331,0.05154569892473261,0.31166666666666626,0.25972222222222185,10,29,3.1247537163393853,24.137931034482758,75.86206896551724,51.724137931034484,20.689655172413794,3.4482758620689653,0,3.4482758620689653,20.689655172413794,0,0,0,0
148-1066MOZ-CIMI-CR-23-JL,1066,MOZ,2023-04-04,11:44:00,JL,Mesas,M,12.8,M,NA,NA,NA,NA,NA,NA,NA,NA,NA,NA,NA,NA,NA,NA,29.4453125,29.166107954545453,29.278665364583333,29.215381944444445,28.787435515873014,28.99921875,28.61469422043011,28.8828125,0.0010416666666666673,1.893939393939423e-4,1.3020833333333358e-4,6.944444444444461e-4,0.06091269841269952,5.208333333333344e-4,0.05174731182795737,4.1666666666666664e-4,3.472222222222232e-4,5,14,0.060648077913302845,35.714285714285715,64.28571428571429,57.14285714285714,35.714285714285715,0,0,0,7.142857142857142,0,0,0,0
149-116MUL-CIMI-CR-23-JL,116,MUL,2022-09-14,13:17:00,JL,Mesas,F,11.2,Lactating,NA,NA,NA,NA,NA,NA,NA,NA,126.40567974510684,126.40567974510684,126.40567974510684,126.40567974510684,126.40567974510684,126.40567974510684,25.4409375,26.40477272727273,26.292044270833333,25.637430555555557,26.329270998415215,25.961223958333335,26.612419100236778,25.994618055555556,0.2052083333333334,0.16136363636363646,0.1579427083333331,0.1527777777777777,0.1418911780243,0.13072916666666665,0.1353591160220992,0.10916666666666654,0.16006944444444435,NA,NA,NA,NA,NA,NA,NA,NA,NA,NA,NA,NA,NA,NA,NA
150-513MUL-CIMI-CR-23-JL,513,MUL,2022-12-14,14:59:00,JL,Mesas,F,11.5,Lactating,NA,NA,NA,NA,NA,535.3255222316054,535.3255222316054,535.3255222316054,204.19856405220605,204.19856405220605,204.19856405220605,314.5742167786725,314.5742167786725,314.5742167786725,27.489010416666666,27.20808712121212,27.1467578125,27.360416666666666,26.939652777777777,27.433828125,26.994304435483873,27.315260416666668,0,0,9.114583333333387e-4,0,0.02529761904761833,0,0.019690860215053885,0,0,7,32,-0.26242515597539817,53.125,46.875,34.375,53.125,0,12.5,0,0,0,0,0,0
151-552MUL-CIMI-CR-23-JL,552,MUL,2022-12-20,07:49:00,EM,Mesas,F,11.5,Lactating,NA,NA,NA,NA,NA,NA,NA,NA,NA,535.3255222316054,367.6634672302023,NA,535.3255222316054,367.6634672302023,28.026666666666667,27.85592803030303,27.609661458333335,28.02263888888889,27.487862103174603,28.253307291666665,27.18287298387097,28.248055555555556,0,0,0,0,6.944444444444166e-4,0,0.01727150537634478,0,0,6,32,-1.262425155975398,65.625,34.375,25,65.625,0,9.375,0,0,0,0,0,0
152-1015MUL-CIMI-CR-23-JL,1015,MUL,2023-03-21,15:00:00,CB,Mesas,F,11.7,Lactating,NA,NA,NA,NA,NA,729.4070742932244,729.4070742932244,729.4070742932244,231.02250500268937,5187.238207365239,4346.278778909942,480.2147896479569,4295.671980750836,3743.4668281404893,29.70869791666667,27.613892045454545,28.016510416666666,29.673402777777778,28.408189484126986,29.085338541666665,28.574119623655914,28.287152777777777,0,0.14564393939393908,0.10013020833333368,0,0.07628968253968378,0.0010416666666666688,0.051680107526882915,0.11916666666666687,0.0996527777777782,11,49,1.5435612342408294,28.57142857142857,71.42857142857143,55.10204081632652,28.57142857142857,0,0,0,16.3265306122449,0,0,0,0
153-1067MUL-CIMI-CR-23-JL,1067,MUL,2023-04-04,15:11:00,JL,Mesas,F,11.8,Lactating,NA,NA,NA,NA,NA,265.03323905325414,265.03323905325414,265.03323905325414,NA,NA,NA,265.03323905325414,265.03323905325414,265.03323905325414,29.4453125,29.166107954545453,29.278665364583333,29.215381944444445,28.787435515873014,28.99921875,28.61469422043011,28.8828125,0.0010416666666666673,1.893939393939423e-4,1.3020833333333358e-4,6.944444444444461e-4,0.06091269841269952,5.208333333333344e-4,0.05174731182795737,4.1666666666666664e-4,3.472222222222232e-4,6,15,0.9315884538083751,14.285714285714285,85.71428571428571,71.42857142857143,14.285714285714285,0,0,0,14.285714285714285,0,0,0,0
154-1306MUL-CIMI-CR-23-JL,1306,MUL,2023-05-16,06:35:00,CB,Mesas,F,11.9,Lactating,NA,NA,NA,NA,NA,587.8836994082834,587.8836994082834,564.7731654356257,279.14877159763284,503.41635266272135,503.41635266272135,433.5162355029581,531.5721349112421,534.0947590491736,29.75859375,31.16528409090909,31.2184765625,30.436319444444443,30.64986111111111,30.669322916666665,30.32646505376344,30.924149305555556,0,0,7.812500000000217e-4,0,9.920634920634953e-4,0,0.004637096774193507,0,0,4,35,-3.649604028290182,25.71428571428571,74.28571428571429,74.28571428571429,25.71428571428571,0,0,0,0,0,0,0,0
155-1321MUL-CIMI-CR-23-JL,1321,MUL,2023-05-18,14:11:00,CB,Mesas,F,11.9,Lactating,NA,NA,NA,NA,NA,NA,541.6626314629682,466.5667003468758,433.5162355029581,433.5162355029581,531.5721349112421,433.5162355029581,469.5650341562948,505.56996108549555,30.894322916666667,31.111060606060605,31.275651041666666,30.09920138888889,30.84324404761905,30.32645833333333,30.372469758064515,30.74432291666667,0,0,0,0,9.920634920634953e-4,0,0.00463709677419354,0,0,5,49,-4.45643876575917,38.775510204081634,61.224489795918366,59.183673469387756,38.775510204081634,0,0,0,2.0408163265306123,0,0,0,0
156-477MUL-CIMI-CR-23-JL,477,MUL,2022-12-12,12:38:00,JL,Mesas,F,11.5,Lactating,NA,NA,NA,NA,NA,204.19856405220605,314.5742167786725,314.5742167786725,208.39571587561304,208.39571587561304,208.39571587561304,204.19856405220605,314.5742167786725,314.5742167786725,27.378645833333334,27.17502840909091,27.001529947916666,27.31628472222222,26.835982142857144,27.228385416666665,26.943450940860217,27.210555555555555,0,0,0.006380208333333111,0,0.02529761904761848,0,0.019758064516129208,0,0,6,20,0.28629033328373593,29.411764705882355,70.58823529411765,35.294117647058826,29.411764705882355,0,35.294117647058826,0,0,0,0,0,0
157-865MUL-CIMI-CR-23-JL,865,MUL,2023-02-27,11:04:00,AW,Mesas,F,11.7,Lactating,NA,NA,NA,NA,NA,414.14855667006776,409.8958346242262,409.8958346242262,362.8934030769227,362.8934030769227,362.8934030769227,414.14855667006776,409.8958346242262,409.8958346242262,28.61453125,28.86654356060606,28.839641927083335,28.74888888888889,28.933005952380952,28.7896875,28.769069220430108,28.8228125,0,0,0,0,0,0,0,0,0,6,10,1.5768865743330143,20,80,60,20,10,0,0,10,0,0,0,0
158-967MUL-CIMI-CR-23-JL,967,MUL,2023-03-15,10:27:00,AW,Mesas,F,11.7,Lactating,NA,NA,NA,NA,NA,5375.092847386755,4346.278778909942,3743.4668281404893,713.4554769230762,713.4554769230762,713.4554769230762,4388.968255660884,3695.977297217851,3272.1815510857614,26.02453125,28.026486742424243,28.49017578125,26.000243055555554,28.565367063492065,26.220963541666666,28.648125,27.15125,0.34166666666666673,0.09128787878787767,0.06276041666666579,0.32152777777777813,0.047817460317459905,0.2411458333333331,0.03239247311828036,0.20083333333333328,0.16736111111111002,12,40,3.7050978511851795,15,85,75,15,0,0,0,10,0,0,0,0
159-990MUS-CIMI-CR-23-JL,990,MUS,2023-03-17,14:09:00,JL,Mesas,F,5,juv,NA,NA,NA,NA,NA,NA,417.33263905325305,557.5771897435895,390.4425158031468,390.4425158031468,390.4425158031468,390.4425158031468,403.88757742819996,501.8656317634419,26.69078125,27.578589015151515,28.207180989583332,26.38451388888889,28.355763888888887,26.35765625,28.514899193548384,26.377569444444443,0.296875,0.14526515151515174,0.09986979166666722,0.4243055555555555,0.07609126984126889,0.3192708333333331,0.05154569892473261,0.31166666666666626,0.25972222222222185,9,21,3.157230709178808,42.857142857142854,57.14285714285714,52.38095238095239,42.857142857142854,0,0,0,4.761904761904762,0,0,0,0
160-1014MUS-CIMI-CR-23-JL,1014,MUS,2023-03-21,13:35:00,CB,Mesas,F,5,juv,NA,NA,NA,NA,NA,557.5771897435895,557.5771897435895,557.5771897435895,NA,390.4425158031468,390.4425158031468,557.5771897435895,501.8656317634419,501.8656317634419,29.70869791666667,27.613892045454545,28.016510416666666,29.673402777777778,28.408189484126986,29.085338541666665,28.574119623655914,28.287152777777777,0,0.14564393939393908,0.10013020833333368,0,0.07628968253968378,0.0010416666666666688,0.051680107526882915,0.11916666666666687,0.0996527777777782,10,32,2.7375748440246013,37.5,62.5,59.375,37.5,0,0,0,3.125,0,0,0,0
161-1068MUS-CIMI-CR-23-JL,1068,MUS,2023-04-04,12:26:00,JL,Mesas,F,5,juv,NA,NA,NA,NA,NA,NA,NA,NA,NA,NA,NA,NA,NA,NA,29.4453125,29.166107954545453,29.278665364583333,29.215381944444445,28.787435515873014,28.99921875,28.61469422043011,28.8828125,0.0010416666666666673,1.893939393939423e-4,1.3020833333333358e-4,6.944444444444461e-4,0.06091269841269952,5.208333333333344e-4,0.05174731182795737,4.1666666666666664e-4,3.472222222222232e-4,4,13,-0.8102922979817693,38.46153846153847,61.53846153846154,61.53846153846154,38.46153846153847,0,0,0,0,0,0,0,0
162-1077MUS-CIMI-CR-23-JL,1077,MUS,2023-04-05,06:43:00,AW,Mesas,F,5,juv,NA,NA,NA,NA,NA,NA,NA,NA,NA,NA,NA,NA,NA,NA,29.490677083333335,29.160113636363636,29.254016927083335,29.4959375,28.969588293650794,29.310833333333335,28.609761424731182,28.97126736111111,0,1.8939393939394164e-4,1.3020833333333314e-4,6.944444444444462e-4,0.028571428571427332,5.208333333333344e-4,0.051747311827957575,4.166666666666676e-4,3.4722222222222327e-4,4,12,-0.6812326738768416,41.66666666666667,58.333333333333336,58.333333333333336,41.66666666666667,0,0,0,0,0,0,0,0
163-1314MUS-CIMI-CR-23-JL,1314,MUS,2023-05-17,09:56:00,VM,Mesas,F,5.1,juv,NA,NA,NA,NA,NA,NA,NA,NA,NA,924.3979952662712,925.7912470026565,NA,924.3979952662712,925.7912470026565,29.394791666666666,31.082727272727272,31.229108072916667,29.932604166666668,30.705114087301588,30.397395833333334,30.321703629032257,30.772291666666668,0,0,0,0,9.920634920634953e-4,0,0.004637096774193515,0,0,5,38,-3.0367829006049654,42.10526315789473,57.89473684210527,57.89473684210527,42.10526315789473,0,0,0,0,0,0,0,0
164-1510MUS-CIMI-CR-23-JL,1510,MUS,2023-07-12,13:26:00,JCO,Mesas,F,5.3,juv,NA,NA,NA,NA,NA,NA,NA,NA,NA,NA,NA,NA,NA,NA,29.469635416666666,28.916955974842768,28.919030206677267,29.55537037037037,28.554390103567318,29.348839285714284,28.461704966641957,29.091744680851065,0.009374999999999998,0.050566037735848765,0.07058823529411785,0.007407407407407418,0.06375143843498259,0.03630952380952385,0.11171237954039838,0.03654320987654336,0.03574468085106387,6,8,1.8350058225428698,12.5,87.5,87.5,12.5,0,0,0,0,0,0,0,0
165-153MYK-CIMI-CR-23-JL,153,MYK,2022-09-28,13:11:00,JL,Mesas,M,1.7,M,NA,NA,NA,NA,NA,240.5656315868739,240.5656315868739,240.5656315868739,NA,NA,NA,240.5656315868739,240.5656315868739,240.5656315868739,25.73796875,25.922045454545454,25.892936197916665,25.595555555555556,25.98998015873016,25.699661458333335,26.120020161290324,26.100885416666667,0.3250000000000001,0.16742424242424334,0.15846354166666568,0.37291666666666645,0.1541666666666664,0.28906250000000006,0.15087365591397825,0.2891666666666668,0.24097222222222206,NA,NA,NA,NA,NA,NA,NA,NA,NA,NA,NA,NA,NA,NA,NA
166-408MYK-CIMI-CR-23-JL,408,MYK,2022-11-23,09:34:00,VM,Mesas,M,1.8,M,NA,NA,NA,NA,NA,NA,NA,NA,561.549761893503,561.549761893503,561.549761893503,561.549761893503,561.549761893503,561.549761893503,26.40046875,27.08311553030303,26.68033203125,26.72479166666667,26.236512896825396,26.862005208333333,26.56228494623656,27.030208333333334,0,0.007196969696969781,0.05963541666666733,0.0013888888888888926,0.14732142857143155,0.0010416666666666688,0.12163978494623465,8.333333333333352e-4,6.944444444444465e-4,6,26,-0.488067411345831,53.84615384615385,46.15384615384615,3.8461538461538463,53.84615384615385,11.538461538461538,30.76923076923077,0,0,0,0,0,0
167-510MYK-CIMI-CR-23-JL,510,MYK,2022-12-14,12:32:00,JL,Mesas,M,1.9,M,NA,NA,NA,NA,NA,NA,NA,NA,486.8971774807946,486.8971774807946,486.8971774807946,486.8971774807946,486.8971774807946,486.8971774807946,27.489010416666666,27.20808712121212,27.1467578125,27.360416666666666,26.939652777777777,27.433828125,26.994304435483873,27.315260416666668,0,0,9.114583333333387e-4,0,0.02529761904761833,0,0.019690860215053885,0,0,6,35,-1.6496040282901814,57.14285714285714,42.857142857142854,22.857142857142858,57.14285714285714,0,20,0,0,0,0,0,0
169-797MYK-CIMI-CR-23-JL,797,MYK,2023-02-15,09:30:00,LS,Mesas,M,2.1,M,NA,NA,NA,NA,NA,NA,NA,NA,NA,NA,NA,NA,NA,NA,28.580572916666668,28.850861742424243,28.829049479166667,28.58215277777778,28.672415674603176,28.732916666666668,28.575157930107526,28.842256944444443,0,0,0,0,0,0,0,0,0,10,41,1.5760382270802515,39.02439024390244,60.97560975609756,48.78048780487805,39.02439024390244,2.4390243902439024,0,0,7.317073170731707,2.4390243902439024,0,0,0
170-1023MYK-CIMI-CR-23-JL,1023,MYK,2023-03-22,08:47:00,AW,Mesas,M,2.2,M,NA,NA,NA,NA,NA,NA,NA,NA,NA,744.9411742041993,744.9411742041993,NA,744.9411742041993,744.9411742041993,29.274375,27.611789772727274,28.051796875,29.5134375,28.418055555555558,29.53578125,28.59658938172043,28.66362847222222,0,0.14204545454545525,0.1001302083333337,0,0.0762896825396837,0,0.05168010752688283,8.333333333333312e-4,0.09930555555555624,9,62,-2.1342138791232323,32.25806451612903,67.74193548387096,53.2258064516129,30.64516129032258,0,0,1.6129032258064515,14.516129032258066,0,0,0,0
171-1315MYK-CIMI-CR-23-JL,1315,MYK,2023-05-17,10:20:00,MC,Mesas,M,2.3,M,NA,NA,NA,NA,NA,NA,NA,382.1356970414282,195.37402698224832,358.406545798822,358.406545798822,195.37402698224832,358.406545798822,366.3162628796907,29.394791666666666,31.082727272727272,31.229108072916667,29.932604166666668,30.705114087301588,30.397395833333334,30.321703629032257,30.772291666666668,0,0,0,0,9.920634920634953e-4,0,0.004637096774193515,0,0,7,52,-2.8436176380739546,30.76923076923077,69.23076923076923,67.3076923076923,28.846153846153843,0,0,1.9230769230769231,1.9230769230769231,0,0,0,0
174-1319MYK-CIMI-CR-23-JL,1319,MYK,2023-05-17,15:29:00,CB,Mesas,M,2.3,M,NA,NA,NA,NA,NA,NA,NA,382.1356970414282,195.37402698224832,358.406545798822,358.406545798822,195.37402698224832,358.406545798822,366.3162628796907,29.394791666666666,31.082727272727272,31.229108072916667,29.932604166666668,30.705114087301588,30.397395833333334,30.321703629032257,30.772291666666668,0,0,0,0,9.920634920634953e-4,0,0.004637096774193515,0,0,7,54,-3.1017368862838106,31.48148148148148,68.51851851851852,66.66666666666666,29.629629629629626,0,0,1.8518518518518516,1.8518518518518516,0,0,0,0
175-334PAP-CIMI-CR-23-JL,334,PAP,2022-11-10,09:33:00,JL,Palmas,M,12.4,M,NA,NA,NA,NA,NA,NA,NA,NA,NA,NA,NA,NA,NA,NA,25.64546875,25.580549242424244,26.213854166666668,25.566388888888888,26.389112103174604,25.123776041666666,26.554354838709678,24.90798611111111,0.10729166666666658,0.2903409090909088,0.19973958333333072,0.23958333333333326,0.18273809523809417,0.3208333333333337,0.17190860215053982,0.45708333333333273,0.4152777777777773,3,11,-1.5521730497719137,81.81818181818183,18.181818181818183,18.181818181818183,81.81818181818183,0,0,0,0,0,0,0,0
176-131PED-CIMI-CR-23-JL,131,PED,2022-09-22,07:45:00,JL,Tenori,M,12.2,M,NA,NA,NA,NA,NA,782.6245580815952,782.6245580815952,782.6245580815952,NA,NA,NA,782.6245580815952,782.6245580815952,782.6245580815952,25.838854166666668,25.792007575757577,26.000266927083334,25.82579861111111,26.157261904761906,25.775520833333335,26.13378198387662,25.773802083333333,0.040625000000000036,0.10340909090909085,0.1402343750000007,0.07847222222222217,0.13224206349206283,0.09739583333333326,0.13438485804416367,0.07916666666666668,0.09409722222222217,NA,NA,NA,NA,NA,NA,NA,NA,NA,NA,NA,NA,NA,NA,NA
177-166PED-CIMI-CR-23-JL,166,PED,2022-10-03,16:18:00,JL,Tenori,M,12.3,M,NA,NA,NA,NA,NA,NA,693.0839403550318,693.0839403550318,NA,NA,NA,NA,693.0839403550318,693.0839403550318,26.5471875,26.164507575757575,26.021673177083333,26.166145833333335,25.975773809523808,26.210859375,26.15779569892473,26.19184027777778,0,0.14734848484848442,0.12604166666666727,0.013888888888888914,0.1290674603174603,0.04010416666666656,0.14133064516129043,0.03499999999999991,0.09999999999999933,NA,NA,NA,NA,NA,NA,NA,NA,NA,NA,NA,NA,NA,NA,NA
178-248PED-CIMI-CR-23-JL,248,PED,2022-10-19,14:23:00,AW,Tenori,M,12.3,M,NA,NA,NA,NA,NA,NA,NA,629.966807100591,562.8145136094669,562.8145136094669,562.8145136094669,562.8145136094669,562.8145136094669,596.390660355029,27.341927083333335,26.597367424242425,26.747610677083333,26.98888888888889,26.626954365079364,26.736119791666667,26.415272177419354,26.66699652777778,0.015625,0.16401515151515145,0.11940104166666532,0.01388888888888891,0.09930555555555598,0.08385416666666713,0.12647849462365643,0.14791666666666636,0.18888888888888822,NA,NA,NA,NA,NA,NA,NA,NA,NA,NA,NA,NA,NA,NA,NA
179-254PED-CIMI-CR-23-JL,254,PED,2022-10-20,05:34:00,AW,Tenori,M,12.3,M,NA,NA,NA,NA,NA,NA,629.966807100591,629.966807100591,562.8145136094669,562.8145136094669,562.8145136094669,562.8145136094669,596.390660355029,596.390660355029,27.564739583333335,26.862765151515152,26.693678385416668,27.327638888888888,26.671631944444446,27.06643229166667,26.469284274193548,26.84684027777778,0.036458333333333315,0.14337121212121234,0.12395833333333277,0.03472222222222217,0.10208333333333373,0.028645833333333304,0.12385752688171982,0.08166666666666646,0.13541666666666696,NA,NA,NA,NA,NA,NA,NA,NA,NA,NA,NA,NA,NA,NA,NA
180-263PED-CIMI-CR-23-JL,263,PED,2022-10-21,08:29:00,AW,Tenori,M,12.3,M,NA,NA,NA,NA,NA,NA,629.966807100591,629.966807100591,562.8145136094669,562.8145136094669,562.8145136094669,562.8145136094669,596.390660355029,596.390660355029,26.88453125,26.862149621212122,26.641061197916667,27.199826388888887,26.677584325396825,27.113229166666667,26.490907258064517,26.78559027777778,0.1510416666666667,0.15643939393939404,0.13828125000000072,0.10069444444444428,0.10734126984126921,0.0833333333333331,0.12627688172043042,0.06875000000000017,0.10625000000000025,NA,NA,NA,NA,NA,NA,NA,NA,NA,NA,NA,NA,NA,NA,NA
181-322PED-CIMI-CR-23-JL,322,PED,2022-11-08,09:19:00,UN,Tenori,M,12.4,M,NA,NA,NA,NA,NA,652.6764135925666,652.6764135925666,587.0567980684724,NA,NA,NA,652.6764135925666,652.6764135925666,587.0567980684724,24.602083333333333,25.86595643939394,26.372109375,24.454618055555557,26.571899801587303,24.53924479166667,26.54033938172043,24.914947916666666,0.5343749999999997,0.27083333333333504,0.20755208333333292,0.6902777777777778,0.17599206349206545,0.5692708333333332,0.17741935483870847,0.4741666666666666,0.44062500000000054,3,11,-1.5521730497719137,54.54545454545454,45.45454545454545,18.181818181818183,54.54545454545454,0,27.27272727272727,0,0,0,0,0,0
182-465PED-CIMI-CR-23-JL,465,PED,2022-12-09,08:17:00,AW,Tenori,M,12.4,M,NA,NA,NA,NA,NA,456.73134006979683,456.73134006979683,456.73134006979683,371.1444023668772,371.1444023668772,371.1444023668772,428.2023608354903,428.2023608354903,428.2023608354903,26.977760416666666,27.038295454545455,26.800364583333334,27.10482638888889,26.801671626984128,27.194479166666667,26.783319892473116,27.060347222222223,0,0.0013257575757575845,0.03320312500000002,0,0.02549603174603226,0,0.03165322580645192,0,0,5,36,-2.7786636523951094,51.42857142857142,48.57142857142857,14.285714285714285,51.42857142857142,5.714285714285714,28.57142857142857,0,0,0,0,0,0
183-714PED-CIMI-CR-23-JL,714,PED,2023-01-30,13:20:00,AW,Tenori,M,12.6,M,NA,NA,NA,NA,NA,721.1210414201222,721.1210414201222,721.1210414201222,NA,NA,NA,721.1210414201222,721.1210414201222,721.1210414201222,28.09015625,28.451666666666668,28.164231770833332,28.024583333333332,28.152669975186104,28.1053125,28.03138487394958,28.33453125,0,0,0,0,0,0,0,0,0,7,22,1.0281710850738803,40.909090909090914,59.09090909090909,31.818181818181817,40.909090909090914,0,27.27272727272727,0,0,0,0,0,0
184-825PED-CIMI-CR-23-JL,825,PED,2023-02-21,15:45:00,AW,Tenori,M,12.7,M,NA,NA,NA,NA,NA,NA,NA,NA,NA,NA,NA,NA,NA,NA,29.434375,28.885416666666668,28.94143229166667,29.098368055555557,28.839280753968254,28.948229166666668,28.73865255376344,28.927621527777777,0,0,0,0,0,0,0,0,0,7,23,0.8991114609689526,27.27272727272727,72.72727272727273,45.45454545454545,27.27272727272727,27.27272727272727,0,0,0,0,0,0,0
185-873PED-CIMI-CR-23-JL,873,PED,2023-02-28,08:47:00,EM,Tenori,M,12.7,M,NA,NA,NA,NA,NA,NA,NA,NA,NA,NA,NA,NA,NA,NA,28.942239583333333,28.883958333333332,28.82767578125,28.7409375,28.915520833333332,28.810104166666665,28.80456317204301,28.837274305555557,0,0,0,0,0,0,0,0,0,9,30,1.995694092234458,39.285714285714285,60.71428571428571,57.14285714285714,35.714285714285715,3.571428571428571,0,3.571428571428571,0,0,0,0,0
186-1082PED-CIMI-CR-23-JL,1082,PED,2023-04-05,09:39:00,JL,Tenori,M,12.8,M,NA,NA,NA,NA,NA,NA,NA,1305.0569904415208,NA,NA,NA,NA,NA,1305.0569904415208,29.490677083333335,29.160113636363636,29.254016927083335,29.4959375,28.969588293650794,29.310833333333335,28.609761424731182,28.97126736111111,0,1.8939393939394164e-4,1.3020833333333314e-4,6.944444444444462e-4,0.028571428571427332,5.208333333333344e-4,0.051747311827957575,4.166666666666676e-4,3.4722222222222327e-4,5,15,-0.06841154619162494,40,60,60,26.666666666666668,0,0,13.333333333333334,0,0,0,0,0
187-1149PED-CIMI-CR-23-JL,1149,PED,2023-04-13,13:30:00,VM,Tenori,M,12.8,M,NA,NA,NA,NA,NA,NA,NA,NA,1305.0569904415208,1305.0569904415208,1305.0569904415208,1305.0569904415208,1305.0569904415208,1305.0569904415208,30.499427083333334,29.753835227272727,29.4324609375,30.394548611111112,29.483551587301587,30.2753125,29.00692876344086,30.127743055555555,0,1.8939393939394278e-4,1.3020833333333154e-4,0,9.920634920634955e-5,0,0.041397849462364265,0,0,7,26,0.511932588654169,42.30769230769231,57.692307692307686,53.84615384615385,34.61538461538461,0,0,7.6923076923076925,0,3.8461538461538463,0,0,0
188-1182PED-CIMI-CR-23-JL,1182,PED,2023-04-20,07:32:00,EM,Tenori,M,12.8,M,NA,NA,NA,NA,NA,NA,NA,NA,NA,NA,NA,NA,NA,NA,30.735052083333333,30.280265151515152,30.023951822916665,30.436458333333334,29.743506944444444,30.310911458333333,29.640332661290323,30.35767361111111,0,0,0,0,9.920634920634955e-5,0,6.720430107527035e-5,0,0,6,17,0.6734692055985194,41.17647058823529,58.82352941176471,58.82352941176471,29.411764705882355,0,0,11.76470588235294,0,0,0,0,0
189-1369PED-CIMI-CR-23-JL,1369,PED,2023-06-05,13:16:00,JL,Tenori,M,12.9,M,NA,NA,NA,NA,NA,1378.8052189349098,1378.8052189349098,1378.8052189349098,NA,NA,NA,1378.8052189349098,1378.8052189349098,1378.8052189349098,27.431354166666665,27.928446969696967,28.504973958333334,27.572743055555556,29.064915674603174,27.58859375,29.82814180107527,27.355381944444446,0.11874999999999998,0.1937500000000001,0.17187499999999994,0.07916666666666655,0.13095238095238193,0.06927083333333343,0.08870967741935268,0.0587500000000001,0.062499999999999986,5,17,-0.32653079440148053,70.58823529411765,29.411764705882355,29.411764705882355,70.58823529411765,0,0,0,0,0,0,0,0
190-1416PED-CIMI-CR-23-JL,1416,PED,2023-06-15,13:30:00,MP,Tenori,M,13,M,NA,NA,NA,NA,NA,NA,NA,NA,NA,NA,NA,NA,NA,NA,26.709895833333334,27.509403409090908,27.453177083333333,27.303159722222222,27.730069444444446,28.027604166666666,28.56392809139785,27.821215277777778,0.6572916666666674,0.1490530303030289,0.1256510416666659,0.4506944444444447,0.17936507936507887,0.33802083333333355,0.14146505376344135,0.27083333333333337,0.22812499999999958,7,37,-0.907723276500037,58.333333333333336,41.66666666666667,41.66666666666667,58.333333333333336,0,0,0,0,0,0,0,0
193-1494PED-CIMI-CR-23-JL,1494,PED,2023-07-11,09:46:00,AW,Tenori,M,13,M,NA,NA,NA,NA,NA,NA,NA,NA,NA,NA,NA,NA,NA,NA,29.656781609195402,28.71028025477707,28.770739268680444,29.33975,28.46036823935558,29.038349514563105,28.424696071163826,28.889076923076924,0.0011494252873563246,0.09910828025477708,0.07122416534181215,0.0433333333333335,0.09148446490218573,0.04207119741100331,0.11111934766493595,0.04010695187165775,0.036923076923076996,5,11,0.4478269502280863,63.63636363636363,36.36363636363637,36.36363636363637,63.63636363636363,0,0,0,0,0,0,0,0
194-1220PRU-CIMI-CR-23-JL,1220,PRU,2023-04-26,07:55:00,PRU,Palmas,F,10.8,Pregnant,NA,NA,NA,NA,NA,NA,NA,NA,NA,NA,NA,NA,NA,NA,29.2484375,29.599422348484847,29.817942708333334,28.763055555555557,29.747991071428572,28.661692708333334,29.546532258064516,28.986961805555556,0.001041666666666667,0.011174242424242479,0.007682291666666603,0.01944444444444443,0.005853174603174533,0.015104166666666646,0.004032258064516204,0.024583333333333426,0.020486111111111104,7,18,1.5444095814935916,44.44444444444444,55.55555555555556,55.55555555555556,44.44444444444444,0,0,0,0,0,0,0,0
195-610TAB-CIMI-CR-23-JL,610,TAB,2023-01-06,09:01:00,JL,Tenori,F,6,Pregnant,NA,NA,NA,NA,NA,NA,NA,NA,NA,NA,NA,NA,NA,NA,27.723489583333333,27.913977272727273,27.981536458333334,27.921145833333334,28.023799603174602,27.943802083333335,27.845685483870966,27.74237847222222,0,0,0,0,0,0,0,0,0,6,13,1.1897077020182307,46.15384615384615,53.84615384615385,38.46153846153847,46.15384615384615,0,15.384615384615385,0,0,0,0,0,0
196-827TAB-CIMI-CR-23-JL,827,TAB,2023-02-21,15:34:00,AW,Tenori,F,6.1,Pregnant,NA,NA,NA,NA,NA,1140.402177514799,1140.402177514799,1140.402177514799,NA,NA,NA,1140.402177514799,1140.402177514799,1140.402177514799,29.434375,28.885416666666668,28.94143229166667,29.098368055555557,28.839280753968254,28.948229166666668,28.73865255376344,28.927621527777777,0,0,0,0,0,0,0,0,0,6,19,0.41534995738866376,29.411764705882355,70.58823529411765,41.17647058823529,29.411764705882355,29.411764705882355,0,0,0,0,0,0,0
197-986TAB-CIMI-CR-23-JL,986,TAB,2023-03-16,13:57:00,EM,Tenori,F,6.2,Pregnant,NA,NA,NA,NA,NA,NA,NA,NA,NA,NA,1017.2764884346444,NA,NA,1017.2764884346444,26.318020833333332,27.764119318181816,28.357070312500003,26.304375,28.469791666666666,26.216197916666665,28.592600806451614,26.81565972222222,0.3406249999999994,0.09147727272727192,0.06289062499999945,0.2284722222222218,0.047916666666667315,0.24166666666666634,0.032459677419355654,0.1933333333333327,0.16770833333333338,5,21,-0.8427692908211919,76.19047619047619,23.809523809523807,14.285714285714285,76.19047619047619,9.523809523809524,0,0,0,0,0,0,0
198-141TAC-CIMI-CR-23-JL,141,TAC,2022-09-23,09:20:00,AW,Tenori,M,6,M,NA,NA,NA,NA,NA,NA,NA,NA,NA,NA,NA,NA,NA,NA,26.14703125,25.865823863636365,26.001666666666665,26.173368055555557,26.18687996031746,26.079947916666665,26.180771118121275,25.896597222222223,0.03958333333333326,0.09905303030303064,0.11197916666666627,0.027083333333333407,0.13144841269841326,0.058854166666666735,0.1270241850683485,0.07791666666666652,0.06597222222222233,NA,NA,NA,NA,NA,NA,NA,NA,NA,NA,NA,NA,NA,NA,NA
199-171TAC-CIMI-CR-23-JL,171,TAC,2022-10-04,13:47:00,JCO,Tenori,M,6.1,M,NA,NA,NA,NA,NA,NA,NA,NA,NA,NA,NA,NA,NA,NA,27.780260416666668,26.284469696969698,26.192102864583333,27.085451388888888,26.110213293650794,26.665104166666666,26.233027553763442,26.561041666666668,0,0.14734848484848487,0.125651041666667,0,0.11706349206349208,0.010416666666666689,0.13145161290322496,0.03208333333333346,0.029166666666666584,NA,NA,NA,NA,NA,NA,NA,NA,NA,NA,NA,NA,NA,NA,NA
200-383TAC-CIMI-CR-23-JL,383,TAC,2022-11-18,12:23:00,LS,Tenori,M,6.2,M,NA,NA,NA,NA,NA,NA,NA,NA,NA,NA,NA,NA,NA,NA,28.009427083333332,26.623276515151517,26.05859375,27.952152777777776,26.284444444444443,27.745651041666665,26.62766801075269,27.314166666666665,0,0.08636363636363677,0.19309895833333174,6.944444444444462e-4,0.16309523809523815,5.208333333333344e-4,0.1336021505376321,0.015000000000000081,0.012499999999999933,4,25,-2.359007787240903,16,84,24,16,0,60,0,0,0,0,0,0
201-538TAC-CIMI-CR-23-JL,538,TAC,2022-12-16,10:38:00,AW,Tenori,M,6.3,M,NA,NA,NA,NA,NA,NA,NA,NA,NA,NA,NA,NA,NA,NA,28.237552083333334,27.470899621212123,27.384322916666665,27.87982638888889,27.104087301587303,27.86328125,27.09979166666667,27.70173611111111,0,0,0,0,0.005059523809523744,0,0.017338709677419854,0,0,9,35,1.3503959717098186,39.39393939393939,60.60606060606061,39.39393939393939,39.39393939393939,9.090909090909092,12.121212121212121,0,0,0,0,0,0
202-584TAC-CIMI-CR-23-JL,584,TAC,2023-01-02,11:47:00,JL,Tenori,M,6.3,M,NA,NA,NA,NA,NA,NA,NA,NA,NA,NA,NA,NA,NA,NA,27.33953125,27.99746212121212,27.986204427083333,27.598993055555557,28.0084623015873,27.826510416666665,27.72631384408602,27.91251736111111,0,0,0,0,0,0,0,0,0,4,7,-0.035934553352202456,42.857142857142854,57.14285714285714,57.14285714285714,42.857142857142854,0,0,0,0,0,0,0,0
203-735TAC-CIMI-CR-23-JL,735,TAC,2023-02-01,17:23:00,JL,Tenori,M,6.4,M,NA,NA,NA,NA,NA,NA,NA,NA,NA,NA,NA,NA,NA,NA,29.12390625,28.574138257575758,28.50478515625,28.8759375,28.245811414392058,28.60703125,28.106642016806724,28.44484375,0,0,0,0,0,0,0,0,0,5,8,0.8350058225428698,25,75,25,25,0,37.5,0,0,12.5,0,0,0
204-877TAC-CIMI-CR-23-JL,877,TAC,2023-03-01,10:37:00,JCO,Tenori,M,6.5,M,NA,NA,NA,NA,NA,NA,NA,NA,NA,NA,NA,NA,NA,NA,28.954739583333332,28.921950757575758,28.84832682291667,28.93340277777778,28.894146825396824,28.784635416666667,28.84054435483871,28.84470486111111,0,0,0,0,0,0,0,0,0,6,13,1.1897077020182307,25,75,75,25,0,0,0,0,0,0,0,0
206-984TAC-CIMI-CR-23-JL,984,TAC,2023-03-16,09:37:00,AW,Tenori,M,6.5,M,NA,NA,NA,NA,NA,NA,NA,NA,NA,NA,NA,NA,NA,NA,26.318020833333332,27.764119318181816,28.357070312500003,26.304375,28.469791666666666,26.216197916666665,28.592600806451614,26.81565972222222,0.3406249999999994,0.09147727272727192,0.06289062499999945,0.2284722222222218,0.047916666666667315,0.24166666666666634,0.032459677419355654,0.1933333333333327,0.16770833333333338,9,17,3.673469205598519,29.411764705882355,70.58823529411765,58.82352941176471,29.411764705882355,11.76470588235294,0,0,0,0,0,0,0
207-1139TAC-CIMI-CR-23-JL,1139,TAC,2023-04-12,07:28:00,AW,Tenori,M,6.6,M,NA,NA,NA,NA,NA,NA,NA,NA,NA,NA,NA,NA,NA,NA,30.354114583333335,29.59748106060606,29.3672265625,30.20861111111111,29.421165674603174,30.12734375,28.861001344086024,29.81427083333333,0,1.8939393939394219e-4,1.3020833333333116e-4,0,9.920634920634955e-5,0,0.05047043010752906,0,0,3,11,-1.5521730497719137,54.54545454545454,45.45454545454545,45.45454545454545,54.54545454545454,0,0,0,0,0,0,0,0
208-1385TAC-CIMI-CR-23-JL,1385,TAC,2023-06-08,15:27:00,JL,Tenori,M,6.7,M,NA,NA,NA,NA,NA,NA,NA,NA,NA,NA,NA,NA,NA,NA,26.57421875,27.45342803030303,27.865579427083333,26.993680555555557,28.621269841269843,27.116484375,29.421975806451613,27.283211805555556,0.01979166666666664,0.2172348484848474,0.1881510416666661,0.08680555555555548,0.14335317460317293,0.06614583333333321,0.09711021505376492,0.09958333333333301,0.08298611111111098,8,20,2.286290333283736,50,50,45,50,0,5,0,0,0,0,0,0
209-1465TAC-CIMI-CR-23-JL,1465,TAC,2023-06-28,14:29:00,AW,Tenori,M,6.8,M,NA,NA,NA,NA,NA,NA,NA,NA,NA,NA,NA,NA,NA,NA,28.404,28.26459485224023,27.9692544146501,28.07067615658363,27.9266650074664,28.17607427055703,27.797137083192993,28.01151142355009,0.04756756756756744,0.07759771210676815,0.1448005232177869,0.04056939501779365,0.11149825783972192,0.03129973474801061,0.1525766251263068,0.02748414376321349,0.022847100175746864,5,7,0.9640654466477976,14.285714285714285,85.71428571428571,71.42857142857143,14.285714285714285,14.285714285714285,0,0,0,0,0,0,0
210-1541TAC-CIMI-CR-23-JL,1541,TAC,2023-07-21,07:00:00,AW,Tenori,M,6.9,M,NA,NA,NA,NA,NA,NA,NA,NA,NA,NA,NA,NA,NA,NA,30.461927083333332,29.140929118773947,29.030049893086243,30.351701388888888,28.922215810732833,29.973958333333332,28.68531273268801,29.398657243816256,0,0.00670498084291191,0.016963649322879314,0,0.0489324870167332,0,0.061801935964258106,0.007112970711297123,0.00600706713780914,7,17,1.6734692055985196,41.17647058823529,58.82352941176471,58.82352941176471,41.17647058823529,0,0,0,0,0,0,0,0
211-132TAM-CIMI-CR-23-JL,132,TAM,2022-09-22,11:17:00,AW,Tenori,F,8.2,Lactating,NA,NA,NA,NA,NA,NA,NA,NA,NA,NA,NA,NA,NA,NA,25.838854166666668,25.792007575757577,26.000266927083334,25.82579861111111,26.157261904761906,25.775520833333335,26.13378198387662,25.773802083333333,0.040625000000000036,0.10340909090909085,0.1402343750000007,0.07847222222222217,0.13224206349206283,0.09739583333333326,0.13438485804416367,0.07916666666666668,0.09409722222222217,NA,NA,NA,NA,NA,NA,NA,NA,NA,NA,NA,NA,NA,NA,NA
212-1360TAM-CIMI-CR-23-JL,1360,TAM,2023-05-30,13:59:00,JL,Tenori,F,8.9,Lactating,NA,NA,NA,NA,NA,NA,NA,487.8328047337294,NA,NA,NA,NA,NA,487.8328047337294,28.4371875,29.434441287878787,29.827447916666667,28.486527777777777,30.260406746031745,28.469505208333334,30.559583333333332,28.546180555555555,0.8770833333333337,0.2159090909090889,0.14843749999999994,0.5847222222222206,0.11309523809523593,0.4385416666666673,0.07708333333333817,0.35125000000000295,0.3934027777777771,3,12,-1.6812326738768417,83.33333333333334,16.666666666666664,16.666666666666664,83.33333333333334,0,0,0,0,0,0,0,0
213-273TAM-CIMI-CR-23-JL,273,TAM,2022-10-26,11:27:00,AW,Tenori,F,8.3,Lactating,NA,NA,NA,NA,NA,NA,NA,NA,NA,NA,NA,NA,NA,NA,27.675625,27.01155303030303,26.993574218750002,27.318958333333335,26.793834325396826,27.319322916666668,26.64952620967742,27.147256944444443,0.09270833333333371,0.09564393939393952,0.1334635416666669,0.11388888888888904,0.12509920634920693,0.1031249999999999,0.1264784946236565,0.08291666666666683,0.10729166666666672,NA,NA,NA,NA,NA,NA,NA,NA,NA,NA,NA,NA,NA,NA,NA
214-381TAN-CIMI-CR-23-JL,381,TAN,2022-11-17,13:08:00,VM,Tenori,F,5.7,juv,NA,NA,NA,NA,NA,NA,565.5246958579876,565.5246958579876,NA,NA,1260.2347455621289,NA,565.5246958579876,912.8797207100582,27.852239583333333,26.227272727272727,25.979915364583334,27.610208333333333,26.2531001984127,27.227369791666668,26.585779569892473,27.051840277777778,0.001041666666666667,0.13768939393939233,0.2119791666666659,6.944444444444461e-4,0.16309523809523815,0.018750000000000103,0.13461021505376197,0.015000000000000032,0.012847222222222216,7,33,-0.39148478008032594,21.21212121212121,78.78787878787878,6.0606060606060606,21.21212121212121,0,60.60606060606061,0,3.0303030303030303,9.090909090909092,0,0,0
215-572TAM-CIMI-CR-23-JL,572,TAM,2022-12-27,09:18:00,JL,Tenori,F,8.5,Lactating,NA,NA,NA,NA,NA,NA,NA,NA,NA,NA,NA,NA,NA,NA,27.89270833333333,28.113589015151515,27.987864583333334,27.996076388888888,27.807901785714286,28.12734375,27.507325268817205,28.075711805555557,0,0,0,0,0,0,0.0032930107526882775,0,0,6,31,-1.1333655318704703,29.03225806451613,70.96774193548387,54.83870967741935,29.03225806451613,0,16.129032258064516,0,0,0,0,0,0
216-705TAM-CIMI-CR-23-JL,705,TAM,2023-01-27,10:03:00,JL,Tenori,F,8.6,Lactating,NA,NA,NA,NA,NA,NA,NA,NA,NA,NA,NA,NA,NA,NA,28.39109375,28.52318181818182,28.177485342019544,28.644479166666667,28.110848635235733,28.796979166666667,28.050887394957982,28.665659722222223,0,0,0,0,0,0,0,0,0,5,28,-1.7461866595556867,42.857142857142854,57.14285714285714,39.285714285714285,42.857142857142854,0,17.857142857142858,0,0,0,0,0,0
217-752TAM-CIMI-CR-23-JL,752,TAM,2023-02-07,10:40:00,AW,Tenori,F,8.6,Lactating,NA,NA,NA,NA,NA,NA,NA,NA,NA,NA,NA,NA,NA,NA,28.883802083333332,28.509905303030305,28.5892578125,28.543298611111112,28.54933531746032,28.496822916666666,28.26048067226891,28.547899305555557,0,0,0,0,0,0,0,0,0,8,34,0.4794555958147463,29.411764705882355,70.58823529411765,32.35294117647059,29.411764705882355,8.823529411764707,26.47058823529412,0,0,2.941176470588235,0,0,0
218-936TAM-CIMI-CR-23-JL,936,TAM,2023-03-09,08:25:00,AW,Tenori,F,8.7,Lactating,NA,NA,NA,NA,NA,NA,NA,NA,NA,NA,NA,NA,NA,NA,28.963020833333335,29.25691287878788,29.11701171875,29.02513888888889,29.069871031746032,28.9084375,29.049304435483872,29.272934027777776,0,0,0,0,0,0,0,0,0,12,35,4.350395971709818,40,60,45.714285714285715,37.142857142857146,11.428571428571429,0,2.857142857142857,0,2.857142857142857,0,0,0
219-857TAN-CIMI-CR-23-JL,857,TAN,2023-02-27,10:50:00,MC,Tenori,F,6,Pregnant,NA,NA,NA,NA,NA,NA,2528.4996607495045,2528.4996607495045,NA,NA,NA,NA,2528.4996607495045,2528.4996607495045,28.61453125,28.86654356060606,28.839641927083335,28.74888888888889,28.933005952380952,28.7896875,28.769069220430108,28.8228125,0,0,0,0,0,0,0,0,0,12,30,4.995694092234457,50,50,38.46153846153847,50,11.538461538461538,0,0,0,0,0,0,0
220-874TAN-CIMI-CR-23-JL,874,TAN,2023-02-28,08:54:00,EM,Tenori,F,6,Pregnant,NA,NA,NA,NA,NA,2528.4996607495045,2528.4996607495045,2053.687202479557,NA,NA,NA,2528.4996607495045,2528.4996607495045,2053.687202479557,28.942239583333333,28.883958333333332,28.82767578125,28.7409375,28.915520833333332,28.810104166666665,28.80456317204301,28.837274305555557,0,0,0,0,0,0,0,0,0,12,35,4.350395971709818,51.61290322580645,48.38709677419355,38.70967741935484,51.61290322580645,9.67741935483871,0,0,0,0,0,0,0
221-1168TAN-CIMI-CR-23-JL,1168,TAN,2023-04-18,08:55:00,AW,Tenori,F,6.1,Pregnant,NA,NA,NA,NA,NA,NA,NA,1393.3525207100663,NA,1537.125031952661,1537.125031952661,NA,1537.125031952661,1465.2387763313636,29.886770833333333,30.116183712121213,29.862734375,30.067256944444445,29.591949404761905,30.168984375,29.579825268817206,30.16449652777778,0,0,1.3020833333333393e-4,0,9.920634920634955e-5,0,6.720430107527035e-5,0,0,4,14,-0.9393519220866972,42.857142857142854,57.14285714285714,50,42.857142857142854,7.142857142857142,0,0,0,0,0,0,0
222-1362TAN-CIMI-CR-23-JL,1362,TAN,2023-05-31,11:00:00,VM,Tenori,F,6.3,Lactating,NA,NA,NA,NA,NA,NA,NA,NA,NA,NA,NA,NA,NA,NA,26.97473958333333,28.96879734848485,29.55877604166667,27.861284722222223,29.998874007936507,28.042265625,30.449260752688172,28.298350694444444,0.9020833333333322,0.2232954545454554,0.15351562500000052,0.6118055555555562,0.1169642857142833,0.458854166666666,0.07963709677418936,0.36708333333333487,0.30624999999999863,5,17,-0.32653079440148053,47.05882352941176,52.94117647058824,52.94117647058824,47.05882352941176,0,0,0,0,0,0,0,0
223-1074TEM-CIMI-CR-23-JL,1074,TEM,2023-04-04,17:00:00,VM,Tenori,M,6.6,M,NA,NA,NA,NA,NA,1370.2681448520757,1370.2681448520757,1370.2681448520757,NA,NA,NA,1370.2681448520757,1370.2681448520757,1370.2681448520757,29.4453125,29.166107954545453,29.278665364583333,29.215381944444445,28.787435515873014,28.99921875,28.61469422043011,28.8828125,0.0010416666666666673,1.893939393939423e-4,1.3020833333333358e-4,6.944444444444461e-4,0.06091269841269952,5.208333333333344e-4,0.05174731182795737,4.1666666666666664e-4,3.472222222222232e-4,5,9,0.7059461984379419,33.33333333333333,66.66666666666666,55.55555555555556,33.33333333333333,11.11111111111111,0,0,0,0,0,0,0
224-1364TEM-CIMI-CR-23-JL,1364,TEM,2023-06-01,09:00:00,AW,Tenori,M,6.7,M,NA,NA,NA,NA,NA,NA,NA,NA,NA,NA,NA,NA,NA,NA,26.888958333333335,28.610729166666665,29.468743489583332,27.005972222222223,29.802524801587303,27.663072916666668,30.35112903225806,27.942656250000002,0.04895833333333337,0.2248106060606063,0.1545572916666683,0.6069444444444462,0.11775793650793547,0.4630208333333346,0.07977150537634067,0.3704166666666669,0.30868055555555635,4,14,-0.9393519220866972,50,50,50,50,0,0,0,0,0,0,0,0
225-272TER-CIMI-CR-23-JL,272,TER,2022-10-26,16:34:00,JL,Tenori,F,6.3,Pregnant,NA,NA,NA,NA,NA,NA,544.3451234714065,544.3451234714065,NA,NA,NA,NA,544.3451234714065,544.3451234714065,27.675625,27.01155303030303,26.993574218750002,27.318958333333335,26.793834325396826,27.319322916666668,26.64952620967742,27.147256944444443,0.09270833333333371,0.09564393939393952,0.1334635416666669,0.11388888888888904,0.12509920634920693,0.1031249999999999,0.1264784946236565,0.08291666666666683,0.10729166666666672,NA,NA,NA,NA,NA,NA,NA,NA,NA,NA,NA,NA,NA,NA,NA
226-676TER-CIMI-CR-23-JL,676,TER,2023-01-18,09:00:00,AW,Tenori,F,6.6,Pregnant,NA,NA,NA,NA,NA,NA,NA,NA,NA,NA,NA,NA,NA,NA,28.091145833333332,27.717052132701422,27.782931596091206,27.63954861111111,27.810357320099257,27.2453125,27.880406722689074,27.467413194444443,0,0,0,0,0,0,0,0,0,5,20,-0.713709666716264,60,40,25,60,0,15,0,0,0,0,0,0
227-727TER-CIMI-CR-23-JL,727,TER,2023-02-01,12:42:00,JL,Tenori,F,6.6,Lactating,NA,NA,NA,NA,NA,NA,NA,NA,NA,NA,NA,NA,NA,NA,29.12390625,28.574138257575758,28.50478515625,28.8759375,28.245811414392058,28.60703125,28.106642016806724,28.44484375,0,0,0,0,0,0,0,0,0,7,26,0.511932588654169,46.15384615384615,53.84615384615385,19.230769230769234,46.15384615384615,0,23.076923076923077,0,0,11.538461538461538,0,0,0
228-764TER-CIMI-CR-23-JL,764,TER,2023-02-08,09:55:00,AW,Tenori,F,6.6,Lactating,NA,NA,NA,NA,NA,NA,NA,NA,NA,NA,NA,NA,NA,NA,29.362760416666667,28.643645833333334,28.635091145833332,29.0440625,28.597440476190478,28.748619791666666,28.31466218487395,28.666788194444443,0,0,0,0,0,0,0,0,0,9,36,1.2213363476048906,36.11111111111111,63.888888888888886,27.77777777777778,36.11111111111111,2.7777777777777777,25,0,0,8.333333333333332,0,0,0
229-876TER-CIMI-CR-23-JL,876,TER,2023-02-28,13:50:00,CB,Tenori,F,6.7,Lactating,NA,NA,NA,NA,NA,NA,NA,NA,NA,NA,NA,NA,NA,NA,28.942239583333333,28.883958333333332,28.82767578125,28.7409375,28.915520833333332,28.810104166666665,28.80456317204301,28.837274305555557,0,0,0,0,0,0,0,0,0,6,28,-0.7461866595556866,64.28571428571429,35.714285714285715,32.142857142857146,64.28571428571429,3.571428571428571,0,0,0,0,0,0,0
230-982TER-CIMI-CR-23-JL,982,TER,2023-03-16,08:59:00,AW,Tenori,F,6.7,Lactating,NA,NA,NA,NA,NA,NA,NA,NA,NA,NA,NA,NA,NA,NA,26.318020833333332,27.764119318181816,28.357070312500003,26.304375,28.469791666666666,26.216197916666665,28.592600806451614,26.81565972222222,0.3406249999999994,0.09147727272727192,0.06289062499999945,0.2284722222222218,0.047916666666667315,0.24166666666666634,0.032459677419355654,0.1933333333333327,0.16770833333333338,7,32,-0.26242515597539817,68.75,31.25,25,68.75,6.25,0,0,0,0,0,0,0
231-1062TER-CIMI-CR-23-JL,1062,TER,2023-04-03,16:06:00,CB,Tenori,F,6.8,Cycling,NA,NA,NA,NA,NA,472.4751053254538,472.4751053254538,472.4751053254538,2171.985223668637,2171.985223668637,1655.4019022485318,1322.2301644970453,1322.2301644970453,1261.092969940839,29.130989583333335,29.21535037878788,29.292330729166668,28.87090277777778,28.639479166666668,28.7115625,28.642745295698923,28.855607638888888,0.001041666666666668,1.8939393939394284e-4,1.30208333333334e-4,6.944444444444461e-4,0.06111111111110968,5.208333333333345e-4,0.051747311827957096,4.16666666666665e-4,3.4722222222222327e-4,2,8,-2.1649941774571304,50,50,50,50,0,0,0,0,0,0,0,0
232-1064TER-CIMI-CR-23-JL,1064,TER,2023-04-04,11:00:00,AW,Tenori,F,6.8,Cycling,NA,NA,NA,NA,NA,472.4751053254538,472.4751053254538,472.4751053254538,NA,2171.985223668637,1655.4019022485318,472.4751053254538,1322.2301644970453,1261.092969940839,29.4453125,29.166107954545453,29.278665364583333,29.215381944444445,28.787435515873014,28.99921875,28.61469422043011,28.8828125,0.0010416666666666673,1.893939393939423e-4,1.3020833333333358e-4,6.944444444444461e-4,0.06091269841269952,5.208333333333344e-4,0.05174731182795737,4.1666666666666664e-4,3.472222222222232e-4,2,8,-2.1649941774571304,50,50,50,50,0,0,0,0,0,0,0,0
233-1090TER-CIMI-CR-23-JL,1090,TER,2023-04-06,09:10:00,VM,Tenori,F,6.8,Cycling,NA,NA,NA,NA,NA,NA,NA,NA,472.4751053254538,472.4751053254538,1322.2301644970453,472.4751053254538,472.4751053254538,1322.2301644970453,29.520260416666666,29.15254734848485,29.255110677083334,29.474895833333335,29.092410714285716,29.482786458333333,28.638309811827956,29.172899305555557,0,1.8939393939394102e-4,1.302083333333327e-4,0,0.028472222222222877,5.208333333333344e-4,0.05174731182795766,4.166666666666668e-4,3.4722222222222327e-4,3,13,-1.8102922979817693,53.84615384615385,46.15384615384615,46.15384615384615,53.84615384615385,0,0,0,0,0,0,0,0
234-1256TER-CIMI-CR-23-JL,1256,TER,2023-05-08,12:31:00,JL,Tenori,F,6.9,Cycling,NA,NA,NA,NA,NA,NA,NA,NA,NA,NA,NA,NA,NA,NA,31.19171875,30.606685606060605,29.99547526041667,31.190729166666667,30.02437996031746,31.368619791666667,30.062926747311828,31.562638888888888,0,0.0018939393939393708,0.0050781250000001095,0,0.00684523809523818,0,0.004637096774193603,0,0,5,13,0.18970770201823076,53.84615384615385,46.15384615384615,38.46153846153847,53.84615384615385,7.6923076923076925,0,0,0,0,0,0,0
235-107TES-CIMI-CR-23-JL,107,TES,2022-09-12,11:09:00,JL,Tenori,F,18.2,Lactating,NA,NA,NA,NA,NA,NA,NA,NA,NA,NA,NA,NA,NA,NA,26.481510416666666,26.51098484848485,26.373912760416665,26.390451388888888,26.3191970417327,26.271458333333335,26.694199079882896,26.387100694444445,0.05625000000000003,0.15340909090909072,0.14908854166666655,0.045138888888888916,0.1472794506075013,0.1375000000000004,0.127227101631117,0.14041666666666655,0.19236111111111087,NA,NA,NA,NA,NA,NA,NA,NA,NA,NA,NA,NA,NA,NA,NA
238-352TES-CIMI-CR-23-JL,352,TES,2022-11-14,16:18:00,LS,Tenori,F,18.4,Lactating,NA,NA,NA,NA,NA,730.2435502958573,730.2435502958573,730.2435502958573,628.5041690616969,1303.121145978284,1303.121145978284,679.3738596787771,1112.1619474174752,1112.1619474174752,26.45119791666667,25.44994318181818,25.83423828125,26.493472222222223,26.276825396825398,26.293567708333335,26.46537634408602,26.07753472222222,0.03645833333333334,0.2558712121212134,0.21393229166666727,0.024999999999999967,0.17182539682539624,0.05729166666666676,0.15739247311828028,0.08791666666666628,0.07395833333333322,4,35,-3.649604028290182,20,80,11.428571428571429,20,2.857142857142857,65.71428571428571,0,0,0,0,0,0
239-490TES-CIMI-CR-23-JL,490,TES,2022-12-13,06:13:00,VM,Tenori,F,18.5,Lactating,NA,NA,NA,NA,NA,NA,NA,NA,NA,NA,966.0294059171946,NA,NA,966.0294059171946,27.4584375,27.19560606060606,27.113847656249998,27.523645833333333,26.911969246031745,27.440625,26.983309811827958,27.286336805555557,0,0,0.0013020833333333539,0,0.025297619047618392,0,0.019690860215053882,0,0,5,29,-1.8752462836606145,42.857142857142854,57.14285714285714,10.714285714285714,42.857142857142854,3.571428571428571,42.857142857142854,0,0,0,0,0,0
240-760TES-CIMI-CR-23-JL,760,TES,2023-02-07,16:35:00,MC,Tenori,F,18.6,Lactating,NA,NA,NA,NA,NA,NA,NA,NA,NA,NA,1001.0301356395072,NA,NA,1001.0301356395072,28.883802083333332,28.509905303030305,28.5892578125,28.543298611111112,28.54933531746032,28.496822916666666,28.26048067226891,28.547899305555557,0,0,0,0,0,0,0,0,0,5,33,-2.3914847800803263,36.36363636363637,63.63636363636363,12.121212121212121,36.36363636363637,3.0303030303030303,48.484848484848484,0,0,0,0,0,0
241-855TES-CIMI-CR-23-JL,855,TES,2023-02-24,08:00:00,CB,Tenori,F,18.7,Lactating,NA,NA,NA,NA,NA,NA,NA,NA,NA,NA,NA,NA,NA,NA,28.891614583333332,28.856098484848484,28.91380859375,28.89673611111111,28.855848214285714,29.057265625,28.75896505376344,28.997552083333332,0,0,0,0,0,0,0,0,0,4,12,-0.6812326738768416,50,50,50,50,0,0,0,0,0,0,0,0
242-1072TES-CIMI-CR-23-JL,1072,TES,2023-04-04,14:25:00,VM,Tenori,F,18.8,Lactating,NA,NA,NA,NA,NA,NA,NA,NA,NA,NA,534.4479394082954,NA,NA,534.4479394082954,29.4453125,29.166107954545453,29.278665364583333,29.215381944444445,28.787435515873014,28.99921875,28.61469422043011,28.8828125,0.0010416666666666673,1.893939393939423e-4,1.3020833333333358e-4,6.944444444444461e-4,0.06091269841269952,5.208333333333344e-4,0.05174731182795737,4.1666666666666664e-4,3.472222222222232e-4,4,16,-1.1974711702965528,56.25,43.75,31.25,56.25,12.5,0,0,0,0,0,0,0
243-1363TES-CIMI-CR-23-JL,1363,TES,2023-05-31,11:30:00,VM,Tenori,F,18.9,Lactating,NA,NA,NA,NA,NA,NA,NA,NA,NA,NA,NA,NA,NA,NA,26.97473958333333,28.96879734848485,29.55877604166667,27.861284722222223,29.998874007936507,28.042265625,30.449260752688172,28.298350694444444,0.9020833333333322,0.2232954545454554,0.15351562500000052,0.6118055555555562,0.1169642857142833,0.458854166666666,0.07963709677418936,0.36708333333333487,0.30624999999999863,4,13,-0.8102922979817693,53.84615384615385,46.15384615384615,46.15384615384615,53.84615384615385,0,0,0,0,0,0,0,0
244-351TET-CIMI-CR-23-JL,351,TET,2022-11-14,15:34:00,LS,Tenori,F,34.4,Cycling,NA,NA,NA,NA,NA,NA,NA,NA,NA,NA,5517.931057988282,NA,NA,5517.931057988282,26.45119791666667,25.44994318181818,25.83423828125,26.493472222222223,26.276825396825398,26.293567708333335,26.46537634408602,26.07753472222222,0.03645833333333334,0.2558712121212134,0.21393229166666727,0.024999999999999967,0.17182539682539624,0.05729166666666676,0.15739247311828028,0.08791666666666628,0.07395833333333322,3,24,-3.2299481631359757,41.66666666666667,58.333333333333336,4.166666666666666,41.66666666666667,0,54.166666666666664,0,0,0,0,0,0
245-354TET-CIMI-CR-23-JL,354,TET,2022-11-15,09:50:00,AW,Tenori,F,34.4,Cycling,NA,NA,NA,NA,NA,NA,NA,NA,NA,NA,5517.931057988282,NA,NA,5517.931057988282,26.6025,25.61348484848485,25.855403645833334,26.676180555555554,26.272480158730158,26.651640625,26.474687499999998,26.359861111111112,0.036458333333333356,0.2473484848484835,0.2139322916666673,0.02430555555555563,0.16309523809523813,0.018750000000000055,0.144354838709679,0.04583333333333351,0.07326388888888914,3,25,-3.359007787240903,44,56.00000000000001,4,44,0,52,0,0,0,0,0,0
246-461TET-CIMI-CR-23-JL,461,TET,2022-12-08,14:35:00,AW,Tenori,F,34.5,Cycling,NA,NA,NA,NA,NA,NA,NA,NA,NA,NA,NA,NA,NA,NA,27.174895833333334,27.008579545454545,26.776510416666667,27.27107638888889,26.858209325396825,27.093671875,26.733111559139786,27.07074652777778,0,0.0018939393939393656,0.033203125000000014,0,0.025496031746032176,0,0.04791666666666738,0,0,4,19,-1.5846500426113361,63.1578947368421,36.84210526315789,10.526315789473683,63.1578947368421,5.263157894736842,21.052631578947366,0,0,0,0,0,0
247-500TET-CIMI-CR-23-JL,500,TET,2022-12-13,12:57:00,MC,Tenori,F,34.5,Cycling,NA,NA,NA,NA,NA,NA,NA,NA,NA,NA,NA,NA,NA,NA,27.4584375,27.19560606060606,27.113847656249998,27.523645833333333,26.911969246031745,27.440625,26.983309811827958,27.286336805555557,0,0,0.0013020833333333539,0,0.025297619047618392,0,0.019690860215053882,0,0,4,26,-2.488067411345831,57.692307692307686,42.30769230769231,7.6923076923076925,57.692307692307686,3.8461538461538463,30.76923076923077,0,0,0,0,0,0
248-789TET-CIMI-CR-23-JL,789,TET,2023-02-10,11:22:00,AW,Tenori,F,34.6,Cycling,NA,NA,NA,NA,NA,NA,NA,NA,NA,NA,NA,NA,NA,NA,29.095572916666665,28.826448863636365,28.6216796875,29.185243055555556,28.63043650793651,29.229166666666668,28.393055462184876,28.864270833333332,0,0,0,0,0,0,0,0,0,4,27,-2.617127035450759,70.37037037037037,29.629629629629626,3.7037037037037033,70.37037037037037,7.4074074074074066,18.51851851851852,0,0,0,0,0,0
249-869TET-CIMI-CR-23-JL,869,TET,2023-02-27,14:47:00,JL,Tenori,F,34.7,Cycling,NA,NA,NA,NA,NA,NA,NA,NA,NA,NA,NA,NA,NA,NA,28.61453125,28.86654356060606,28.839641927083335,28.74888888888889,28.933005952380952,28.7896875,28.769069220430108,28.8228125,0,0,0,0,0,0,0,0,0,5,14,0.060648077913302845,71.42857142857143,28.57142857142857,28.57142857142857,71.42857142857143,0,0,0,0,0,0,0,0
250-920TET-CIMI-CR-23-JL,920,TET,2023-03-07,15:39:00,AW,Tenori,F,34.7,Cycling,NA,NA,NA,NA,NA,NA,NA,NA,NA,NA,NA,NA,NA,NA,28.853854166666668,29.205085227272725,29.175930989583332,29.152604166666666,29.035560515873016,29.427890625,28.995850134408602,29.516631944444445,0,0,0,0,0,0,0,0,0,8,27,1.3828729645492412,70.37037037037037,29.629629629629626,29.629629629629626,70.37037037037037,0,0,0,0,0,0,0,0
251-162THO-CIMI-CR-23-JL,162,THO,2022-10-03,11:34:00,WEA,Tenori,M,3.3,M,NA,NA,NA,NA,NA,793.1800047337563,936.7322386715177,936.7322386715177,NA,NA,NA,793.1800047337563,936.7322386715177,936.7322386715177,26.5471875,26.164507575757575,26.021673177083333,26.166145833333335,25.975773809523808,26.210859375,26.15779569892473,26.19184027777778,0,0.14734848484848442,0.12604166666666727,0.013888888888888914,0.1290674603174603,0.04010416666666656,0.14133064516129043,0.03499999999999991,0.09999999999999933,NA,NA,NA,NA,NA,NA,NA,NA,NA,NA,NA,NA,NA,NA,NA
252-172THO-CIMI-CR-23-JL,172,THO,2022-10-04,14:22:00,JCO,Tenori,M,3.3,M,NA,NA,NA,NA,NA,936.7322386715177,936.7322386715177,936.7322386715177,NA,NA,NA,936.7322386715177,936.7322386715177,936.7322386715177,27.780260416666668,26.284469696969698,26.192102864583333,27.085451388888888,26.110213293650794,26.665104166666666,26.233027553763442,26.561041666666668,0,0.14734848484848487,0.125651041666667,0,0.11706349206349208,0.010416666666666689,0.13145161290322496,0.03208333333333346,0.029166666666666584,NA,NA,NA,NA,NA,NA,NA,NA,NA,NA,NA,NA,NA,NA,NA
253-927TIL-CIMI-CR-23-JL,927,TIL,2023-03-08,17:04:00,LS,Tenori,M,6.5,M,NA,NA,NA,NA,NA,NA,NA,NA,NA,NA,NA,NA,NA,NA,29.04640625,29.198342803030304,29.15177734375,28.883715277777778,29.069300595238094,29.1003125,29.030725806451613,29.384479166666665,0,0,0,0,0,0,0,0,0,5,22,-0.9718289149261198,59.09090909090909,40.909090909090914,40.909090909090914,59.09090909090909,0,0,0,0,0,0,0,0
254-268TIN-CIMI-CR-23-JL,268,TIN,2022-10-26,08:24:00,NA,Tenori,M,3.4,M,NA,NA,NA,NA,NA,NA,NA,NA,NA,NA,1318.020815343811,NA,NA,1318.020815343811,27.675625,27.01155303030303,26.993574218750002,27.318958333333335,26.793834325396826,27.319322916666668,26.64952620967742,27.147256944444443,0.09270833333333371,0.09564393939393952,0.1334635416666669,0.11388888888888904,0.12509920634920693,0.1031249999999999,0.1264784946236565,0.08291666666666683,0.10729166666666672,NA,NA,NA,NA,NA,NA,NA,NA,NA,NA,NA,NA,NA,NA,NA
255-368TIN-CIMI-CR-23-JL,368,TIN,2022-11-16,12:02:00,WEA,Tenori,M,3.4,M,NA,NA,NA,NA,NA,1439.69469709777,1439.69469709777,1439.69469709777,NA,NA,1412.3060828402354,1439.69469709777,1439.69469709777,1426.0003899690028,27.481875,25.890255681818182,25.921803385416666,27.01420138888889,26.258373015873016,26.966536458333334,26.534680779569893,26.68967013888889,0.0010416666666666682,0.2287878787878774,0.21380208333333306,0.024999999999999946,0.16309523809523815,0.018750000000000055,0.13494623655913932,0.015416666666666608,0.03854166666666667,4,32,-3.2624251559753987,31.25,68.75,12.5,31.25,0,56.25,0,0,0,0,0,0
256-387TIN-CIMI-CR-23-JL,387,TIN,2022-11-18,12:20:00,AW,Tenori,M,3.4,M,NA,NA,NA,NA,NA,NA,NA,NA,1439.69469709777,1439.69469709777,1439.69469709777,1439.69469709777,1439.69469709777,1439.69469709777,28.009427083333332,26.623276515151517,26.05859375,27.952152777777776,26.284444444444443,27.745651041666665,26.62766801075269,27.314166666666665,0,0.08636363636363677,0.19309895833333174,6.944444444444462e-4,0.16309523809523815,5.208333333333344e-4,0.1336021505376321,0.015000000000000081,0.012499999999999933,5,45,-3.9402002693394595,30.23255813953488,69.76744186046511,18.6046511627907,30.23255813953488,0,51.162790697674424,0,0,0,0,0,0
257-679TIN-CIMI-CR-23-JL,679,TIN,2023-01-18,14:18:00,VM,Tenori,M,3.6,M,NA,NA,NA,NA,NA,NA,NA,NA,NA,NA,NA,NA,NA,NA,28.091145833333332,27.717052132701422,27.782931596091206,27.63954861111111,27.810357320099257,27.2453125,27.880406722689074,27.467413194444443,0,0,0,0,0,0,0,0,0,8,28,1.2538133404443133,25,75,50,25,7.142857142857142,17.857142857142858,0,0,0,0,0,0
258-1137TIN-CIMI-CR-23-JL,1137,TIN,2023-04-12,11:42:00,AW,Tenori,M,3.8,M,NA,NA,NA,NA,NA,NA,NA,NA,NA,NA,1656.5988994082825,NA,NA,1656.5988994082825,30.354114583333335,29.59748106060606,29.3672265625,30.20861111111111,29.421165674603174,30.12734375,28.861001344086024,29.81427083333333,0,1.8939393939394219e-4,1.3020833333333116e-4,0,9.920634920634955e-5,0,0.05047043010752906,0,0,8,21,2.157230709178808,28.57142857142857,71.42857142857143,52.38095238095239,19.047619047619047,14.285714285714285,0,9.523809523809524,0,4.761904761904762,0,0,0
259-685TIQ-CIMI-CR-23-JL,685,TIQ,2023-01-20,08:40:00,AW,Tenori,M,1.7,M,NA,NA,NA,NA,NA,NA,NA,NA,NA,NA,NA,NA,NA,NA,28.749114583333334,27.914123222748817,27.856104234527688,28.61753472222222,27.8487047146402,28.420130208333333,27.927031932773108,27.746579861111112,0,0,0,0,0,0,0,0,0,9,28,2.253813340444313,32.142857142857146,67.85714285714286,46.42857142857143,32.142857142857146,3.571428571428571,17.857142857142858,0,0,0,0,0,0
260-913TIQ-CIMI-CR-23-JL,913,TIQ,2023-03-07,08:40:00,CB,Tenori,M,1.8,M,NA,NA,NA,NA,NA,2435.073182538799,2435.073182538799,2435.073182538799,NA,NA,NA,2435.073182538799,2435.073182538799,2435.073182538799,28.853854166666668,29.205085227272725,29.175930989583332,29.152604166666666,29.035560515873016,29.427890625,28.995850134408602,29.516631944444445,0,0,0,0,0,0,0,0,0,10,42,1.4469786029753238,26.82926829268293,73.17073170731707,61.904761904761905,26.190476190476193,9.523809523809524,0,0,0,0,2.380952380952381,0,0
261-1088TIQ-CIMI-CR-23-JL,1088,TIQ,2023-04-05,15:04:00,EM,Tenori,M,1.9,M,NA,NA,NA,NA,NA,NA,3776.718674556209,3776.718674556209,NA,NA,NA,NA,3776.718674556209,3776.718674556209,29.490677083333335,29.160113636363636,29.254016927083335,29.4959375,28.969588293650794,29.310833333333335,28.609761424731182,28.97126736111111,0,1.8939393939394164e-4,1.3020833333333314e-4,6.944444444444462e-4,0.028571428571427332,5.208333333333344e-4,0.051747311827957575,4.166666666666676e-4,3.4722222222222327e-4,5,12,0.3187673261231584,8.333333333333332,91.66666666666666,50,0,41.66666666666667,0,8.333333333333332,0,0,0,0,0
262-1216TIQ-CIMI-CR-23-JL,1216,TIQ,2023-04-26,07:17:00,TIQ,Tenori,M,1.9,M,NA,NA,NA,NA,NA,NA,NA,NA,NA,NA,NA,NA,NA,NA,29.2484375,29.599422348484847,29.817942708333334,28.763055555555557,29.747991071428572,28.661692708333334,29.546532258064516,28.986961805555556,0.001041666666666667,0.011174242424242479,0.007682291666666603,0.01944444444444443,0.005853174603174533,0.015104166666666646,0.004032258064516204,0.024583333333333426,0.020486111111111104,7,11,2.447826950228086,18.181818181818183,81.81818181818183,54.54545454545454,9.090909090909092,27.27272727272727,0,9.090909090909092,0,0,0,0,0
263-1341TIQ-CIMI-CR-23-JL,1341,TIQ,2023-05-29,11:20:00,AW,Tenori,M,2,M,NA,NA,NA,NA,NA,NA,NA,NA,NA,NA,NA,NA,NA,NA,29.109791666666666,29.88121212121212,30.11193359375,28.87934027777778,30.46323412698413,28.96015625,30.568209005376346,28.91598958333333,0.015625,0.059280303030303363,0.040755208333333806,0.010416666666666647,0.031051587301586813,0.008333333333333344,0.021706989247311008,0.12750000000000053,0.10868055555555511,3,8,-1.1649941774571302,50,50,50,50,0,0,0,0,0,0,0,0
264-870TIZ-CIMI-CR-23-JL,870,TIZ,2023-02-27,13:41:00,JL,Tenori,M,10.3,M,NA,NA,NA,NA,NA,NA,NA,NA,NA,1384.9031289940813,1003.3696946745665,NA,1384.9031289940813,1003.3696946745665,28.61453125,28.86654356060606,28.839641927083335,28.74888888888889,28.933005952380952,28.7896875,28.769069220430108,28.8228125,0,0,0,0,0,0,0,0,0,6,12,1.3187673261231583,36.36363636363637,63.63636363636363,54.54545454545454,18.181818181818183,0,0,18.181818181818183,0,9.090909090909092,0,0,0
265-1108TIZ-CIMI-CR-23-JL,1108,TIZ,2023-04-07,13:01:00,JL,Tenori,M,10.4,M,NA,NA,NA,NA,NA,NA,NA,NA,NA,NA,771.0468497041413,NA,NA,771.0468497041413,29.018958333333334,29.05314393939394,29.222089843750002,29.211701388888887,29.191319444444446,29.254817708333334,28.620413306451614,29.213541666666668,0,1.8939393939394102e-4,1.3020833333333227e-4,0,2.9761904761904857e-4,0,0.05174731182795776,4.166666666666653e-4,3.4722222222222327e-4,8,12,3.318767326123158,25,75,66.66666666666666,25,8.333333333333332,0,0,0,0,0,0,0
266-270TOT-CIMI-CR-23-JL,270,TOT,2022-10-26,08:58:00,NA,Tenori,F,8.3,Cycling,NA,NA,NA,NA,NA,NA,NA,NA,NA,NA,NA,NA,NA,NA,27.675625,27.01155303030303,26.993574218750002,27.318958333333335,26.793834325396826,27.319322916666668,26.64952620967742,27.147256944444443,0.09270833333333371,0.09564393939393952,0.1334635416666669,0.11388888888888904,0.12509920634920693,0.1031249999999999,0.1264784946236565,0.08291666666666683,0.10729166666666672,NA,NA,NA,NA,NA,NA,NA,NA,NA,NA,NA,NA,NA,NA,NA
270-319TOT-CIMI-CR-23-JL,319,TOT,2022-11-08,08:25:00,UN,Tenori,F,8.4,Cycling,NA,NA,NA,NA,NA,NA,NA,NA,NA,NA,NA,NA,NA,NA,24.602083333333333,25.86595643939394,26.372109375,24.454618055555557,26.571899801587303,24.53924479166667,26.54033938172043,24.914947916666666,0.5343749999999997,0.27083333333333504,0.20755208333333292,0.6902777777777778,0.17599206349206545,0.5692708333333332,0.17741935483870847,0.4741666666666666,0.44062500000000054,5,10,0.5768865743330142,50,50,30,50,0,20,0,0,0,0,0,0
271-350TOT-CIMI-CR-23-JL,350,TOT,2022-11-14,10:23:00,JL,Tenori,F,8.4,Cycling,NA,NA,NA,NA,NA,587.7723837556268,587.7723837556268,587.7723837556268,NA,NA,NA,587.7723837556268,587.7723837556268,587.7723837556268,26.45119791666667,25.44994318181818,25.83423828125,26.493472222222223,26.276825396825398,26.293567708333335,26.46537634408602,26.07753472222222,0.03645833333333334,0.2558712121212134,0.21393229166666727,0.024999999999999967,0.17182539682539624,0.05729166666666676,0.15739247311828028,0.08791666666666628,0.07395833333333322,8,30,0.9956940922344576,30,70,20,30,6.666666666666667,43.333333333333336,0,0,0,0,0,0
272-446TOT-CIMI-CR-23-JL,446,TOT,2022-12-06,14:59:00,JL,Tenori,F,8.4,Pregnant,NA,NA,NA,NA,NA,NA,NA,NA,NA,NA,NA,NA,NA,NA,27.012447916666666,26.76994318181818,26.729108072916667,27.015868055555554,26.922718253968252,27.018671875,26.52684811827957,27.23878472222222,0,0.00965909090909084,0.03346354166666685,0,0.02559523809523777,0,0.0984543010752715,0,0,3,10,-1.4231134256669857,50,50,10,50,0,40,0,0,0,0,0,0
273-587TOT-CIMI-CR-23-JL,587,TOT,2023-01-02,11:39:00,JL,Tenori,F,8.5,Pregnant,NA,NA,NA,NA,NA,NA,NA,NA,NA,NA,NA,NA,NA,NA,27.33953125,27.99746212121212,27.986204427083333,27.598993055555557,28.0084623015873,27.826510416666665,27.72631384408602,27.91251736111111,0,0,0,0,0,0,0,0,0,5,13,0.18970770201823076,23.076923076923077,76.92307692307693,61.53846153846154,23.076923076923077,0,15.384615384615385,0,0,0,0,0,0
274-778TOT-CIMI-CR-23-JL,778,TOT,2023-02-09,13:55:00,JL,Tenori,F,8.6,Pregnant,NA,NA,NA,NA,NA,NA,NA,NA,NA,NA,NA,NA,NA,NA,29.33802083333333,28.781022727272727,28.63865234375,29.345659722222223,28.627599206349206,29.110911458333334,28.3683731092437,28.77722222222222,0,0,0,0,0,0,0,0,0,11,33,3.6085152199196737,39.39393939393939,60.60606060606061,45.45454545454545,39.39393939393939,12.121212121212121,3.0303030303030303,0,0,0,0,0,0
275-840TOT-CIMI-CR-23-JL,840,TOT,2023-02-22,13:30:00,JL,Tenori,F,8.7,Pregnant,NA,NA,NA,NA,NA,NA,NA,NA,NA,NA,NA,NA,NA,NA,29.222916666666666,28.854943181818182,28.972701822916665,29.25857638888889,28.832842261904762,29.050520833333334,28.762271505376344,28.91701388888889,0,0,0,0,0,0,0,0,0,12,26,5.511932588654169,38.46153846153847,61.53846153846154,42.30769230769231,38.46153846153847,19.230769230769234,0,0,0,0,0,0,0
276-945TOT-CIMI-CR-23-JL,945,TOT,2023-03-10,13:14:00,JL,Tenori,F,8.7,Pregnant,NA,NA,NA,NA,NA,NA,NA,NA,NA,NA,NA,NA,NA,NA,28.930104166666666,29.255719696969695,29.11517578125,28.93454861111111,29.073462301587302,28.98825520833333,29.03371303763441,29.043576388888887,0,0,0,0,0,0,0,0,0,7,24,0.7700518368640247,50,50,45.83333333333333,50,4.166666666666666,0,0,0,0,0,0,0
277-1044TOT-CIMI-CR-23-JL,1044,TOT,2023-03-28,07:12:00,AW,Tenori,F,8.7,Pregnant,NA,NA,NA,NA,NA,NA,NA,NA,NA,NA,NA,NA,NA,NA,29.55984375,29.351344696969697,28.390442708333335,29.54875,28.43237599206349,29.57734375,28.687684811827957,29.56675347222222,0,3.787878787878855e-4,0.09765625000000001,0,0.07628968253968375,0,0.05168010752688096,0,0,5,14,0.060648077913302845,71.42857142857143,28.57142857142857,21.428571428571427,71.42857142857143,7.142857142857142,0,0,0,0,0,0,0
278-1395TOT-CIMI-CR-23-JL,1395,TOT,2023-06-09,11:15:00,CIW,Tenori,F,8.9,Lactating,NA,NA,NA,NA,NA,NA,NA,NA,662.8654082840229,662.8654082840229,662.8654082840229,662.8654082840229,662.8654082840229,662.8654082840229,26.96859375,27.233049242424244,27.7250390625,26.786215277777778,28.385828373015872,27.0478125,29.28361559139785,27.17565972222222,0.005208333333333335,0.2149621212121199,0.18763020833333457,0.015277777777777782,0.14365079365079467,0.06666666666666683,0.09731182795699082,0.05416666666666658,0.08402777777777817,6,27,-0.6171270354507588,55.55555555555556,44.44444444444444,44.44444444444444,55.55555555555556,0,0,0,0,0,0,0,0
279-709TRO-CIMI-CR-23-JL,709,TRO,2023-01-27,08:49:00,JL,Tenori,M,9.2,M,NA,NA,NA,NA,NA,NA,NA,NA,NA,NA,NA,NA,NA,NA,28.39109375,28.52318181818182,28.177485342019544,28.644479166666667,28.110848635235733,28.796979166666667,28.050887394957982,28.665659722222223,0,0,0,0,0,0,0,0,0,9,23,2.8991114609689523,39.130434782608695,60.86956521739131,43.47826086956522,39.130434782608695,0,17.391304347826086,0,0,0,0,0,0
280-905TRO-CIMI-CR-23-JL,905,TRO,2023-03-03,08:41:00,JL,Tenori,M,9.3,M,NA,NA,NA,NA,NA,NA,NA,NA,1196.9971597633123,1404.7777988165665,1404.7777988165665,1196.9971597633123,1404.7777988165665,1404.7777988165665,29.694114583333334,29.0703125,28.98751953125,29.434652777777778,28.951150793650793,29.324427083333333,28.898692876344086,29.08779513888889,0,0,0,0,0,0,0,0,0,10,32,2.7375748440246013,37.5,62.5,53.125,34.375,9.375,0,3.125,0,0,0,0,0
281-1234TRO-CIMI-CR-23-JL,1234,TRO,2023-04-28,12:29:00,AW,Tenori,M,9.4,M,NA,NA,NA,NA,NA,NA,NA,NA,NA,NA,NA,NA,NA,NA,28.69713541666667,29.329583333333332,29.6108203125,28.838194444444444,29.71734126984127,28.97278645833333,29.49087365591398,28.673506944444444,0,0.011174242424242435,0.007682291666666629,0,0.005853174603174531,5.208333333333344e-4,0.00403225806451619,0.011666666666666626,0.010069444444444426,7,15,1.931588453808375,20,80,73.33333333333333,20,6.666666666666667,0,0,0,0,0,0,0
282-133TRU-CIMI-CR-23-JL,133,TRU,2022-09-22,09:44:00,AW,Tenori,F,15.2,Lactating,NA,NA,NA,NA,NA,850.2745107692336,850.2745107692336,850.2745107692336,NA,NA,NA,850.2745107692336,850.2745107692336,850.2745107692336,25.838854166666668,25.792007575757577,26.000266927083334,25.82579861111111,26.157261904761906,25.775520833333335,26.13378198387662,25.773802083333333,0.040625000000000036,0.10340909090909085,0.1402343750000007,0.07847222222222217,0.13224206349206283,0.09739583333333326,0.13438485804416367,0.07916666666666668,0.09409722222222217,NA,NA,NA,NA,NA,NA,NA,NA,NA,NA,NA,NA,NA,NA,NA
283-246TRU-CIMI-CR-23-JL,246,TRU,2022-10-19,09:54:00,EM,Tenori,F,15.3,Lactating,NA,NA,NA,NA,NA,NA,NA,NA,NA,NA,NA,NA,NA,NA,27.341927083333335,26.597367424242425,26.747610677083333,26.98888888888889,26.626954365079364,26.736119791666667,26.415272177419354,26.66699652777778,0.015625,0.16401515151515145,0.11940104166666532,0.01388888888888891,0.09930555555555598,0.08385416666666713,0.12647849462365643,0.14791666666666636,0.18888888888888822,NA,NA,NA,NA,NA,NA,NA,NA,NA,NA,NA,NA,NA,NA,NA
284-269TRU-CIMI-CR-23-JL,269,TRU,2022-10-26,08:40:00,NA,Tenori,F,15.3,Lactating,NA,NA,NA,NA,NA,NA,NA,NA,NA,NA,NA,NA,NA,NA,27.675625,27.01155303030303,26.993574218750002,27.318958333333335,26.793834325396826,27.319322916666668,26.64952620967742,27.147256944444443,0.09270833333333371,0.09564393939393952,0.1334635416666669,0.11388888888888904,0.12509920634920693,0.1031249999999999,0.1264784946236565,0.08291666666666683,0.10729166666666672,NA,NA,NA,NA,NA,NA,NA,NA,NA,NA,NA,NA,NA,NA,NA
285-349TRU-CIMI-CR-23-JL,349,TRU,2022-11-14,10:36:00,JL,Tenori,F,15.4,Lactating,NA,NA,NA,NA,NA,934.2600473372772,934.2600473372772,934.2600473372772,NA,1073.4456999247084,953.5899431522439,934.2600473372772,1017.7714388897359,947.146644547255,26.45119791666667,25.44994318181818,25.83423828125,26.493472222222223,26.276825396825398,26.293567708333335,26.46537634408602,26.07753472222222,0.03645833333333334,0.2558712121212134,0.21393229166666727,0.024999999999999967,0.17182539682539624,0.05729166666666676,0.15739247311828028,0.08791666666666628,0.07395833333333322,4,41,-4.423961772919749,39.02439024390244,60.97560975609756,9.75609756097561,39.02439024390244,0,51.21951219512195,0,0,0,0,0,0
286-444TRU-CIMI-CR-23-JL,444,TRU,2022-12-06,12:21:00,JL,Tenori,F,15.4,Cycling,NA,NA,NA,NA,NA,835.842483500585,835.842483500585,731.9767075958528,789.3083158072812,789.3083158072812,789.3083158072812,824.208941577259,824.208941577259,743.4430292381385,27.012447916666666,26.76994318181818,26.729108072916667,27.015868055555554,26.922718253968252,27.018671875,26.52684811827957,27.23878472222222,0,0.00965909090909084,0.03346354166666685,0,0.02559523809523777,0,0.0984543010752715,0,0,3,11,-1.5521730497719137,27.27272727272727,72.72727272727273,27.27272727272727,27.27272727272727,0,45.45454545454545,0,0,0,0,0,0
289-526TRU-CIMI-CR-23-JL,526,TRU,2022-12-15,14:55:00,VM,Tenori,F,15.5,Cycling,NA,NA,NA,NA,NA,NA,NA,NA,420.37937988165635,420.37937988165635,731.9767075958528,420.37937988165635,420.37937988165635,731.9767075958528,27.47953125,27.278267045454545,27.221966145833335,27.590902777777778,27.002445436507937,27.468984375,27.049653897849463,27.45359375,0,0,9.114583333333349e-4,0,0.02380952380952276,0,0.017338709677419795,0,0,8,65,-3.521392751438016,42.1875,57.8125,20.3125,42.1875,1.5625,35.9375,0,0,0,0,0,0
290-715TRU-CIMI-CR-23-JL,715,TRU,2023-01-30,17:08:00,AW,Tenori,F,15.6,Pregnant,NA,NA,NA,NA,NA,NA,NA,NA,553.2786871794933,553.2786871794933,553.2786871794933,553.2786871794933,553.2786871794933,553.2786871794933,28.09015625,28.451666666666668,28.164231770833332,28.024583333333332,28.152669975186104,28.1053125,28.03138487394958,28.33453125,0,0,0,0,0,0,0,0,0,9,34,1.4794555958147462,41.17647058823529,58.82352941176471,35.294117647058826,38.23529411764706,0,23.52941176470588,2.941176470588235,0,0,0,0,0
291-856TRU-CIMI-CR-23-JL,856,TRU,2023-02-27,09:40:00,MC,Tenori,F,15.7,Pregnant,NA,NA,NA,NA,NA,NA,NA,NA,NA,NA,NA,NA,NA,NA,28.61453125,28.86654356060606,28.839641927083335,28.74888888888889,28.933005952380952,28.7896875,28.769069220430108,28.8228125,0,0,0,0,0,0,0,0,0,9,34,1.4794555958147462,42.42424242424242,57.57575757575758,48.484848484848484,42.42424242424242,9.090909090909092,0,0,0,0,0,0,0
292-975TRU-CIMI-CR-23-JL,975,TRU,2023-03-15,11:33:00,JL,Tenori,F,15.7,Pregnant,NA,NA,NA,NA,NA,NA,NA,NA,NA,NA,NA,NA,NA,NA,26.02453125,28.026486742424243,28.49017578125,26.000243055555554,28.565367063492065,26.220963541666666,28.648125,27.15125,0.34166666666666673,0.09128787878787767,0.06276041666666579,0.32152777777777813,0.047817460317459905,0.2411458333333331,0.03239247311828036,0.20083333333333328,0.16736111111111002,8,45,-0.9402002693394595,44.44444444444444,55.55555555555556,44.44444444444444,44.44444444444444,11.11111111111111,0,0,0,0,0,0,0
293-1174TRU-CIMI-CR-23-JL,1174,TRU,2023-04-18,10:10:00,JL,Tenori,F,15.8,Pregnant,NA,NA,NA,NA,NA,NA,NA,NA,NA,1602.395254437868,1439.6713952662706,NA,1602.395254437868,1439.6713952662706,29.886770833333333,30.116183712121213,29.862734375,30.067256944444445,29.591949404761905,30.168984375,29.579825268817206,30.16449652777778,0,0,1.3020833333333393e-4,0,9.920634920634955e-5,0,6.720430107527035e-5,0,0,5,25,-1.359007787240903,56.00000000000001,44,40,48,4,0,8,0,0,0,0,0
294-1383TRU-CIMI-CR-23-JL,1383,TRU,2023-06-07,08:36:00,AW,Tenori,F,15.9,Lactating,NA,NA,NA,NA,NA,NA,2570.1561656804706,2570.1561656804706,NA,NA,NA,NA,2570.1561656804706,2570.1561656804706,27.127031249999998,27.622357954545453,28.077369791666666,27.246319444444445,28.848938492063493,27.279192708333333,29.565850134408603,27.434739583333332,0.12812499999999977,0.21685606060605991,0.18789062499999984,0.08680555555555568,0.14315476190476076,0.12343750000000013,0.09697580645161448,0.09874999999999995,0.08888888888888904,6,30,-1.0043059077655423,46.666666666666664,53.333333333333336,50,46.666666666666664,0,0,0,0,3.3333333333333335,0,0,0
295-460TSU-CIMI-CR-23-JL,460,TSU,2022-12-08,13:28:00,AW,Tenori,M,5.2,M,NA,NA,NA,NA,NA,NA,NA,NA,NA,NA,NA,NA,NA,NA,27.174895833333334,27.008579545454545,26.776510416666667,27.27107638888889,26.858209325396825,27.093671875,26.733111559139786,27.07074652777778,0,0.0018939393939393656,0.033203125000000014,0,0.025496031746032176,0,0.04791666666666738,0,0,4,6,0.09312507075272532,33.33333333333333,66.66666666666666,33.33333333333333,33.33333333333333,16.666666666666664,16.666666666666664,0,0,0,0,0,0
296-736TSU-CIMI-CR-23-JL,736,TSU,2023-02-02,07:08:00,AW,Tenori,M,5.4,M,NA,NA,NA,NA,NA,NA,NA,NA,1426.3588796844342,1426.3588796844342,1426.3588796844342,1426.3588796844342,1426.3588796844342,1426.3588796844342,28.84671875,28.61745265151515,28.556243489583334,28.966354166666665,28.254761904761907,28.819765625,28.16375462184874,28.49546875,0,0,0,0,0,0,0,0,0,8,20,2.286290333283736,20,80,35,20,15,25,0,0,5,0,0,0
297-858TSU-CIMI-CR-23-JL,858,TSU,2023-02-27,12:30:00,JCO,Tenori,M,5.5,M,NA,NA,NA,NA,NA,NA,NA,NA,NA,NA,NA,NA,NA,NA,28.61453125,28.86654356060606,28.839641927083335,28.74888888888889,28.933005952380952,28.7896875,28.769069220430108,28.8228125,0,0,0,0,0,0,0,0,0,10,18,4.544409581493592,27.77777777777778,72.22222222222221,66.66666666666666,27.77777777777778,5.555555555555555,0,0,0,0,0,0,0
298-704TUA-CIMI-CR-23-JL,704,TUA,2023-01-27,08:25:00,JL,Tenori,F,1.9,juv,NA,NA,NA,NA,NA,NA,1200.6107360946733,1200.6107360946733,NA,NA,NA,NA,1200.6107360946733,1200.6107360946733,28.39109375,28.52318181818182,28.177485342019544,28.644479166666667,28.110848635235733,28.796979166666667,28.050887394957982,28.665659722222223,0,0,0,0,0,0,0,0,0,9,16,3.802528829703447,37.5,62.5,50,37.5,0,12.5,0,0,0,0,0,0
299-875TUA-CIMI-CR-23-JL,875,TUA,2023-02-28,11:15:00,EM,Tenori,F,2,juv,NA,NA,NA,NA,NA,NA,NA,NA,NA,NA,NA,NA,NA,NA,28.942239583333333,28.883958333333332,28.82767578125,28.7409375,28.915520833333332,28.810104166666665,28.80456317204301,28.837274305555557,0,0,0,0,0,0,0,0,0,10,27,3.382872964549241,44,56.00000000000001,34.61538461538461,42.30769230769231,19.230769230769234,0,0,0,0,3.8461538461538463,0,0
300-1225TUA-CIMI-CR-23-JL,1225,TUA,2023-04-27,11:40:00,JL,Tenori,F,2.1,juv,NA,NA,NA,NA,NA,1862.282373626401,1862.282373626401,1862.282373626401,NA,NA,NA,1862.282373626401,1862.282373626401,1862.282373626401,28.863802083333333,29.433882575757575,29.719348958333335,29.03472222222222,29.708179563492063,28.724114583333332,29.51167002688172,28.659131944444443,0,0.011174242424242444,0.007682291666666617,6.944444444444462e-4,0.005853174603174531,0.014583333333333292,0.004032258064516199,0.01208333333333332,0.020486111111111024,8,14,3.0606480779133025,21.428571428571427,78.57142857142857,57.14285714285714,21.428571428571427,21.428571428571427,0,0,0,0,0,0,0
301-1345TUA-CIMI-CR-23-JL,1345,TUA,2023-05-29,10:45:00,AW,Tenori,F,2.2,juv,NA,NA,NA,NA,NA,NA,NA,NA,NA,NA,1851.0544757396424,NA,NA,1851.0544757396424,29.109791666666666,29.88121212121212,30.11193359375,28.87934027777778,30.46323412698413,28.96015625,30.568209005376346,28.91598958333333,0.015625,0.059280303030303363,0.040755208333333806,0.010416666666666647,0.031051587301586813,0.008333333333333344,0.021706989247311008,0.12750000000000053,0.10868055555555511,3,7,-1.0359345533522024,42.857142857142854,57.14285714285714,57.14285714285714,42.857142857142854,0,0,0,0,0,0,0,0
303-TAC677-CIMI-CR-23-JL,677,TAC,2023-01-18,11:10:00,AW,Tenori,M,6.4,M,NA,NA,NA,NA,NA,NA,NA,NA,NA,NA,NA,NA,NA,NA,28.091145833333332,27.717052132701422,27.782931596091206,27.63954861111111,27.810357320099257,27.2453125,27.880406722689074,27.467413194444443,0,0,0,0,0,0,0,0,0,5,12,0.3187673261231584,41.66666666666667,58.333333333333336,50,41.66666666666667,0,8.333333333333332,0,0,0,0,0,0
304-843TAC-CIMI-CR-23-JL,843,TAC,2023-02-22,12:50:00,JL,Tenori,M,6.4,M,NA,NA,NA,NA,NA,NA,NA,NA,NA,NA,NA,NA,NA,NA,29.222916666666666,28.854943181818182,28.972701822916665,29.25857638888889,28.832842261904762,29.050520833333334,28.762271505376344,28.91701388888889,0,0,0,0,0,0,0,0,0,4,10,-0.4231134256669858,50,50,40,50,10,0,0,0,0,0,0,0
305-536TEM-CIMI-CR-23-JL,536,TEM,2022-12-16,10:56:00,AW,Tenori,M,6.3,M,NA,NA,NA,NA,NA,NA,NA,NA,565.5246958579876,565.5246958579876,565.5246958579876,565.5246958579876,565.5246958579876,565.5246958579876,28.237552083333334,27.470899621212123,27.384322916666665,27.87982638888889,27.104087301587303,27.86328125,27.09979166666667,27.70173611111111,0,0,0,0,0.005059523809523744,0,0.017338709677419854,0,0,9,31,1.8666344681295297,38.70967741935484,61.29032258064516,35.483870967741936,38.70967741935484,6.451612903225806,19.35483870967742,0,0,0,0,0,0
306-948TEM-CIMI-CR-23-JL,948,TEM,2023-03-10,12:33:00,JL,Tenori,M,6.5,M,NA,NA,NA,NA,NA,NA,NA,NA,NA,NA,NA,NA,NA,NA,28.930104166666666,29.255719696969695,29.11517578125,28.93454861111111,29.073462301587302,28.98825520833333,29.03371303763441,29.043576388888887,0,0,0,0,0,0,0,0,0,6,24,-0.22994816313597538,54.166666666666664,45.83333333333333,41.66666666666667,54.166666666666664,4.166666666666666,0,0,0,0,0,0,0
307-883TAB-CIMI-CR-23-JL,883,TAB,2023-03-01,14:26:00,VM,Tenori,F,6.1,Pregnant,NA,NA,NA,NA,NA,NA,NA,1211.6773136094662,NA,NA,1140.402177514799,NA,NA,1176.0397455621326,28.954739583333332,28.921950757575758,28.84832682291667,28.93340277777778,28.894146825396824,28.784635416666667,28.84054435483871,28.84470486111111,0,0,0,0,0,0,0,0,0,7,28,0.2538133404443133,35.714285714285715,64.28571428571429,53.57142857142857,35.714285714285715,10.714285714285714,0,0,0,0,0,0,0
308-983TAN-CIMI-CR-23-JL,983,TAN,2023-03-16,08:48:00,AW,Tenori,F,6,Pregnant,NA,NA,NA,NA,NA,NA,NA,NA,NA,NA,1025.3522840236676,NA,NA,1025.3522840236676,26.318020833333332,27.764119318181816,28.357070312500003,26.304375,28.469791666666666,26.216197916666665,28.592600806451614,26.81565972222222,0.3406249999999994,0.09147727272727192,0.06289062499999945,0.2284722222222218,0.047916666666667315,0.24166666666666634,0.032459677419355654,0.1933333333333327,0.16770833333333338,7,23,0.8991114609689526,56.52173913043478,43.47826086956522,39.130434782608695,56.52173913043478,4.3478260869565215,0,0,0,0,0,0,0
309-343TIN-CIMI-CR-23-JL,343,TIN,2022-11-11,10:31:00,AW,Tenori,M,3.4,M,NA,NA,NA,NA,NA,NA,NA,1439.69469709777,1412.3060828402354,1431.691414201182,1431.691414201182,1412.3060828402354,1431.691414201182,1434.3591751667113,25.776302083333334,25.48224431818182,26.061354166666668,25.661597222222223,26.35215277777778,25.598255208333335,26.501841397849464,25.058107638888888,0.1822916666666668,0.3039772727272723,0.2092447916666677,0.12291666666666659,0.17916666666666703,0.21822916666666636,0.17594086021505356,0.2874999999999994,0.40659722222222267,4,26,-2.488067411345831,26.923076923076923,73.07692307692307,15.384615384615385,26.923076923076923,0,57.692307692307686,0,0,0,0,0,0
310-589TER-CIMI-CR-23-JL,589,TER,2023-01-02,10:41:00,JL,Tenori,F,6.5,Pregnant,NA,NA,NA,NA,NA,NA,NA,NA,NA,NA,NA,NA,NA,NA,27.33953125,27.99746212121212,27.986204427083333,27.598993055555557,28.0084623015873,27.826510416666665,27.72631384408602,27.91251736111111,0,0,0,0,0,0,0,0,0,4,11,-0.5521730497719136,36.36363636363637,63.63636363636363,27.27272727272727,36.36363636363637,0,36.36363636363637,0,0,0,0,0,0
311-1520TIL-CIMI-CR-23-JL,1520,TIL,2023-07-17,14:52:00,AW,Tenori,M,6.8,M,NA,NA,NA,NA,NA,NA,NA,NA,NA,NA,NA,NA,NA,NA,28.184835164835164,28.707974413646056,28.696706254948534,28.43021582733813,28.757300115874855,28.31024193548387,28.544620253164556,28.501117021276595,0.018681318681318695,0.023454157782516097,0.035946159936658555,0.01870503597122302,0.05446118192352314,0.013978494623655907,0.06582278481012745,0.011111111111111141,0.012411347517730481,2,6,-1.9068749292472744,66.66666666666666,33.33333333333333,33.33333333333333,66.66666666666666,0,0,0,0,0,0,0,0
312-657TIL-CIMI-CR-23-JL,657,TIL,2023-01-12,08:15:00,MC,Tenori,M,6.3,M,NA,NA,NA,NA,NA,NA,1054.82551597633,1054.82551597633,NA,NA,1736.775124260353,NA,1054.82551597633,1395.8003201183415,28.32104712041885,27.873156398104264,27.949954397394137,28.25205574912892,27.985553349875932,28.100391644908616,27.996850420168066,27.991565217391305,0,0,0,0,0,0,0,0,0,6,16,0.8025288297034473,37.5,62.5,50,37.5,0,12.5,0,0,0,0,0,0
313-577TIL-CIMI-CR-23-JL,577,TIL,2022-12-29,10:27:00,JL,Tenori,M,6.3,M,NA,NA,NA,NA,NA,NA,NA,NA,NA,NA,NA,NA,NA,NA,28.08453125,28.041695075757577,28.066126302083333,27.990833333333335,27.89453373015873,27.988619791666668,27.620702284946237,28.113072916666667,0,0,0,0,0,0,4.7043010752687e-4,0,0,4,8,-0.16499417745713024,25,75,50,25,0,25,0,0,0,0,0,0
314-674TRO-CIMI-CR-23-JL,674,TRO,2023-01-18,11:30:00,AW,Tenori,M,9.2,M,NA,NA,NA,NA,NA,NA,NA,NA,NA,NA,NA,NA,NA,NA,28.091145833333332,27.717052132701422,27.782931596091206,27.63954861111111,27.810357320099257,27.2453125,27.880406722689074,27.467413194444443,0,0,0,0,0,0,0,0,0,10,32,2.7375748440246013,46.875,53.125,34.375,46.875,0,18.75,0,0,0,0,0,0
315-812TRO-CIMI-CR-23-JL,812,TRO,2023-02-20,15:44:00,JL,Tenori,M,9.3,M,NA,NA,NA,NA,NA,NA,NA,1612.5584378698206,NA,NA,NA,NA,NA,1612.5584378698206,28.878125,28.825492424242423,28.836647135416666,28.751354166666665,28.8234126984127,28.7640625,28.691609543010753,28.71029513888889,0,0,0,0,0,0,0,0,0,7,16,1.8025288297034472,40,60,33.33333333333333,40,26.666666666666668,0,0,0,0,0,0,0
316-1035TRO-CIMI-CR-23-JL,1035,TRO,2023-03-24,06:56:00,AW,Tenori,M,9.4,M,NA,NA,NA,NA,NA,NA,NA,NA,NA,NA,NA,NA,NA,NA,29.545572916666668,28.18054924242424,28.114192708333334,29.4046875,28.40390873015873,29.40997395833333,28.603763440860217,29.539045138888888,0,0.11647727272727346,0.1001302083333333,0,0.0762896825396837,0,0.051680107526882464,0,0,10,19,4.415349957388663,36.84210526315789,63.1578947368421,57.89473684210527,31.57894736842105,5.263157894736842,0,5.263157894736842,0,0,0,0,0
317-673TIZ-CIMI-CR-23-JL,673,TIZ,2023-01-18,10:58:00,AW,Tenori,M,10.2,M,NA,NA,NA,NA,NA,NA,NA,NA,NA,NA,NA,NA,NA,NA,28.091145833333332,27.717052132701422,27.782931596091206,27.63954861111111,27.810357320099257,27.2453125,27.880406722689074,27.467413194444443,0,0,0,0,0,0,0,0,0,9,18,3.5444095814935914,33.33333333333333,66.66666666666666,50,33.33333333333333,0,16.666666666666664,0,0,0,0,0,0
318-941TER-CIMI-CR-23-JL,941,TER,2023-03-10,09:10:00,JCO,Tenori,F,6.7,Lactating,NA,NA,NA,NA,NA,NA,NA,NA,NA,NA,NA,NA,NA,NA,28.930104166666666,29.255719696969695,29.11517578125,28.93454861111111,29.073462301587302,28.98825520833333,29.03371303763441,29.043576388888887,0,0,0,0,0,0,0,0,0,8,40,-0.2949021488148204,60,40,32.5,60,7.5,0,0,0,0,0,0,0
