sample-id,absolute-filepath,direction
001-MAN299-CIMI-CR-23-JL,/nfs/turbo/lsa-jbeehner/jlucore/CAT_GM_seqs/final_16S/001-MAN299-CIMI-CR-23-JL_S1_L001_R1_001.fastq.gz,forward
001-MAN299-CIMI-CR-23-JL,/nfs/turbo/lsa-jbeehner/jlucore/CAT_GM_seqs/final_16S/001-MAN299-CIMI-CR-23-JL_S1_L001_R2_001.fastq.gz,reverse
002-MAU301-CIMI-CR-23-JL,/nfs/turbo/lsa-jbeehner/jlucore/CAT_GM_seqs/final_16S/002-MAU301-CIMI-CR-23-JL_S2_L001_R1_001.fastq.gz,forward
002-MAU301-CIMI-CR-23-JL,/nfs/turbo/lsa-jbeehner/jlucore/CAT_GM_seqs/final_16S/002-MAU301-CIMI-CR-23-JL_S2_L001_R2_001.fastq.gz,reverse
003-MAN968-CIMI-CR-23-JL,/nfs/turbo/lsa-jbeehner/jlucore/CAT_GM_seqs/final_16S/003-MAN968-CIMI-CR-23-JL_S3_L001_R1_001.fastq.gz,forward
003-MAN968-CIMI-CR-23-JL,/nfs/turbo/lsa-jbeehner/jlucore/CAT_GM_seqs/final_16S/003-MAN968-CIMI-CR-23-JL_S3_L001_R2_001.fastq.gz,reverse
004-MIL396-CIMI-CR-23-JL,/nfs/turbo/lsa-jbeehner/jlucore/CAT_GM_seqs/final_16S/004-MIL396-CIMI-CR-23-JL_S4_L001_R1_001.fastq.gz,forward
004-MIL396-CIMI-CR-23-JL,/nfs/turbo/lsa-jbeehner/jlucore/CAT_GM_seqs/final_16S/004-MIL396-CIMI-CR-23-JL_S4_L001_R2_001.fastq.gz,reverse
005-MIL959-CIMI-CR-23-JL,/nfs/turbo/lsa-jbeehner/jlucore/CAT_GM_seqs/final_16S/005-MIL959-CIMI-CR-23-JL_S5_L001_R1_001.fastq.gz,forward
005-MIL959-CIMI-CR-23-JL,/nfs/turbo/lsa-jbeehner/jlucore/CAT_GM_seqs/final_16S/005-MIL959-CIMI-CR-23-JL_S5_L001_R2_001.fastq.gz,reverse
006-MON212-CIMI-CR-23-JL,/nfs/turbo/lsa-jbeehner/jlucore/CAT_GM_seqs/final_16S/006-MON212-CIMI-CR-23-JL_S6_L001_R1_001.fastq.gz,forward
006-MON212-CIMI-CR-23-JL,/nfs/turbo/lsa-jbeehner/jlucore/CAT_GM_seqs/final_16S/006-MON212-CIMI-CR-23-JL_S6_L001_R2_001.fastq.gz,reverse
007-MON491-CIMI-CR-23-JL,/nfs/turbo/lsa-jbeehner/jlucore/CAT_GM_seqs/final_16S/007-MON491-CIMI-CR-23-JL_S7_L001_R1_001.fastq.gz,forward
007-MON491-CIMI-CR-23-JL,/nfs/turbo/lsa-jbeehner/jlucore/CAT_GM_seqs/final_16S/007-MON491-CIMI-CR-23-JL_S7_L001_R2_001.fastq.gz,reverse
008-NEG07-19AMY-CIMI-CR-23-JL,/nfs/turbo/lsa-jbeehner/jlucore/CAT_GM_seqs/final_16S/008-NEG07-19AMY-CIMI-CR-23-JL_S8_L001_R1_001.fastq.gz,forward
008-NEG07-19AMY-CIMI-CR-23-JL,/nfs/turbo/lsa-jbeehner/jlucore/CAT_GM_seqs/final_16S/008-NEG07-19AMY-CIMI-CR-23-JL_S8_L001_R2_001.fastq.gz,reverse
009-MIL695-CIMI-CR-23-JL,/nfs/turbo/lsa-jbeehner/jlucore/CAT_GM_seqs/final_16S/009-MIL695-CIMI-CR-23-JL_S9_L001_R1_001.fastq.gz,forward
009-MIL695-CIMI-CR-23-JL,/nfs/turbo/lsa-jbeehner/jlucore/CAT_GM_seqs/final_16S/009-MIL695-CIMI-CR-23-JL_S9_L001_R2_001.fastq.gz,reverse
010-MIS411-CIMI-CR-23-JL,/nfs/turbo/lsa-jbeehner/jlucore/CAT_GM_seqs/final_16S/010-MIS411-CIMI-CR-23-JL_S10_L001_R1_001.fastq.gz,forward
010-MIS411-CIMI-CR-23-JL,/nfs/turbo/lsa-jbeehner/jlucore/CAT_GM_seqs/final_16S/010-MIS411-CIMI-CR-23-JL_S10_L001_R2_001.fastq.gz,reverse
011-MIS201-CIMI-CR-23-JL,/nfs/turbo/lsa-jbeehner/jlucore/CAT_GM_seqs/final_16S/011-MIS201-CIMI-CR-23-JL_S11_L001_R1_001.fastq.gz,forward
011-MIS201-CIMI-CR-23-JL,/nfs/turbo/lsa-jbeehner/jlucore/CAT_GM_seqs/final_16S/011-MIS201-CIMI-CR-23-JL_S11_L001_R2_001.fastq.gz,reverse
012-MIS357-CIMI-CR-23-JL,/nfs/turbo/lsa-jbeehner/jlucore/CAT_GM_seqs/final_16S/012-MIS357-CIMI-CR-23-JL_S12_L001_R1_001.fastq.gz,forward
012-MIS357-CIMI-CR-23-JL,/nfs/turbo/lsa-jbeehner/jlucore/CAT_GM_seqs/final_16S/012-MIS357-CIMI-CR-23-JL_S12_L001_R2_001.fastq.gz,reverse
013-MIS864-CIMI-CR-23-JL,/nfs/turbo/lsa-jbeehner/jlucore/CAT_GM_seqs/final_16S/013-MIS864-CIMI-CR-23-JL_S13_L001_R1_001.fastq.gz,forward
013-MIS864-CIMI-CR-23-JL,/nfs/turbo/lsa-jbeehner/jlucore/CAT_GM_seqs/final_16S/013-MIS864-CIMI-CR-23-JL_S13_L001_R2_001.fastq.gz,reverse
014-MOS295-CIMI-CR-23-JL,/nfs/turbo/lsa-jbeehner/jlucore/CAT_GM_seqs/final_16S/014-MOS295-CIMI-CR-23-JL_S14_L001_R1_001.fastq.gz,forward
014-MOS295-CIMI-CR-23-JL,/nfs/turbo/lsa-jbeehner/jlucore/CAT_GM_seqs/final_16S/014-MOS295-CIMI-CR-23-JL_S14_L001_R2_001.fastq.gz,reverse
015-MAY395-CIMI-CR-23-JL,/nfs/turbo/lsa-jbeehner/jlucore/CAT_GM_seqs/final_16S/015-MAY395-CIMI-CR-23-JL_S15_L001_R1_001.fastq.gz,forward
015-MAY395-CIMI-CR-23-JL,/nfs/turbo/lsa-jbeehner/jlucore/CAT_GM_seqs/final_16S/015-MAY395-CIMI-CR-23-JL_S15_L001_R2_001.fastq.gz,reverse
016-NEG07-19ALLY-CIMI-CR-23-JL,/nfs/turbo/lsa-jbeehner/jlucore/CAT_GM_seqs/final_16S/016-NEG07-19ALLY-CIMI-CR-23-JL_S16_L001_R1_001.fastq.gz,forward
016-NEG07-19ALLY-CIMI-CR-23-JL,/nfs/turbo/lsa-jbeehner/jlucore/CAT_GM_seqs/final_16S/016-NEG07-19ALLY-CIMI-CR-23-JL_S16_L001_R2_001.fastq.gz,reverse
017-PCR1NEG07-24-23-CIMI-CR-23-JL,/nfs/turbo/lsa-jbeehner/jlucore/CAT_GM_seqs/final_16S/017-PCR1NEG07-24-23-CIMI-CR-23-JL_S17_L001_R1_001.fastq.gz,forward
017-PCR1NEG07-24-23-CIMI-CR-23-JL,/nfs/turbo/lsa-jbeehner/jlucore/CAT_GM_seqs/final_16S/017-PCR1NEG07-24-23-CIMI-CR-23-JL_S17_L001_R2_001.fastq.gz,reverse
018-MOS394-CIMI-CR-23-JL,/nfs/turbo/lsa-jbeehner/jlucore/CAT_GM_seqs/final_16S/018-MOS394-CIMI-CR-23-JL_S18_L001_R1_001.fastq.gz,forward
018-MOS394-CIMI-CR-23-JL,/nfs/turbo/lsa-jbeehner/jlucore/CAT_GM_seqs/final_16S/018-MOS394-CIMI-CR-23-JL_S18_L001_R2_001.fastq.gz,reverse
019-MOS1243-CIMI-CR-23-JL,/nfs/turbo/lsa-jbeehner/jlucore/CAT_GM_seqs/final_16S/019-MOS1243-CIMI-CR-23-JL_S19_L001_R1_001.fastq.gz,forward
019-MOS1243-CIMI-CR-23-JL,/nfs/turbo/lsa-jbeehner/jlucore/CAT_GM_seqs/final_16S/019-MOS1243-CIMI-CR-23-JL_S19_L001_R2_001.fastq.gz,reverse
020-MOS1189-CIMI-CR-23-JL,/nfs/turbo/lsa-jbeehner/jlucore/CAT_GM_seqs/final_16S/020-MOS1189-CIMI-CR-23-JL_S20_L001_R1_001.fastq.gz,forward
020-MOS1189-CIMI-CR-23-JL,/nfs/turbo/lsa-jbeehner/jlucore/CAT_GM_seqs/final_16S/020-MOS1189-CIMI-CR-23-JL_S20_L001_R2_001.fastq.gz,reverse
021-MOZ152-CIMI-CR-23-JL,/nfs/turbo/lsa-jbeehner/jlucore/CAT_GM_seqs/final_16S/021-MOZ152-CIMI-CR-23-JL_S21_L001_R1_001.fastq.gz,forward
021-MOZ152-CIMI-CR-23-JL,/nfs/turbo/lsa-jbeehner/jlucore/CAT_GM_seqs/final_16S/021-MOZ152-CIMI-CR-23-JL_S21_L001_R2_001.fastq.gz,reverse
022-MOZ110-CIMI-CR-23-JL,/nfs/turbo/lsa-jbeehner/jlucore/CAT_GM_seqs/final_16S/022-MOZ110-CIMI-CR-23-JL_S22_L001_R1_001.fastq.gz,forward
022-MOZ110-CIMI-CR-23-JL,/nfs/turbo/lsa-jbeehner/jlucore/CAT_GM_seqs/final_16S/022-MOZ110-CIMI-CR-23-JL_S22_L001_R2_001.fastq.gz,reverse
023-MOZ424-CIMI-CR-23-JL,/nfs/turbo/lsa-jbeehner/jlucore/CAT_GM_seqs/final_16S/023-MOZ424-CIMI-CR-23-JL_S23_L001_R1_001.fastq.gz,forward
023-MOZ424-CIMI-CR-23-JL,/nfs/turbo/lsa-jbeehner/jlucore/CAT_GM_seqs/final_16S/023-MOZ424-CIMI-CR-23-JL_S23_L001_R2_001.fastq.gz,reverse
024-MOZ694-CIMI-CR-23-JL,/nfs/turbo/lsa-jbeehner/jlucore/CAT_GM_seqs/final_16S/024-MOZ694-CIMI-CR-23-JL_S24_L001_R1_001.fastq.gz,forward
024-MOZ694-CIMI-CR-23-JL,/nfs/turbo/lsa-jbeehner/jlucore/CAT_GM_seqs/final_16S/024-MOZ694-CIMI-CR-23-JL_S24_L001_R2_001.fastq.gz,reverse
025-NEG07-25ALLY-CIMI-CR-23-JL,/nfs/turbo/lsa-jbeehner/jlucore/CAT_GM_seqs/final_16S/025-NEG07-25ALLY-CIMI-CR-23-JL_S25_L001_R1_001.fastq.gz,forward
025-NEG07-25ALLY-CIMI-CR-23-JL,/nfs/turbo/lsa-jbeehner/jlucore/CAT_GM_seqs/final_16S/025-NEG07-25ALLY-CIMI-CR-23-JL_S25_L001_R2_001.fastq.gz,reverse
026-MOS961-CIMI-CR-23-JL,/nfs/turbo/lsa-jbeehner/jlucore/CAT_GM_seqs/final_16S/026-MOS961-CIMI-CR-23-JL_S26_L001_R1_001.fastq.gz,forward
026-MOS961-CIMI-CR-23-JL,/nfs/turbo/lsa-jbeehner/jlucore/CAT_GM_seqs/final_16S/026-MOS961-CIMI-CR-23-JL_S26_L001_R2_001.fastq.gz,reverse
027-MUL480-CIMI-CR-23-JL,/nfs/turbo/lsa-jbeehner/jlucore/CAT_GM_seqs/final_16S/027-MUL480-CIMI-CR-23-JL_S27_L001_R1_001.fastq.gz,forward
027-MUL480-CIMI-CR-23-JL,/nfs/turbo/lsa-jbeehner/jlucore/CAT_GM_seqs/final_16S/027-MUL480-CIMI-CR-23-JL_S27_L001_R2_001.fastq.gz,reverse
028-MUL151-CIMI-CR-23-JL,/nfs/turbo/lsa-jbeehner/jlucore/CAT_GM_seqs/final_16S/028-MUL151-CIMI-CR-23-JL_S28_L001_R1_001.fastq.gz,forward
028-MUL151-CIMI-CR-23-JL,/nfs/turbo/lsa-jbeehner/jlucore/CAT_GM_seqs/final_16S/028-MUL151-CIMI-CR-23-JL_S28_L001_R2_001.fastq.gz,reverse
029-NEG07-25AMY-CIMI-CR-23-JL,/nfs/turbo/lsa-jbeehner/jlucore/CAT_GM_seqs/final_16S/029-NEG07-25AMY-CIMI-CR-23-JL_S29_L001_R1_001.fastq.gz,forward
029-NEG07-25AMY-CIMI-CR-23-JL,/nfs/turbo/lsa-jbeehner/jlucore/CAT_GM_seqs/final_16S/029-NEG07-25AMY-CIMI-CR-23-JL_S29_L001_R2_001.fastq.gz,reverse
030-PCR1NEG07-27-23-CIMI-CR-23-JL,/nfs/turbo/lsa-jbeehner/jlucore/CAT_GM_seqs/final_16S/030-PCR1NEG07-27-23-CIMI-CR-23-JL_S30_L001_R1_001.fastq.gz,forward
030-PCR1NEG07-27-23-CIMI-CR-23-JL,/nfs/turbo/lsa-jbeehner/jlucore/CAT_GM_seqs/final_16S/030-PCR1NEG07-27-23-CIMI-CR-23-JL_S30_L001_R2_001.fastq.gz,reverse
031-MUL957-CIMI-CR-23-JL,/nfs/turbo/lsa-jbeehner/jlucore/CAT_GM_seqs/final_16S/031-MUL957-CIMI-CR-23-JL_S31_L001_R1_001.fastq.gz,forward
031-MUL957-CIMI-CR-23-JL,/nfs/turbo/lsa-jbeehner/jlucore/CAT_GM_seqs/final_16S/031-MUL957-CIMI-CR-23-JL_S31_L001_R2_001.fastq.gz,reverse
032-MUS622-CIMI-CR-23-JL,/nfs/turbo/lsa-jbeehner/jlucore/CAT_GM_seqs/final_16S/032-MUS622-CIMI-CR-23-JL_S32_L001_R1_001.fastq.gz,forward
032-MUS622-CIMI-CR-23-JL,/nfs/turbo/lsa-jbeehner/jlucore/CAT_GM_seqs/final_16S/032-MUS622-CIMI-CR-23-JL_S32_L001_R2_001.fastq.gz,reverse
033-MUS393-CIMI-CR-23-JL,/nfs/turbo/lsa-jbeehner/jlucore/CAT_GM_seqs/final_16S/033-MUS393-CIMI-CR-23-JL_S33_L001_R1_001.fastq.gz,forward
033-MUS393-CIMI-CR-23-JL,/nfs/turbo/lsa-jbeehner/jlucore/CAT_GM_seqs/final_16S/033-MUS393-CIMI-CR-23-JL_S33_L001_R2_001.fastq.gz,reverse
034-MYK398-CIMI-CR-23-JL,/nfs/turbo/lsa-jbeehner/jlucore/CAT_GM_seqs/final_16S/034-MYK398-CIMI-CR-23-JL_S34_L001_R1_001.fastq.gz,forward
034-MYK398-CIMI-CR-23-JL,/nfs/turbo/lsa-jbeehner/jlucore/CAT_GM_seqs/final_16S/034-MYK398-CIMI-CR-23-JL_S34_L001_R2_001.fastq.gz,reverse
035-MYK363-CIMI-CR-23-JL,/nfs/turbo/lsa-jbeehner/jlucore/CAT_GM_seqs/final_16S/035-MYK363-CIMI-CR-23-JL_S35_L001_R1_001.fastq.gz,forward
035-MYK363-CIMI-CR-23-JL,/nfs/turbo/lsa-jbeehner/jlucore/CAT_GM_seqs/final_16S/035-MYK363-CIMI-CR-23-JL_S35_L001_R2_001.fastq.gz,reverse
036-MYK297-CIMI-CR-23-JL,/nfs/turbo/lsa-jbeehner/jlucore/CAT_GM_seqs/final_16S/036-MYK297-CIMI-CR-23-JL_S36_L001_R1_001.fastq.gz,forward
036-MYK297-CIMI-CR-23-JL,/nfs/turbo/lsa-jbeehner/jlucore/CAT_GM_seqs/final_16S/036-MYK297-CIMI-CR-23-JL_S36_L001_R2_001.fastq.gz,reverse
037-PED239-CIMI-CR-23-JL,/nfs/turbo/lsa-jbeehner/jlucore/CAT_GM_seqs/final_16S/037-PED239-CIMI-CR-23-JL_S37_L001_R1_001.fastq.gz,forward
037-PED239-CIMI-CR-23-JL,/nfs/turbo/lsa-jbeehner/jlucore/CAT_GM_seqs/final_16S/037-PED239-CIMI-CR-23-JL_S37_L001_R2_001.fastq.gz,reverse
038-TAB285-CIMI-CR-23-JL,/nfs/turbo/lsa-jbeehner/jlucore/CAT_GM_seqs/final_16S/038-TAB285-CIMI-CR-23-JL_S38_L001_R1_001.fastq.gz,forward
038-TAB285-CIMI-CR-23-JL,/nfs/turbo/lsa-jbeehner/jlucore/CAT_GM_seqs/final_16S/038-TAB285-CIMI-CR-23-JL_S38_L001_R2_001.fastq.gz,reverse
039-TAB524-CIMI-CR-23-JL,/nfs/turbo/lsa-jbeehner/jlucore/CAT_GM_seqs/final_16S/039-TAB524-CIMI-CR-23-JL_S39_L001_R1_001.fastq.gz,forward
039-TAB524-CIMI-CR-23-JL,/nfs/turbo/lsa-jbeehner/jlucore/CAT_GM_seqs/final_16S/039-TAB524-CIMI-CR-23-JL_S39_L001_R2_001.fastq.gz,reverse
040-TAB671-CIMI-CR-23-JL,/nfs/turbo/lsa-jbeehner/jlucore/CAT_GM_seqs/final_16S/040-TAB671-CIMI-CR-23-JL_S40_L001_R1_001.fastq.gz,forward
040-TAB671-CIMI-CR-23-JL,/nfs/turbo/lsa-jbeehner/jlucore/CAT_GM_seqs/final_16S/040-TAB671-CIMI-CR-23-JL_S40_L001_R2_001.fastq.gz,reverse
041-TAM340-CIMI-CR-23-JL,/nfs/turbo/lsa-jbeehner/jlucore/CAT_GM_seqs/final_16S/041-TAM340-CIMI-CR-23-JL_S41_L001_R1_001.fastq.gz,forward
041-TAM340-CIMI-CR-23-JL,/nfs/turbo/lsa-jbeehner/jlucore/CAT_GM_seqs/final_16S/041-TAM340-CIMI-CR-23-JL_S41_L001_R2_001.fastq.gz,reverse
042-NEG-07-26-CIMI-CR-23-JL,/nfs/turbo/lsa-jbeehner/jlucore/CAT_GM_seqs/final_16S/042-NEG-07-26-CIMI-CR-23-JL_S42_L001_R1_001.fastq.gz,forward
042-NEG-07-26-CIMI-CR-23-JL,/nfs/turbo/lsa-jbeehner/jlucore/CAT_GM_seqs/final_16S/042-NEG-07-26-CIMI-CR-23-JL_S42_L001_R2_001.fastq.gz,reverse
043-TAN167-CIMI-CR-23-JL,/nfs/turbo/lsa-jbeehner/jlucore/CAT_GM_seqs/final_16S/043-TAN167-CIMI-CR-23-JL_S43_L001_R1_001.fastq.gz,forward
043-TAN167-CIMI-CR-23-JL,/nfs/turbo/lsa-jbeehner/jlucore/CAT_GM_seqs/final_16S/043-TAN167-CIMI-CR-23-JL_S43_L001_R2_001.fastq.gz,reverse
044-TAN949-CIMI-CR-23-JL,/nfs/turbo/lsa-jbeehner/jlucore/CAT_GM_seqs/final_16S/044-TAN949-CIMI-CR-23-JL_S44_L001_R1_001.fastq.gz,forward
044-TAN949-CIMI-CR-23-JL,/nfs/turbo/lsa-jbeehner/jlucore/CAT_GM_seqs/final_16S/044-TAN949-CIMI-CR-23-JL_S44_L001_R2_001.fastq.gz,reverse
045-TAN1059-CIMI-CR-23-JL,/nfs/turbo/lsa-jbeehner/jlucore/CAT_GM_seqs/final_16S/045-TAN1059-CIMI-CR-23-JL_S45_L001_R1_001.fastq.gz,forward
045-TAN1059-CIMI-CR-23-JL,/nfs/turbo/lsa-jbeehner/jlucore/CAT_GM_seqs/final_16S/045-TAN1059-CIMI-CR-23-JL_S45_L001_R2_001.fastq.gz,reverse
046-TEM325-CIMI-CR-23-JL,/nfs/turbo/lsa-jbeehner/jlucore/CAT_GM_seqs/final_16S/046-TEM325-CIMI-CR-23-JL_S46_L001_R1_001.fastq.gz,forward
046-TEM325-CIMI-CR-23-JL,/nfs/turbo/lsa-jbeehner/jlucore/CAT_GM_seqs/final_16S/046-TEM325-CIMI-CR-23-JL_S46_L001_R2_001.fastq.gz,reverse
047-TEM260-CIMI-CR-23-JL,/nfs/turbo/lsa-jbeehner/jlucore/CAT_GM_seqs/final_16S/047-TEM260-CIMI-CR-23-JL_S47_L001_R1_001.fastq.gz,forward
047-TEM260-CIMI-CR-23-JL,/nfs/turbo/lsa-jbeehner/jlucore/CAT_GM_seqs/final_16S/047-TEM260-CIMI-CR-23-JL_S47_L001_R2_001.fastq.gz,reverse
048-TEM585-CIMI-CR-23-JL,/nfs/turbo/lsa-jbeehner/jlucore/CAT_GM_seqs/final_16S/048-TEM585-CIMI-CR-23-JL_S48_L001_R1_001.fastq.gz,forward
048-TEM585-CIMI-CR-23-JL,/nfs/turbo/lsa-jbeehner/jlucore/CAT_GM_seqs/final_16S/048-TEM585-CIMI-CR-23-JL_S48_L001_R2_001.fastq.gz,reverse
049-TER635-CIMI-CR-23-JL,/nfs/turbo/lsa-jbeehner/jlucore/CAT_GM_seqs/final_16S/049-TER635-CIMI-CR-23-JL_S49_L001_R1_001.fastq.gz,forward
049-TER635-CIMI-CR-23-JL,/nfs/turbo/lsa-jbeehner/jlucore/CAT_GM_seqs/final_16S/049-TER635-CIMI-CR-23-JL_S49_L001_R2_001.fastq.gz,reverse
050-NEG-07-28-CIMI-CR-23-JL,/nfs/turbo/lsa-jbeehner/jlucore/CAT_GM_seqs/final_16S/050-NEG-07-28-CIMI-CR-23-JL_S50_L001_R1_001.fastq.gz,forward
050-NEG-07-28-CIMI-CR-23-JL,/nfs/turbo/lsa-jbeehner/jlucore/CAT_GM_seqs/final_16S/050-NEG-07-28-CIMI-CR-23-JL_S50_L001_R2_001.fastq.gz,reverse
051-TER324-CIMI-CR-23-JL,/nfs/turbo/lsa-jbeehner/jlucore/CAT_GM_seqs/final_16S/051-TER324-CIMI-CR-23-JL_S51_L001_R1_001.fastq.gz,forward
051-TER324-CIMI-CR-23-JL,/nfs/turbo/lsa-jbeehner/jlucore/CAT_GM_seqs/final_16S/051-TER324-CIMI-CR-23-JL_S51_L001_R2_001.fastq.gz,reverse
052-TER1058-CIMI-CR-23-JL,/nfs/turbo/lsa-jbeehner/jlucore/CAT_GM_seqs/final_16S/052-TER1058-CIMI-CR-23-JL_S52_L001_R1_001.fastq.gz,forward
052-TER1058-CIMI-CR-23-JL,/nfs/turbo/lsa-jbeehner/jlucore/CAT_GM_seqs/final_16S/052-TER1058-CIMI-CR-23-JL_S52_L001_R2_001.fastq.gz,reverse
053-TET329-CIMI-CR-23-JL,/nfs/turbo/lsa-jbeehner/jlucore/CAT_GM_seqs/final_16S/053-TET329-CIMI-CR-23-JL_S53_L001_R1_001.fastq.gz,forward
053-TET329-CIMI-CR-23-JL,/nfs/turbo/lsa-jbeehner/jlucore/CAT_GM_seqs/final_16S/053-TET329-CIMI-CR-23-JL_S53_L001_R2_001.fastq.gz,reverse
054-TIL320-CIMI-CR-23-JL,/nfs/turbo/lsa-jbeehner/jlucore/CAT_GM_seqs/final_16S/054-TIL320-CIMI-CR-23-JL_S54_L001_R1_001.fastq.gz,forward
054-TIL320-CIMI-CR-23-JL,/nfs/turbo/lsa-jbeehner/jlucore/CAT_GM_seqs/final_16S/054-TIL320-CIMI-CR-23-JL_S54_L001_R2_001.fastq.gz,reverse
055-TIN255-CIMI-CR-23-JL,/nfs/turbo/lsa-jbeehner/jlucore/CAT_GM_seqs/final_16S/055-TIN255-CIMI-CR-23-JL_S55_L001_R1_001.fastq.gz,forward
055-TIN255-CIMI-CR-23-JL,/nfs/turbo/lsa-jbeehner/jlucore/CAT_GM_seqs/final_16S/055-TIN255-CIMI-CR-23-JL_S55_L001_R2_001.fastq.gz,reverse
056-TIN580-CIMI-CR-23-JL,/nfs/turbo/lsa-jbeehner/jlucore/CAT_GM_seqs/final_16S/056-TIN580-CIMI-CR-23-JL_S56_L001_R1_001.fastq.gz,forward
056-TIN580-CIMI-CR-23-JL,/nfs/turbo/lsa-jbeehner/jlucore/CAT_GM_seqs/final_16S/056-TIN580-CIMI-CR-23-JL_S56_L001_R2_001.fastq.gz,reverse
057-TIZ462-CIMI-CR-23-JL,/nfs/turbo/lsa-jbeehner/jlucore/CAT_GM_seqs/final_16S/057-TIZ462-CIMI-CR-23-JL_S57_L001_R1_001.fastq.gz,forward
057-TIZ462-CIMI-CR-23-JL,/nfs/turbo/lsa-jbeehner/jlucore/CAT_GM_seqs/final_16S/057-TIZ462-CIMI-CR-23-JL_S57_L001_R2_001.fastq.gz,reverse
058-NEG-07-31-CIMI-CR-23-JL,/nfs/turbo/lsa-jbeehner/jlucore/CAT_GM_seqs/final_16S/058-NEG-07-31-CIMI-CR-23-JL_S58_L001_R1_001.fastq.gz,forward
058-NEG-07-31-CIMI-CR-23-JL,/nfs/turbo/lsa-jbeehner/jlucore/CAT_GM_seqs/final_16S/058-NEG-07-31-CIMI-CR-23-JL_S58_L001_R2_001.fastq.gz,reverse
059-TOT710-CIMI-CR-23-JL,/nfs/turbo/lsa-jbeehner/jlucore/CAT_GM_seqs/final_16S/059-TOT710-CIMI-CR-23-JL_S59_L001_R1_001.fastq.gz,forward
059-TOT710-CIMI-CR-23-JL,/nfs/turbo/lsa-jbeehner/jlucore/CAT_GM_seqs/final_16S/059-TOT710-CIMI-CR-23-JL_S59_L001_R2_001.fastq.gz,reverse
060-TIZ708-CIMI-CR-23-JL,/nfs/turbo/lsa-jbeehner/jlucore/CAT_GM_seqs/final_16S/060-TIZ708-CIMI-CR-23-JL_S60_L001_R1_001.fastq.gz,forward
060-TIZ708-CIMI-CR-23-JL,/nfs/turbo/lsa-jbeehner/jlucore/CAT_GM_seqs/final_16S/060-TIZ708-CIMI-CR-23-JL_S60_L001_R2_001.fastq.gz,reverse
061-NEG-08-01-CIMI-CR-23-JL,/nfs/turbo/lsa-jbeehner/jlucore/CAT_GM_seqs/final_16S/061-NEG-08-01-CIMI-CR-23-JL_S61_L001_R1_001.fastq.gz,forward
061-NEG-08-01-CIMI-CR-23-JL,/nfs/turbo/lsa-jbeehner/jlucore/CAT_GM_seqs/final_16S/061-NEG-08-01-CIMI-CR-23-JL_S61_L001_R2_001.fastq.gz,reverse
062-PCR1NEG08-01-23-CIMI-CR-23-JL,/nfs/turbo/lsa-jbeehner/jlucore/CAT_GM_seqs/final_16S/062-PCR1NEG08-01-23-CIMI-CR-23-JL_S62_L001_R1_001.fastq.gz,forward
062-PCR1NEG08-01-23-CIMI-CR-23-JL,/nfs/turbo/lsa-jbeehner/jlucore/CAT_GM_seqs/final_16S/062-PCR1NEG08-01-23-CIMI-CR-23-JL_S62_L001_R2_001.fastq.gz,reverse
063-TRU449-CIMI-CR-23-JL,/nfs/turbo/lsa-jbeehner/jlucore/CAT_GM_seqs/final_16S/063-TRU449-CIMI-CR-23-JL_S63_L001_R1_001.fastq.gz,forward
063-TRU449-CIMI-CR-23-JL,/nfs/turbo/lsa-jbeehner/jlucore/CAT_GM_seqs/final_16S/063-TRU449-CIMI-CR-23-JL_S63_L001_R2_001.fastq.gz,reverse
064-TRU434-CIMI-CR-23-JL,/nfs/turbo/lsa-jbeehner/jlucore/CAT_GM_seqs/final_16S/064-TRU434-CIMI-CR-23-JL_S64_L001_R1_001.fastq.gz,forward
064-TRU434-CIMI-CR-23-JL,/nfs/turbo/lsa-jbeehner/jlucore/CAT_GM_seqs/final_16S/064-TRU434-CIMI-CR-23-JL_S64_L001_R2_001.fastq.gz,reverse
065-TRU668-CIMI-CR-23-JL,/nfs/turbo/lsa-jbeehner/jlucore/CAT_GM_seqs/final_16S/065-TRU668-CIMI-CR-23-JL_S65_L001_R1_001.fastq.gz,forward
065-TRU668-CIMI-CR-23-JL,/nfs/turbo/lsa-jbeehner/jlucore/CAT_GM_seqs/final_16S/065-TRU668-CIMI-CR-23-JL_S65_L001_R2_001.fastq.gz,reverse
066-TSU729-CIMI-CR-23-JL,/nfs/turbo/lsa-jbeehner/jlucore/CAT_GM_seqs/final_16S/066-TSU729-CIMI-CR-23-JL_S66_L001_R1_001.fastq.gz,forward
066-TSU729-CIMI-CR-23-JL,/nfs/turbo/lsa-jbeehner/jlucore/CAT_GM_seqs/final_16S/066-TSU729-CIMI-CR-23-JL_S66_L001_R2_001.fastq.gz,reverse
067-TSU318-CIMI-CR-23-JL,/nfs/turbo/lsa-jbeehner/jlucore/CAT_GM_seqs/final_16S/067-TSU318-CIMI-CR-23-JL_S67_L001_R1_001.fastq.gz,forward
067-TSU318-CIMI-CR-23-JL,/nfs/turbo/lsa-jbeehner/jlucore/CAT_GM_seqs/final_16S/067-TSU318-CIMI-CR-23-JL_S67_L001_R2_001.fastq.gz,reverse
068-MAN651-CIMI-CR-23-JL,/nfs/turbo/lsa-jbeehner/jlucore/CAT_GM_seqs/final_16S/068-MAN651-CIMI-CR-23-JL_S68_L001_R1_001.fastq.gz,forward
068-MAN651-CIMI-CR-23-JL,/nfs/turbo/lsa-jbeehner/jlucore/CAT_GM_seqs/final_16S/068-MAN651-CIMI-CR-23-JL_S68_L001_R2_001.fastq.gz,reverse
069-MAN907-CIMI-CR-23-JL,/nfs/turbo/lsa-jbeehner/jlucore/CAT_GM_seqs/final_16S/069-MAN907-CIMI-CR-23-JL_S69_L001_R1_001.fastq.gz,forward
069-MAN907-CIMI-CR-23-JL,/nfs/turbo/lsa-jbeehner/jlucore/CAT_GM_seqs/final_16S/069-MAN907-CIMI-CR-23-JL_S69_L001_R2_001.fastq.gz,reverse
070-MAN655-CIMI-CR-23-JL,/nfs/turbo/lsa-jbeehner/jlucore/CAT_GM_seqs/final_16S/070-MAN655-CIMI-CR-23-JL_S70_L001_R1_001.fastq.gz,forward
070-MAN655-CIMI-CR-23-JL,/nfs/turbo/lsa-jbeehner/jlucore/CAT_GM_seqs/final_16S/070-MAN655-CIMI-CR-23-JL_S70_L001_R2_001.fastq.gz,reverse
071-MAN213-CIMI-CR-23-JL,/nfs/turbo/lsa-jbeehner/jlucore/CAT_GM_seqs/final_16S/071-MAN213-CIMI-CR-23-JL_S71_L001_R1_001.fastq.gz,forward
071-MAN213-CIMI-CR-23-JL,/nfs/turbo/lsa-jbeehner/jlucore/CAT_GM_seqs/final_16S/071-MAN213-CIMI-CR-23-JL_S71_L001_R2_001.fastq.gz,reverse
072-Neg08-03-23-CIMI-CR-23-JL,/nfs/turbo/lsa-jbeehner/jlucore/CAT_GM_seqs/final_16S/072-Neg08-03-23-CIMI-CR-23-JL_S72_L001_R1_001.fastq.gz,forward
072-Neg08-03-23-CIMI-CR-23-JL,/nfs/turbo/lsa-jbeehner/jlucore/CAT_GM_seqs/final_16S/072-Neg08-03-23-CIMI-CR-23-JL_S72_L001_R2_001.fastq.gz,reverse
073-413MOZ-CIMI-CR-23-JL,/nfs/turbo/lsa-jbeehner/jlucore/CAT_GM_seqs/final_16S/073-413MOZ-CIMI-CR-23-JL_S73_L001_R1_001.fastq.gz,forward
073-413MOZ-CIMI-CR-23-JL,/nfs/turbo/lsa-jbeehner/jlucore/CAT_GM_seqs/final_16S/073-413MOZ-CIMI-CR-23-JL_S73_L001_R2_001.fastq.gz,reverse
074-499MOZ-CIMI-CR-23-JL,/nfs/turbo/lsa-jbeehner/jlucore/CAT_GM_seqs/final_16S/074-499MOZ-CIMI-CR-23-JL_S74_L001_R1_001.fastq.gz,forward
074-499MOZ-CIMI-CR-23-JL,/nfs/turbo/lsa-jbeehner/jlucore/CAT_GM_seqs/final_16S/074-499MOZ-CIMI-CR-23-JL_S74_L001_R2_001.fastq.gz,reverse
075-Neg09-11-23-CIMI-CR-23-JL,/nfs/turbo/lsa-jbeehner/jlucore/CAT_GM_seqs/final_16S/075-Neg09-11-23-CIMI-CR-23-JL_S75_L001_R1_001.fastq.gz,forward
075-Neg09-11-23-CIMI-CR-23-JL,/nfs/turbo/lsa-jbeehner/jlucore/CAT_GM_seqs/final_16S/075-Neg09-11-23-CIMI-CR-23-JL_S75_L001_R2_001.fastq.gz,reverse
076-1002May-CIMI-CR-23-JL,/nfs/turbo/lsa-jbeehner/jlucore/CAT_GM_seqs/final_16S/076-1002May-CIMI-CR-23-JL_S76_L001_R1_001.fastq.gz,forward
076-1002May-CIMI-CR-23-JL,/nfs/turbo/lsa-jbeehner/jlucore/CAT_GM_seqs/final_16S/076-1002May-CIMI-CR-23-JL_S76_L001_R2_001.fastq.gz,reverse
077-1078May-CIMI-CR-23-JL,/nfs/turbo/lsa-jbeehner/jlucore/CAT_GM_seqs/final_16S/077-1078May-CIMI-CR-23-JL_S77_L001_R1_001.fastq.gz,forward
077-1078May-CIMI-CR-23-JL,/nfs/turbo/lsa-jbeehner/jlucore/CAT_GM_seqs/final_16S/077-1078May-CIMI-CR-23-JL_S77_L001_R2_001.fastq.gz,reverse
078-181TES-CIMI-CR-23-JL,/nfs/turbo/lsa-jbeehner/jlucore/CAT_GM_seqs/final_16S/078-181TES-CIMI-CR-23-JL_S78_L001_R1_001.fastq.gz,forward
078-181TES-CIMI-CR-23-JL,/nfs/turbo/lsa-jbeehner/jlucore/CAT_GM_seqs/final_16S/078-181TES-CIMI-CR-23-JL_S78_L001_R2_001.fastq.gz,reverse
079-980MON-CIMI-CR-23-JL,/nfs/turbo/lsa-jbeehner/jlucore/CAT_GM_seqs/final_16S/079-980MON-CIMI-CR-23-JL_S79_L001_R1_001.fastq.gz,forward
079-980MON-CIMI-CR-23-JL,/nfs/turbo/lsa-jbeehner/jlucore/CAT_GM_seqs/final_16S/079-980MON-CIMI-CR-23-JL_S79_L001_R2_001.fastq.gz,reverse
080-988MIS-CIMI-CR-23-JL,/nfs/turbo/lsa-jbeehner/jlucore/CAT_GM_seqs/final_16S/080-988MIS-CIMI-CR-23-JL_S80_L001_R1_001.fastq.gz,forward
080-988MIS-CIMI-CR-23-JL,/nfs/turbo/lsa-jbeehner/jlucore/CAT_GM_seqs/final_16S/080-988MIS-CIMI-CR-23-JL_S80_L001_R2_001.fastq.gz,reverse
081-1244MUL-CIMI-CR-23-JL,/nfs/turbo/lsa-jbeehner/jlucore/CAT_GM_seqs/final_16S/081-1244MUL-CIMI-CR-23-JL_S81_L001_R1_001.fastq.gz,forward
081-1244MUL-CIMI-CR-23-JL,/nfs/turbo/lsa-jbeehner/jlucore/CAT_GM_seqs/final_16S/081-1244MUL-CIMI-CR-23-JL_S81_L001_R2_001.fastq.gz,reverse
082-1296MUS-CIMI-CR-23-JL,/nfs/turbo/lsa-jbeehner/jlucore/CAT_GM_seqs/final_16S/082-1296MUS-CIMI-CR-23-JL_S82_L001_R1_001.fastq.gz,forward
082-1296MUS-CIMI-CR-23-JL,/nfs/turbo/lsa-jbeehner/jlucore/CAT_GM_seqs/final_16S/082-1296MUS-CIMI-CR-23-JL_S82_L001_R2_001.fastq.gz,reverse
083-1036TEM-CIMI-CR-23-JL,/nfs/turbo/lsa-jbeehner/jlucore/CAT_GM_seqs/final_16S/083-1036TEM-CIMI-CR-23-JL_S83_L001_R1_001.fastq.gz,forward
083-1036TEM-CIMI-CR-23-JL,/nfs/turbo/lsa-jbeehner/jlucore/CAT_GM_seqs/final_16S/083-1036TEM-CIMI-CR-23-JL_S83_L001_R2_001.fastq.gz,reverse
084-NEG09-12-23-CIMI-CR-23-JL,/nfs/turbo/lsa-jbeehner/jlucore/CAT_GM_seqs/final_16S/084-NEG09-12-23-CIMI-CR-23-JL_S84_L001_R1_001.fastq.gz,forward
084-NEG09-12-23-CIMI-CR-23-JL,/nfs/turbo/lsa-jbeehner/jlucore/CAT_GM_seqs/final_16S/084-NEG09-12-23-CIMI-CR-23-JL_S84_L001_R2_001.fastq.gz,reverse
085-443TES-CIMI-CR-23-JL,/nfs/turbo/lsa-jbeehner/jlucore/CAT_GM_seqs/final_16S/085-443TES-CIMI-CR-23-JL_S85_L001_R1_001.fastq.gz,forward
085-443TES-CIMI-CR-23-JL,/nfs/turbo/lsa-jbeehner/jlucore/CAT_GM_seqs/final_16S/085-443TES-CIMI-CR-23-JL_S85_L001_R2_001.fastq.gz,reverse
086-582TES-CIMI-CR-23-JL,/nfs/turbo/lsa-jbeehner/jlucore/CAT_GM_seqs/final_16S/086-582TES-CIMI-CR-23-JL_S86_L001_R1_001.fastq.gz,forward
086-582TES-CIMI-CR-23-JL,/nfs/turbo/lsa-jbeehner/jlucore/CAT_GM_seqs/final_16S/086-582TES-CIMI-CR-23-JL_S86_L001_R2_001.fastq.gz,reverse
087-613TES-CIMI-CR-23-JL,/nfs/turbo/lsa-jbeehner/jlucore/CAT_GM_seqs/final_16S/087-613TES-CIMI-CR-23-JL_S87_L001_R1_001.fastq.gz,forward
087-613TES-CIMI-CR-23-JL,/nfs/turbo/lsa-jbeehner/jlucore/CAT_GM_seqs/final_16S/087-613TES-CIMI-CR-23-JL_S87_L001_R2_001.fastq.gz,reverse
088-712TES-CIMI-CR-23-JL,/nfs/turbo/lsa-jbeehner/jlucore/CAT_GM_seqs/final_16S/088-712TES-CIMI-CR-23-JL_S88_L001_R1_001.fastq.gz,forward
088-712TES-CIMI-CR-23-JL,/nfs/turbo/lsa-jbeehner/jlucore/CAT_GM_seqs/final_16S/088-712TES-CIMI-CR-23-JL_S88_L001_R2_001.fastq.gz,reverse
089-1280TOT-CIMI-CR-23-JL,/nfs/turbo/lsa-jbeehner/jlucore/CAT_GM_seqs/final_16S/089-1280TOT-CIMI-CR-23-JL_S89_L001_R1_001.fastq.gz,forward
089-1280TOT-CIMI-CR-23-JL,/nfs/turbo/lsa-jbeehner/jlucore/CAT_GM_seqs/final_16S/089-1280TOT-CIMI-CR-23-JL_S89_L001_R2_001.fastq.gz,reverse
090-703MOZ-CIMI-CR-23-JL,/nfs/turbo/lsa-jbeehner/jlucore/CAT_GM_seqs/final_16S/090-703MOZ-CIMI-CR-23-JL_S90_L001_R1_001.fastq.gz,forward
090-703MOZ-CIMI-CR-23-JL,/nfs/turbo/lsa-jbeehner/jlucore/CAT_GM_seqs/final_16S/090-703MOZ-CIMI-CR-23-JL_S90_L001_R2_001.fastq.gz,reverse
091-209MUL-CIMI-CR-23-JL,/nfs/turbo/lsa-jbeehner/jlucore/CAT_GM_seqs/final_16S/091-209MUL-CIMI-CR-23-JL_S91_L001_R1_001.fastq.gz,forward
091-209MUL-CIMI-CR-23-JL,/nfs/turbo/lsa-jbeehner/jlucore/CAT_GM_seqs/final_16S/091-209MUL-CIMI-CR-23-JL_S91_L001_R2_001.fastq.gz,reverse
092-Neg09-13-23-CIMI-CR-23-JL,/nfs/turbo/lsa-jbeehner/jlucore/CAT_GM_seqs/final_16S/092-Neg09-13-23-CIMI-CR-23-JL_S92_L001_R1_001.fastq.gz,forward
092-Neg09-13-23-CIMI-CR-23-JL,/nfs/turbo/lsa-jbeehner/jlucore/CAT_GM_seqs/final_16S/092-Neg09-13-23-CIMI-CR-23-JL_S92_L001_R2_001.fastq.gz,reverse
093-PCR1Neg09-14-23-CIMI-CR-23-JL,/nfs/turbo/lsa-jbeehner/jlucore/CAT_GM_seqs/final_16S/093-PCR1Neg09-14-23-CIMI-CR-23-JL_S93_L001_R1_001.fastq.gz,forward
093-PCR1Neg09-14-23-CIMI-CR-23-JL,/nfs/turbo/lsa-jbeehner/jlucore/CAT_GM_seqs/final_16S/093-PCR1Neg09-14-23-CIMI-CR-23-JL_S93_L001_R2_001.fastq.gz,reverse
094-222MAN-CIMI-CR-23-JL,/nfs/turbo/lsa-jbeehner/jlucore/CAT_GM_seqs/final_16S/094-222MAN-CIMI-CR-23-JL_S94_L001_R1_001.fastq.gz,forward
094-222MAN-CIMI-CR-23-JL,/nfs/turbo/lsa-jbeehner/jlucore/CAT_GM_seqs/final_16S/094-222MAN-CIMI-CR-23-JL_S94_L001_R2_001.fastq.gz,reverse
095-774MAN-CIMI-CR-23-JL,/nfs/turbo/lsa-jbeehner/jlucore/CAT_GM_seqs/final_16S/095-774MAN-CIMI-CR-23-JL_S95_L001_R1_001.fastq.gz,forward
095-774MAN-CIMI-CR-23-JL,/nfs/turbo/lsa-jbeehner/jlucore/CAT_GM_seqs/final_16S/095-774MAN-CIMI-CR-23-JL_S95_L001_R2_001.fastq.gz,reverse
096-PCR2-Plt1-Neg-CIMI-CR-23-JL,/nfs/turbo/lsa-jbeehner/jlucore/CAT_GM_seqs/final_16S/096-PCR2-Plt1-Neg-CIMI-CR-23-JL_S96_L001_R1_001.fastq.gz,forward
096-PCR2-Plt1-Neg-CIMI-CR-23-JL,/nfs/turbo/lsa-jbeehner/jlucore/CAT_GM_seqs/final_16S/096-PCR2-Plt1-Neg-CIMI-CR-23-JL_S96_L001_R2_001.fastq.gz,reverse
097-561MAN-CIMI-CR-23-JL,/nfs/turbo/lsa-jbeehner/jlucore/CAT_GM_seqs/final_16S/097-561MAN-CIMI-CR-23-JL_S97_L001_R1_001.fastq.gz,forward
097-561MAN-CIMI-CR-23-JL,/nfs/turbo/lsa-jbeehner/jlucore/CAT_GM_seqs/final_16S/097-561MAN-CIMI-CR-23-JL_S97_L001_R2_001.fastq.gz,reverse
098-563MAN-CIMI-CR-23-JL,/nfs/turbo/lsa-jbeehner/jlucore/CAT_GM_seqs/final_16S/098-563MAN-CIMI-CR-23-JL_S98_L001_R1_001.fastq.gz,forward
098-563MAN-CIMI-CR-23-JL,/nfs/turbo/lsa-jbeehner/jlucore/CAT_GM_seqs/final_16S/098-563MAN-CIMI-CR-23-JL_S98_L001_R2_001.fastq.gz,reverse
099-520MAY-CIMI-CR-23-JL,/nfs/turbo/lsa-jbeehner/jlucore/CAT_GM_seqs/final_16S/099-520MAY-CIMI-CR-23-JL_S99_L001_R1_001.fastq.gz,forward
099-520MAY-CIMI-CR-23-JL,/nfs/turbo/lsa-jbeehner/jlucore/CAT_GM_seqs/final_16S/099-520MAY-CIMI-CR-23-JL_S99_L001_R2_001.fastq.gz,reverse
100-896MAN-CIMI-CR-23-JL,/nfs/turbo/lsa-jbeehner/jlucore/CAT_GM_seqs/final_16S/100-896MAN-CIMI-CR-23-JL_S100_L001_R1_001.fastq.gz,forward
100-896MAN-CIMI-CR-23-JL,/nfs/turbo/lsa-jbeehner/jlucore/CAT_GM_seqs/final_16S/100-896MAN-CIMI-CR-23-JL_S100_L001_R2_001.fastq.gz,reverse
101-210MEZ-CIMI-CR-23-JL,/nfs/turbo/lsa-jbeehner/jlucore/CAT_GM_seqs/final_16S/101-210MEZ-CIMI-CR-23-JL_S101_L001_R1_001.fastq.gz,forward
101-210MEZ-CIMI-CR-23-JL,/nfs/turbo/lsa-jbeehner/jlucore/CAT_GM_seqs/final_16S/101-210MEZ-CIMI-CR-23-JL_S101_L001_R2_001.fastq.gz,reverse
102-562MEZ-CIMI-CR-23-JL,/nfs/turbo/lsa-jbeehner/jlucore/CAT_GM_seqs/final_16S/102-562MEZ-CIMI-CR-23-JL_S102_L001_R1_001.fastq.gz,forward
102-562MEZ-CIMI-CR-23-JL,/nfs/turbo/lsa-jbeehner/jlucore/CAT_GM_seqs/final_16S/102-562MEZ-CIMI-CR-23-JL_S102_L001_R2_001.fastq.gz,reverse
103-Neg08-03-23-B-CIMI-CR-23-JL,/nfs/turbo/lsa-jbeehner/jlucore/CAT_GM_seqs/final_16S/103-Neg08-03-23-B-CIMI-CR-23-JL_S103_L001_R1_001.fastq.gz,forward
103-Neg08-03-23-B-CIMI-CR-23-JL,/nfs/turbo/lsa-jbeehner/jlucore/CAT_GM_seqs/final_16S/103-Neg08-03-23-B-CIMI-CR-23-JL_S103_L001_R2_001.fastq.gz,reverse
104-906MEZ-CIMI-CR-23-JL,/nfs/turbo/lsa-jbeehner/jlucore/CAT_GM_seqs/final_16S/104-906MEZ-CIMI-CR-23-JL_S104_L001_R1_001.fastq.gz,forward
104-906MEZ-CIMI-CR-23-JL,/nfs/turbo/lsa-jbeehner/jlucore/CAT_GM_seqs/final_16S/104-906MEZ-CIMI-CR-23-JL_S104_L001_R2_001.fastq.gz,reverse
105-992MEZ-CIMI-CR-23-JL,/nfs/turbo/lsa-jbeehner/jlucore/CAT_GM_seqs/final_16S/105-992MEZ-CIMI-CR-23-JL_S105_L001_R1_001.fastq.gz,forward
105-992MEZ-CIMI-CR-23-JL,/nfs/turbo/lsa-jbeehner/jlucore/CAT_GM_seqs/final_16S/105-992MEZ-CIMI-CR-23-JL_S105_L001_R2_001.fastq.gz,reverse
106-214MIL-CIMI-CR-23-JL,/nfs/turbo/lsa-jbeehner/jlucore/CAT_GM_seqs/final_16S/106-214MIL-CIMI-CR-23-JL_S106_L001_R1_001.fastq.gz,forward
106-214MIL-CIMI-CR-23-JL,/nfs/turbo/lsa-jbeehner/jlucore/CAT_GM_seqs/final_16S/106-214MIL-CIMI-CR-23-JL_S106_L001_R2_001.fastq.gz,reverse
107-228MIL-CIMI-CR-23-JL,/nfs/turbo/lsa-jbeehner/jlucore/CAT_GM_seqs/final_16S/107-228MIL-CIMI-CR-23-JL_S107_L001_R1_001.fastq.gz,forward
107-228MIL-CIMI-CR-23-JL,/nfs/turbo/lsa-jbeehner/jlucore/CAT_GM_seqs/final_16S/107-228MIL-CIMI-CR-23-JL_S107_L001_R2_001.fastq.gz,reverse
108-496MIL-CIMI-CR-23-JL,/nfs/turbo/lsa-jbeehner/jlucore/CAT_GM_seqs/final_16S/108-496MIL-CIMI-CR-23-JL_S108_L001_R1_001.fastq.gz,forward
108-496MIL-CIMI-CR-23-JL,/nfs/turbo/lsa-jbeehner/jlucore/CAT_GM_seqs/final_16S/108-496MIL-CIMI-CR-23-JL_S108_L001_R2_001.fastq.gz,reverse
109-Neg08-08-23-CIMI-CR-23-JL,/nfs/turbo/lsa-jbeehner/jlucore/CAT_GM_seqs/final_16S/109-Neg08-08-23-CIMI-CR-23-JL_S109_L001_R1_001.fastq.gz,forward
109-Neg08-08-23-CIMI-CR-23-JL,/nfs/turbo/lsa-jbeehner/jlucore/CAT_GM_seqs/final_16S/109-Neg08-08-23-CIMI-CR-23-JL_S109_L001_R2_001.fastq.gz,reverse
110-223MIS-CIMI-CR-23-JL,/nfs/turbo/lsa-jbeehner/jlucore/CAT_GM_seqs/final_16S/110-223MIS-CIMI-CR-23-JL_S110_L001_R1_001.fastq.gz,forward
110-223MIS-CIMI-CR-23-JL,/nfs/turbo/lsa-jbeehner/jlucore/CAT_GM_seqs/final_16S/110-223MIS-CIMI-CR-23-JL_S110_L001_R2_001.fastq.gz,reverse
111-966MOS-CIMI-CR-23-JL,/nfs/turbo/lsa-jbeehner/jlucore/CAT_GM_seqs/final_16S/111-966MOS-CIMI-CR-23-JL_S111_L001_R1_001.fastq.gz,forward
111-966MOS-CIMI-CR-23-JL,/nfs/turbo/lsa-jbeehner/jlucore/CAT_GM_seqs/final_16S/111-966MOS-CIMI-CR-23-JL_S111_L001_R2_001.fastq.gz,reverse
112-994MOS-CIMI-CR-23-JL,/nfs/turbo/lsa-jbeehner/jlucore/CAT_GM_seqs/final_16S/112-994MOS-CIMI-CR-23-JL_S112_L001_R1_001.fastq.gz,forward
112-994MOS-CIMI-CR-23-JL,/nfs/turbo/lsa-jbeehner/jlucore/CAT_GM_seqs/final_16S/112-994MOS-CIMI-CR-23-JL_S112_L001_R2_001.fastq.gz,reverse
113-514MIL-CIMI-CR-23-JL,/nfs/turbo/lsa-jbeehner/jlucore/CAT_GM_seqs/final_16S/113-514MIL-CIMI-CR-23-JL_S113_L001_R1_001.fastq.gz,forward
113-514MIL-CIMI-CR-23-JL,/nfs/turbo/lsa-jbeehner/jlucore/CAT_GM_seqs/final_16S/113-514MIL-CIMI-CR-23-JL_S113_L001_R2_001.fastq.gz,reverse
114-523MIL-CIMI-CR-23-JL,/nfs/turbo/lsa-jbeehner/jlucore/CAT_GM_seqs/final_16S/114-523MIL-CIMI-CR-23-JL_S114_L001_R1_001.fastq.gz,forward
114-523MIL-CIMI-CR-23-JL,/nfs/turbo/lsa-jbeehner/jlucore/CAT_GM_seqs/final_16S/114-523MIL-CIMI-CR-23-JL_S114_L001_R2_001.fastq.gz,reverse
115-1024MIL-CIMI-CR-23-JL,/nfs/turbo/lsa-jbeehner/jlucore/CAT_GM_seqs/final_16S/115-1024MIL-CIMI-CR-23-JL_S115_L001_R1_001.fastq.gz,forward
115-1024MIL-CIMI-CR-23-JL,/nfs/turbo/lsa-jbeehner/jlucore/CAT_GM_seqs/final_16S/115-1024MIL-CIMI-CR-23-JL_S115_L001_R2_001.fastq.gz,reverse
116-203MOZ-CIMI-CR-23-JL,/nfs/turbo/lsa-jbeehner/jlucore/CAT_GM_seqs/final_16S/116-203MOZ-CIMI-CR-23-JL_S116_L001_R1_001.fastq.gz,forward
116-203MOZ-CIMI-CR-23-JL,/nfs/turbo/lsa-jbeehner/jlucore/CAT_GM_seqs/final_16S/116-203MOZ-CIMI-CR-23-JL_S116_L001_R2_001.fastq.gz,reverse
117-Neg08-22-23-CIMI-CR-23-JL,/nfs/turbo/lsa-jbeehner/jlucore/CAT_GM_seqs/final_16S/117-Neg08-22-23-CIMI-CR-23-JL_S117_L001_R1_001.fastq.gz,forward
117-Neg08-22-23-CIMI-CR-23-JL,/nfs/turbo/lsa-jbeehner/jlucore/CAT_GM_seqs/final_16S/117-Neg08-22-23-CIMI-CR-23-JL_S117_L001_R2_001.fastq.gz,reverse
118-491MON-CIMI-CR-23-JL,/nfs/turbo/lsa-jbeehner/jlucore/CAT_GM_seqs/final_16S/118-491MON-CIMI-CR-23-JL_S118_L001_R1_001.fastq.gz,forward
118-491MON-CIMI-CR-23-JL,/nfs/turbo/lsa-jbeehner/jlucore/CAT_GM_seqs/final_16S/118-491MON-CIMI-CR-23-JL_S118_L001_R2_001.fastq.gz,reverse
119-232MOZ-CIMI-CR-23-JL,/nfs/turbo/lsa-jbeehner/jlucore/CAT_GM_seqs/final_16S/119-232MOZ-CIMI-CR-23-JL_S119_L001_R1_001.fastq.gz,forward
119-232MOZ-CIMI-CR-23-JL,/nfs/turbo/lsa-jbeehner/jlucore/CAT_GM_seqs/final_16S/119-232MOZ-CIMI-CR-23-JL_S119_L001_R2_001.fastq.gz,reverse
120-298MOZ-CIMI-CR-23-JL,/nfs/turbo/lsa-jbeehner/jlucore/CAT_GM_seqs/final_16S/120-298MOZ-CIMI-CR-23-JL_S120_L001_R1_001.fastq.gz,forward
120-298MOZ-CIMI-CR-23-JL,/nfs/turbo/lsa-jbeehner/jlucore/CAT_GM_seqs/final_16S/120-298MOZ-CIMI-CR-23-JL_S120_L001_R2_001.fastq.gz,reverse
121-PCR1Neg09-19-23-CIMI-CR-23-JL,/nfs/turbo/lsa-jbeehner/jlucore/CAT_GM_seqs/final_16S/121-PCR1Neg09-19-23-CIMI-CR-23-JL_S121_L001_R1_001.fastq.gz,forward
121-PCR1Neg09-19-23-CIMI-CR-23-JL,/nfs/turbo/lsa-jbeehner/jlucore/CAT_GM_seqs/final_16S/121-PCR1Neg09-19-23-CIMI-CR-23-JL_S121_L001_R2_001.fastq.gz,reverse
122-111MAU-CIMI-CR-23-JL,/nfs/turbo/lsa-jbeehner/jlucore/CAT_GM_seqs/final_16S/122-111MAU-CIMI-CR-23-JL_S122_L001_R1_001.fastq.gz,forward
122-111MAU-CIMI-CR-23-JL,/nfs/turbo/lsa-jbeehner/jlucore/CAT_GM_seqs/final_16S/122-111MAU-CIMI-CR-23-JL_S122_L001_R2_001.fastq.gz,reverse
123-225MAU-CIMI-CR-23-JL,/nfs/turbo/lsa-jbeehner/jlucore/CAT_GM_seqs/final_16S/123-225MAU-CIMI-CR-23-JL_S123_L001_R1_001.fastq.gz,forward
123-225MAU-CIMI-CR-23-JL,/nfs/turbo/lsa-jbeehner/jlucore/CAT_GM_seqs/final_16S/123-225MAU-CIMI-CR-23-JL_S123_L001_R2_001.fastq.gz,reverse
124-397MAU-CIMI-CR-23-JL,/nfs/turbo/lsa-jbeehner/jlucore/CAT_GM_seqs/final_16S/124-397MAU-CIMI-CR-23-JL_S124_L001_R1_001.fastq.gz,forward
124-397MAU-CIMI-CR-23-JL,/nfs/turbo/lsa-jbeehner/jlucore/CAT_GM_seqs/final_16S/124-397MAU-CIMI-CR-23-JL_S124_L001_R2_001.fastq.gz,reverse
125-419MAU-CIMI-CR-23-JL,/nfs/turbo/lsa-jbeehner/jlucore/CAT_GM_seqs/final_16S/125-419MAU-CIMI-CR-23-JL_S125_L001_R1_001.fastq.gz,forward
125-419MAU-CIMI-CR-23-JL,/nfs/turbo/lsa-jbeehner/jlucore/CAT_GM_seqs/final_16S/125-419MAU-CIMI-CR-23-JL_S125_L001_R2_001.fastq.gz,reverse
126-650MAU-CIMI-CR-23-JL,/nfs/turbo/lsa-jbeehner/jlucore/CAT_GM_seqs/final_16S/126-650MAU-CIMI-CR-23-JL_S126_L001_R1_001.fastq.gz,forward
126-650MAU-CIMI-CR-23-JL,/nfs/turbo/lsa-jbeehner/jlucore/CAT_GM_seqs/final_16S/126-650MAU-CIMI-CR-23-JL_S126_L001_R2_001.fastq.gz,reverse
127-699MAU-CIMI-CR-23-JL,/nfs/turbo/lsa-jbeehner/jlucore/CAT_GM_seqs/final_16S/127-699MAU-CIMI-CR-23-JL_S127_L001_R1_001.fastq.gz,forward
127-699MAU-CIMI-CR-23-JL,/nfs/turbo/lsa-jbeehner/jlucore/CAT_GM_seqs/final_16S/127-699MAU-CIMI-CR-23-JL_S127_L001_R2_001.fastq.gz,reverse
128-1003MAU-CIMI-CR-23-JL,/nfs/turbo/lsa-jbeehner/jlucore/CAT_GM_seqs/final_16S/128-1003MAU-CIMI-CR-23-JL_S128_L001_R1_001.fastq.gz,forward
128-1003MAU-CIMI-CR-23-JL,/nfs/turbo/lsa-jbeehner/jlucore/CAT_GM_seqs/final_16S/128-1003MAU-CIMI-CR-23-JL_S128_L001_R2_001.fastq.gz,reverse
129-115MEZ-CIMI-CR-23-JL,/nfs/turbo/lsa-jbeehner/jlucore/CAT_GM_seqs/final_16S/129-115MEZ-CIMI-CR-23-JL_S129_L001_R1_001.fastq.gz,forward
129-115MEZ-CIMI-CR-23-JL,/nfs/turbo/lsa-jbeehner/jlucore/CAT_GM_seqs/final_16S/129-115MEZ-CIMI-CR-23-JL_S129_L001_R2_001.fastq.gz,reverse
130-360MEZ-CIMI-CR-23-JL,/nfs/turbo/lsa-jbeehner/jlucore/CAT_GM_seqs/final_16S/130-360MEZ-CIMI-CR-23-JL_S130_L001_R1_001.fastq.gz,forward
130-360MEZ-CIMI-CR-23-JL,/nfs/turbo/lsa-jbeehner/jlucore/CAT_GM_seqs/final_16S/130-360MEZ-CIMI-CR-23-JL_S130_L001_R2_001.fastq.gz,reverse
131-478MEZ-CIMI-CR-23-JL,/nfs/turbo/lsa-jbeehner/jlucore/CAT_GM_seqs/final_16S/131-478MEZ-CIMI-CR-23-JL_S131_L001_R1_001.fastq.gz,forward
131-478MEZ-CIMI-CR-23-JL,/nfs/turbo/lsa-jbeehner/jlucore/CAT_GM_seqs/final_16S/131-478MEZ-CIMI-CR-23-JL_S131_L001_R2_001.fastq.gz,reverse
132-697MEZ-CIMI-CR-23-JL,/nfs/turbo/lsa-jbeehner/jlucore/CAT_GM_seqs/final_16S/132-697MEZ-CIMI-CR-23-JL_S132_L001_R1_001.fastq.gz,forward
132-697MEZ-CIMI-CR-23-JL,/nfs/turbo/lsa-jbeehner/jlucore/CAT_GM_seqs/final_16S/132-697MEZ-CIMI-CR-23-JL_S132_L001_R2_001.fastq.gz,reverse
133-795MEZ-CIMI-CR-23-JL,/nfs/turbo/lsa-jbeehner/jlucore/CAT_GM_seqs/final_16S/133-795MEZ-CIMI-CR-23-JL_S133_L001_R1_001.fastq.gz,forward
133-795MEZ-CIMI-CR-23-JL,/nfs/turbo/lsa-jbeehner/jlucore/CAT_GM_seqs/final_16S/133-795MEZ-CIMI-CR-23-JL_S133_L001_R2_001.fastq.gz,reverse
134-805MEZ-CIMI-CR-23-JL,/nfs/turbo/lsa-jbeehner/jlucore/CAT_GM_seqs/final_16S/134-805MEZ-CIMI-CR-23-JL_S134_L001_R1_001.fastq.gz,forward
134-805MEZ-CIMI-CR-23-JL,/nfs/turbo/lsa-jbeehner/jlucore/CAT_GM_seqs/final_16S/134-805MEZ-CIMI-CR-23-JL_S134_L001_R2_001.fastq.gz,reverse
135-1097MEZ-CIMI-CR-23-JL,/nfs/turbo/lsa-jbeehner/jlucore/CAT_GM_seqs/final_16S/135-1097MEZ-CIMI-CR-23-JL_S135_L001_R1_001.fastq.gz,forward
135-1097MEZ-CIMI-CR-23-JL,/nfs/turbo/lsa-jbeehner/jlucore/CAT_GM_seqs/final_16S/135-1097MEZ-CIMI-CR-23-JL_S135_L001_R2_001.fastq.gz,reverse
136-Neg09-22-23-CIMI-CR-23-JL,/nfs/turbo/lsa-jbeehner/jlucore/CAT_GM_seqs/final_16S/136-Neg09-22-23-CIMI-CR-23-JL_S136_L001_R1_001.fastq.gz,forward
136-Neg09-22-23-CIMI-CR-23-JL,/nfs/turbo/lsa-jbeehner/jlucore/CAT_GM_seqs/final_16S/136-Neg09-22-23-CIMI-CR-23-JL_S136_L001_R2_001.fastq.gz,reverse
137-1245MEZ-CIMI-CR-23-JL,/nfs/turbo/lsa-jbeehner/jlucore/CAT_GM_seqs/final_16S/137-1245MEZ-CIMI-CR-23-JL_S137_L001_R1_001.fastq.gz,forward
137-1245MEZ-CIMI-CR-23-JL,/nfs/turbo/lsa-jbeehner/jlucore/CAT_GM_seqs/final_16S/137-1245MEZ-CIMI-CR-23-JL_S137_L001_R2_001.fastq.gz,reverse
138-422MIL-CIMI-CR-23-JL,/nfs/turbo/lsa-jbeehner/jlucore/CAT_GM_seqs/final_16S/138-422MIL-CIMI-CR-23-JL_S138_L001_R1_001.fastq.gz,forward
138-422MIL-CIMI-CR-23-JL,/nfs/turbo/lsa-jbeehner/jlucore/CAT_GM_seqs/final_16S/138-422MIL-CIMI-CR-23-JL_S138_L001_R2_001.fastq.gz,reverse
139-644MIL-CIMI-CR-23-JL,/nfs/turbo/lsa-jbeehner/jlucore/CAT_GM_seqs/final_16S/139-644MIL-CIMI-CR-23-JL_S139_L001_R1_001.fastq.gz,forward
139-644MIL-CIMI-CR-23-JL,/nfs/turbo/lsa-jbeehner/jlucore/CAT_GM_seqs/final_16S/139-644MIL-CIMI-CR-23-JL_S139_L001_R2_001.fastq.gz,reverse
140-769MIL-CIMI-CR-23-JL,/nfs/turbo/lsa-jbeehner/jlucore/CAT_GM_seqs/final_16S/140-769MIL-CIMI-CR-23-JL_S140_L001_R1_001.fastq.gz,forward
140-769MIL-CIMI-CR-23-JL,/nfs/turbo/lsa-jbeehner/jlucore/CAT_GM_seqs/final_16S/140-769MIL-CIMI-CR-23-JL_S140_L001_R2_001.fastq.gz,reverse
141-859MIL-CIMI-CR-23-JL,/nfs/turbo/lsa-jbeehner/jlucore/CAT_GM_seqs/final_16S/141-859MIL-CIMI-CR-23-JL_S141_L001_R1_001.fastq.gz,forward
141-859MIL-CIMI-CR-23-JL,/nfs/turbo/lsa-jbeehner/jlucore/CAT_GM_seqs/final_16S/141-859MIL-CIMI-CR-23-JL_S141_L001_R2_001.fastq.gz,reverse
142-1075MIL-CIMI-CR-23-JL,/nfs/turbo/lsa-jbeehner/jlucore/CAT_GM_seqs/final_16S/142-1075MIL-CIMI-CR-23-JL_S142_L001_R1_001.fastq.gz,forward
142-1075MIL-CIMI-CR-23-JL,/nfs/turbo/lsa-jbeehner/jlucore/CAT_GM_seqs/final_16S/142-1075MIL-CIMI-CR-23-JL_S142_L001_R2_001.fastq.gz,reverse
143-1194MIL-CIMI-CR-23-JL,/nfs/turbo/lsa-jbeehner/jlucore/CAT_GM_seqs/final_16S/143-1194MIL-CIMI-CR-23-JL_S143_L001_R1_001.fastq.gz,forward
143-1194MIL-CIMI-CR-23-JL,/nfs/turbo/lsa-jbeehner/jlucore/CAT_GM_seqs/final_16S/143-1194MIL-CIMI-CR-23-JL_S143_L001_R2_001.fastq.gz,reverse
144-1286MIL-CIMI-CR-23-JL,/nfs/turbo/lsa-jbeehner/jlucore/CAT_GM_seqs/final_16S/144-1286MIL-CIMI-CR-23-JL_S144_L001_R1_001.fastq.gz,forward
144-1286MIL-CIMI-CR-23-JL,/nfs/turbo/lsa-jbeehner/jlucore/CAT_GM_seqs/final_16S/144-1286MIL-CIMI-CR-23-JL_S144_L001_R2_001.fastq.gz,reverse
145-1498MIL-CIMI-CR-23-JL,/nfs/turbo/lsa-jbeehner/jlucore/CAT_GM_seqs/final_16S/145-1498MIL-CIMI-CR-23-JL_S145_L001_R1_001.fastq.gz,forward
145-1498MIL-CIMI-CR-23-JL,/nfs/turbo/lsa-jbeehner/jlucore/CAT_GM_seqs/final_16S/145-1498MIL-CIMI-CR-23-JL_S145_L001_R2_001.fastq.gz,reverse
146-1371MIL-CIMI-CR-23-JL,/nfs/turbo/lsa-jbeehner/jlucore/CAT_GM_seqs/final_16S/146-1371MIL-CIMI-CR-23-JL_S146_L001_R1_001.fastq.gz,forward
146-1371MIL-CIMI-CR-23-JL,/nfs/turbo/lsa-jbeehner/jlucore/CAT_GM_seqs/final_16S/146-1371MIL-CIMI-CR-23-JL_S146_L001_R2_001.fastq.gz,reverse
147-1449MIL-CIMI-CR-23-JL,/nfs/turbo/lsa-jbeehner/jlucore/CAT_GM_seqs/final_16S/147-1449MIL-CIMI-CR-23-JL_S147_L001_R1_001.fastq.gz,forward
147-1449MIL-CIMI-CR-23-JL,/nfs/turbo/lsa-jbeehner/jlucore/CAT_GM_seqs/final_16S/147-1449MIL-CIMI-CR-23-JL_S147_L001_R2_001.fastq.gz,reverse
148-Neg09-25-23-CIMI-CR-23-JL,/nfs/turbo/lsa-jbeehner/jlucore/CAT_GM_seqs/final_16S/148-Neg09-25-23-CIMI-CR-23-JL_S148_L001_R1_001.fastq.gz,forward
148-Neg09-25-23-CIMI-CR-23-JL,/nfs/turbo/lsa-jbeehner/jlucore/CAT_GM_seqs/final_16S/148-Neg09-25-23-CIMI-CR-23-JL_S148_L001_R2_001.fastq.gz,reverse
149-479MIS-CIMI-CR-23-JL,/nfs/turbo/lsa-jbeehner/jlucore/CAT_GM_seqs/final_16S/149-479MIS-CIMI-CR-23-JL_S149_L001_R1_001.fastq.gz,forward
149-479MIS-CIMI-CR-23-JL,/nfs/turbo/lsa-jbeehner/jlucore/CAT_GM_seqs/final_16S/149-479MIS-CIMI-CR-23-JL_S149_L001_R2_001.fastq.gz,reverse
150-645MIS-CIMI-CR-23-JL,/nfs/turbo/lsa-jbeehner/jlucore/CAT_GM_seqs/final_16S/150-645MIS-CIMI-CR-23-JL_S150_L001_R1_001.fastq.gz,forward
150-645MIS-CIMI-CR-23-JL,/nfs/turbo/lsa-jbeehner/jlucore/CAT_GM_seqs/final_16S/150-645MIS-CIMI-CR-23-JL_S150_L001_R2_001.fastq.gz,reverse
151-702MIS-CIMI-CR-23-JL,/nfs/turbo/lsa-jbeehner/jlucore/CAT_GM_seqs/final_16S/151-702MIS-CIMI-CR-23-JL_S151_L001_R1_001.fastq.gz,forward
151-702MIS-CIMI-CR-23-JL,/nfs/turbo/lsa-jbeehner/jlucore/CAT_GM_seqs/final_16S/151-702MIS-CIMI-CR-23-JL_S151_L001_R2_001.fastq.gz,reverse
152-Neg09-26-23-CIMI-CR-23-JL,/nfs/turbo/lsa-jbeehner/jlucore/CAT_GM_seqs/final_16S/152-Neg09-26-23-CIMI-CR-23-JL_S152_L001_R1_001.fastq.gz,forward
152-Neg09-26-23-CIMI-CR-23-JL,/nfs/turbo/lsa-jbeehner/jlucore/CAT_GM_seqs/final_16S/152-Neg09-26-23-CIMI-CR-23-JL_S152_L001_R2_001.fastq.gz,reverse
153-PCR1Neg09-28-23-CIMI-CR-23-JL,/nfs/turbo/lsa-jbeehner/jlucore/CAT_GM_seqs/final_16S/153-PCR1Neg09-28-23-CIMI-CR-23-JL_S153_L001_R1_001.fastq.gz,forward
153-PCR1Neg09-28-23-CIMI-CR-23-JL,/nfs/turbo/lsa-jbeehner/jlucore/CAT_GM_seqs/final_16S/153-PCR1Neg09-28-23-CIMI-CR-23-JL_S153_L001_R2_001.fastq.gz,reverse
154-777MIS-CIMI-CR-23-JL,/nfs/turbo/lsa-jbeehner/jlucore/CAT_GM_seqs/final_16S/154-777MIS-CIMI-CR-23-JL_S154_L001_R1_001.fastq.gz,forward
154-777MIS-CIMI-CR-23-JL,/nfs/turbo/lsa-jbeehner/jlucore/CAT_GM_seqs/final_16S/154-777MIS-CIMI-CR-23-JL_S154_L001_R2_001.fastq.gz,reverse
155-996MIS-CIMI-CR-23-JL,/nfs/turbo/lsa-jbeehner/jlucore/CAT_GM_seqs/final_16S/155-996MIS-CIMI-CR-23-JL_S155_L001_R1_001.fastq.gz,forward
155-996MIS-CIMI-CR-23-JL,/nfs/turbo/lsa-jbeehner/jlucore/CAT_GM_seqs/final_16S/155-996MIS-CIMI-CR-23-JL_S155_L001_R2_001.fastq.gz,reverse
156-1065MIS-CIMI-CR-23-JL,/nfs/turbo/lsa-jbeehner/jlucore/CAT_GM_seqs/final_16S/156-1065MIS-CIMI-CR-23-JL_S156_L001_R1_001.fastq.gz,forward
156-1065MIS-CIMI-CR-23-JL,/nfs/turbo/lsa-jbeehner/jlucore/CAT_GM_seqs/final_16S/156-1065MIS-CIMI-CR-23-JL_S156_L001_R2_001.fastq.gz,reverse
157-1181MIS-CIMI-CR-23-JL,/nfs/turbo/lsa-jbeehner/jlucore/CAT_GM_seqs/final_16S/157-1181MIS-CIMI-CR-23-JL_S157_L001_R1_001.fastq.gz,forward
157-1181MIS-CIMI-CR-23-JL,/nfs/turbo/lsa-jbeehner/jlucore/CAT_GM_seqs/final_16S/157-1181MIS-CIMI-CR-23-JL_S157_L001_R2_001.fastq.gz,reverse
158-1273MIS-CIMI-CR-23-JL,/nfs/turbo/lsa-jbeehner/jlucore/CAT_GM_seqs/final_16S/158-1273MIS-CIMI-CR-23-JL_S158_L001_R1_001.fastq.gz,forward
158-1273MIS-CIMI-CR-23-JL,/nfs/turbo/lsa-jbeehner/jlucore/CAT_GM_seqs/final_16S/158-1273MIS-CIMI-CR-23-JL_S158_L001_R2_001.fastq.gz,reverse
159-1275MIS-CIMI-CR-23-JL,/nfs/turbo/lsa-jbeehner/jlucore/CAT_GM_seqs/final_16S/159-1275MIS-CIMI-CR-23-JL_S159_L001_R1_001.fastq.gz,forward
159-1275MIS-CIMI-CR-23-JL,/nfs/turbo/lsa-jbeehner/jlucore/CAT_GM_seqs/final_16S/159-1275MIS-CIMI-CR-23-JL_S159_L001_R2_001.fastq.gz,reverse
160-1326MIS-CIMI-CR-23-JL,/nfs/turbo/lsa-jbeehner/jlucore/CAT_GM_seqs/final_16S/160-1326MIS-CIMI-CR-23-JL_S160_L001_R1_001.fastq.gz,forward
160-1326MIS-CIMI-CR-23-JL,/nfs/turbo/lsa-jbeehner/jlucore/CAT_GM_seqs/final_16S/160-1326MIS-CIMI-CR-23-JL_S160_L001_R2_001.fastq.gz,reverse
161-1373MIS-CIMI-CR-23-JL,/nfs/turbo/lsa-jbeehner/jlucore/CAT_GM_seqs/final_16S/161-1373MIS-CIMI-CR-23-JL_S161_L001_R1_001.fastq.gz,forward
161-1373MIS-CIMI-CR-23-JL,/nfs/turbo/lsa-jbeehner/jlucore/CAT_GM_seqs/final_16S/161-1373MIS-CIMI-CR-23-JL_S161_L001_R2_001.fastq.gz,reverse
162-1428MIS-CIMI-CR-23-JL,/nfs/turbo/lsa-jbeehner/jlucore/CAT_GM_seqs/final_16S/162-1428MIS-CIMI-CR-23-JL_S162_L001_R1_001.fastq.gz,forward
162-1428MIS-CIMI-CR-23-JL,/nfs/turbo/lsa-jbeehner/jlucore/CAT_GM_seqs/final_16S/162-1428MIS-CIMI-CR-23-JL_S162_L001_R2_001.fastq.gz,reverse
163-1475MIS-CIMI-CR-23-JL,/nfs/turbo/lsa-jbeehner/jlucore/CAT_GM_seqs/final_16S/163-1475MIS-CIMI-CR-23-JL_S163_L001_R1_001.fastq.gz,forward
163-1475MIS-CIMI-CR-23-JL,/nfs/turbo/lsa-jbeehner/jlucore/CAT_GM_seqs/final_16S/163-1475MIS-CIMI-CR-23-JL_S163_L001_R2_001.fastq.gz,reverse
164-150MON-CIMI-CR-23-JL,/nfs/turbo/lsa-jbeehner/jlucore/CAT_GM_seqs/final_16S/164-150MON-CIMI-CR-23-JL_S164_L001_R1_001.fastq.gz,forward
164-150MON-CIMI-CR-23-JL,/nfs/turbo/lsa-jbeehner/jlucore/CAT_GM_seqs/final_16S/164-150MON-CIMI-CR-23-JL_S164_L001_R2_001.fastq.gz,reverse
165-358MON-CIMI-CR-23-JL,/nfs/turbo/lsa-jbeehner/jlucore/CAT_GM_seqs/final_16S/165-358MON-CIMI-CR-23-JL_S165_L001_R1_001.fastq.gz,forward
165-358MON-CIMI-CR-23-JL,/nfs/turbo/lsa-jbeehner/jlucore/CAT_GM_seqs/final_16S/165-358MON-CIMI-CR-23-JL_S165_L001_R2_001.fastq.gz,reverse
166-421MON-CIMI-CR-23-JL,/nfs/turbo/lsa-jbeehner/jlucore/CAT_GM_seqs/final_16S/166-421MON-CIMI-CR-23-JL_S166_L001_R1_001.fastq.gz,forward
166-421MON-CIMI-CR-23-JL,/nfs/turbo/lsa-jbeehner/jlucore/CAT_GM_seqs/final_16S/166-421MON-CIMI-CR-23-JL_S166_L001_R2_001.fastq.gz,reverse
167-568MON-CIMI-CR-23-JL,/nfs/turbo/lsa-jbeehner/jlucore/CAT_GM_seqs/final_16S/167-568MON-CIMI-CR-23-JL_S167_L001_R1_001.fastq.gz,forward
167-568MON-CIMI-CR-23-JL,/nfs/turbo/lsa-jbeehner/jlucore/CAT_GM_seqs/final_16S/167-568MON-CIMI-CR-23-JL_S167_L001_R2_001.fastq.gz,reverse
168-656MON-CIMI-CR-23-JL,/nfs/turbo/lsa-jbeehner/jlucore/CAT_GM_seqs/final_16S/168-656MON-CIMI-CR-23-JL_S168_L001_R1_001.fastq.gz,forward
168-656MON-CIMI-CR-23-JL,/nfs/turbo/lsa-jbeehner/jlucore/CAT_GM_seqs/final_16S/168-656MON-CIMI-CR-23-JL_S168_L001_R2_001.fastq.gz,reverse
169-691MON-CIMI-CR-23-JL,/nfs/turbo/lsa-jbeehner/jlucore/CAT_GM_seqs/final_16S/169-691MON-CIMI-CR-23-JL_S169_L001_R1_001.fastq.gz,forward
169-691MON-CIMI-CR-23-JL,/nfs/turbo/lsa-jbeehner/jlucore/CAT_GM_seqs/final_16S/169-691MON-CIMI-CR-23-JL_S169_L001_R2_001.fastq.gz,reverse
170-775MON-CIMI-CR-23-JL,/nfs/turbo/lsa-jbeehner/jlucore/CAT_GM_seqs/final_16S/170-775MON-CIMI-CR-23-JL_S170_L001_R1_001.fastq.gz,forward
170-775MON-CIMI-CR-23-JL,/nfs/turbo/lsa-jbeehner/jlucore/CAT_GM_seqs/final_16S/170-775MON-CIMI-CR-23-JL_S170_L001_R2_001.fastq.gz,reverse
171-1021MON-CIMI-CR-23-JL,/nfs/turbo/lsa-jbeehner/jlucore/CAT_GM_seqs/final_16S/171-1021MON-CIMI-CR-23-JL_S171_L001_R1_001.fastq.gz,forward
171-1021MON-CIMI-CR-23-JL,/nfs/turbo/lsa-jbeehner/jlucore/CAT_GM_seqs/final_16S/171-1021MON-CIMI-CR-23-JL_S171_L001_R2_001.fastq.gz,reverse
172-1191MON-CIMI-CR-23-JL,/nfs/turbo/lsa-jbeehner/jlucore/CAT_GM_seqs/final_16S/172-1191MON-CIMI-CR-23-JL_S172_L001_R1_001.fastq.gz,forward
172-1191MON-CIMI-CR-23-JL,/nfs/turbo/lsa-jbeehner/jlucore/CAT_GM_seqs/final_16S/172-1191MON-CIMI-CR-23-JL_S172_L001_R2_001.fastq.gz,reverse
173-Neg09-28-23-CIMI-CR-23-JL,/nfs/turbo/lsa-jbeehner/jlucore/CAT_GM_seqs/final_16S/173-Neg09-28-23-CIMI-CR-23-JL_S173_L001_R1_001.fastq.gz,forward
173-Neg09-28-23-CIMI-CR-23-JL,/nfs/turbo/lsa-jbeehner/jlucore/CAT_GM_seqs/final_16S/173-Neg09-28-23-CIMI-CR-23-JL_S173_L001_R2_001.fastq.gz,reverse
174-860mon-CIMI-CR-23-JL,/nfs/turbo/lsa-jbeehner/jlucore/CAT_GM_seqs/final_16S/174-860mon-CIMI-CR-23-JL_S174_L001_R1_001.fastq.gz,forward
174-860mon-CIMI-CR-23-JL,/nfs/turbo/lsa-jbeehner/jlucore/CAT_GM_seqs/final_16S/174-860mon-CIMI-CR-23-JL_S174_L001_R2_001.fastq.gz,reverse
175-897MON-CIMI-CR-23-JL,/nfs/turbo/lsa-jbeehner/jlucore/CAT_GM_seqs/final_16S/175-897MON-CIMI-CR-23-JL_S175_L001_R1_001.fastq.gz,forward
175-897MON-CIMI-CR-23-JL,/nfs/turbo/lsa-jbeehner/jlucore/CAT_GM_seqs/final_16S/175-897MON-CIMI-CR-23-JL_S175_L001_R2_001.fastq.gz,reverse
176-991MON-CIMI-CR-23-JL,/nfs/turbo/lsa-jbeehner/jlucore/CAT_GM_seqs/final_16S/176-991MON-CIMI-CR-23-JL_S176_L001_R1_001.fastq.gz,forward
176-991MON-CIMI-CR-23-JL,/nfs/turbo/lsa-jbeehner/jlucore/CAT_GM_seqs/final_16S/176-991MON-CIMI-CR-23-JL_S176_L001_R2_001.fastq.gz,reverse
177-1328MON-CIMI-CR-23-JL,/nfs/turbo/lsa-jbeehner/jlucore/CAT_GM_seqs/final_16S/177-1328MON-CIMI-CR-23-JL_S177_L001_R1_001.fastq.gz,forward
177-1328MON-CIMI-CR-23-JL,/nfs/turbo/lsa-jbeehner/jlucore/CAT_GM_seqs/final_16S/177-1328MON-CIMI-CR-23-JL_S177_L001_R2_001.fastq.gz,reverse
178-1390MON-CIMI-CR-23-JL,/nfs/turbo/lsa-jbeehner/jlucore/CAT_GM_seqs/final_16S/178-1390MON-CIMI-CR-23-JL_S178_L001_R1_001.fastq.gz,forward
178-1390MON-CIMI-CR-23-JL,/nfs/turbo/lsa-jbeehner/jlucore/CAT_GM_seqs/final_16S/178-1390MON-CIMI-CR-23-JL_S178_L001_R2_001.fastq.gz,reverse
179-1420MON-CIMI-CR-23-JL,/nfs/turbo/lsa-jbeehner/jlucore/CAT_GM_seqs/final_16S/179-1420MON-CIMI-CR-23-JL_S179_L001_R1_001.fastq.gz,forward
179-1420MON-CIMI-CR-23-JL,/nfs/turbo/lsa-jbeehner/jlucore/CAT_GM_seqs/final_16S/179-1420MON-CIMI-CR-23-JL_S179_L001_R2_001.fastq.gz,reverse
180-1511MON-CIMI-CR-23-JL,/nfs/turbo/lsa-jbeehner/jlucore/CAT_GM_seqs/final_16S/180-1511MON-CIMI-CR-23-JL_S180_L001_R1_001.fastq.gz,forward
180-1511MON-CIMI-CR-23-JL,/nfs/turbo/lsa-jbeehner/jlucore/CAT_GM_seqs/final_16S/180-1511MON-CIMI-CR-23-JL_S180_L001_R2_001.fastq.gz,reverse
181-108MOS-CIMI-CR-23-JL,/nfs/turbo/lsa-jbeehner/jlucore/CAT_GM_seqs/final_16S/181-108MOS-CIMI-CR-23-JL_S181_L001_R1_001.fastq.gz,forward
181-108MOS-CIMI-CR-23-JL,/nfs/turbo/lsa-jbeehner/jlucore/CAT_GM_seqs/final_16S/181-108MOS-CIMI-CR-23-JL_S181_L001_R2_001.fastq.gz,reverse
182-308MOS-CIMI-CR-23-JL,/nfs/turbo/lsa-jbeehner/jlucore/CAT_GM_seqs/final_16S/182-308MOS-CIMI-CR-23-JL_S182_L001_R1_001.fastq.gz,forward
182-308MOS-CIMI-CR-23-JL,/nfs/turbo/lsa-jbeehner/jlucore/CAT_GM_seqs/final_16S/182-308MOS-CIMI-CR-23-JL_S182_L001_R2_001.fastq.gz,reverse
183-489MOS-CIMI-CR-23-JL,/nfs/turbo/lsa-jbeehner/jlucore/CAT_GM_seqs/final_16S/183-489MOS-CIMI-CR-23-JL_S183_L001_R1_001.fastq.gz,forward
183-489MOS-CIMI-CR-23-JL,/nfs/turbo/lsa-jbeehner/jlucore/CAT_GM_seqs/final_16S/183-489MOS-CIMI-CR-23-JL_S183_L001_R2_001.fastq.gz,reverse
184-Neg10-03-23-CIMI-CR-23-JL,/nfs/turbo/lsa-jbeehner/jlucore/CAT_GM_seqs/final_16S/184-Neg10-03-23-CIMI-CR-23-JL_S184_L001_R1_001.fastq.gz,forward
184-Neg10-03-23-CIMI-CR-23-JL,/nfs/turbo/lsa-jbeehner/jlucore/CAT_GM_seqs/final_16S/184-Neg10-03-23-CIMI-CR-23-JL_S184_L001_R2_001.fastq.gz,reverse
185-PCR1Neg10-10-23-CIMI-CR-23-JL,/nfs/turbo/lsa-jbeehner/jlucore/CAT_GM_seqs/final_16S/185-PCR1Neg10-10-23-CIMI-CR-23-JL_S185_L001_R1_001.fastq.gz,forward
185-PCR1Neg10-10-23-CIMI-CR-23-JL,/nfs/turbo/lsa-jbeehner/jlucore/CAT_GM_seqs/final_16S/185-PCR1Neg10-10-23-CIMI-CR-23-JL_S185_L001_R2_001.fastq.gz,reverse
186-559MOS-CIMI-CR-23-JL,/nfs/turbo/lsa-jbeehner/jlucore/CAT_GM_seqs/final_16S/186-559MOS-CIMI-CR-23-JL_S186_L001_R1_001.fastq.gz,forward
186-559MOS-CIMI-CR-23-JL,/nfs/turbo/lsa-jbeehner/jlucore/CAT_GM_seqs/final_16S/186-559MOS-CIMI-CR-23-JL_S186_L001_R2_001.fastq.gz,reverse
187-632MOS-CIMI-CR-23-JL,/nfs/turbo/lsa-jbeehner/jlucore/CAT_GM_seqs/final_16S/187-632MOS-CIMI-CR-23-JL_S187_L001_R1_001.fastq.gz,forward
187-632MOS-CIMI-CR-23-JL,/nfs/turbo/lsa-jbeehner/jlucore/CAT_GM_seqs/final_16S/187-632MOS-CIMI-CR-23-JL_S187_L001_R2_001.fastq.gz,reverse
188-768MOS-CIMI-CR-23-JL,/nfs/turbo/lsa-jbeehner/jlucore/CAT_GM_seqs/final_16S/188-768MOS-CIMI-CR-23-JL_S188_L001_R1_001.fastq.gz,forward
188-768MOS-CIMI-CR-23-JL,/nfs/turbo/lsa-jbeehner/jlucore/CAT_GM_seqs/final_16S/188-768MOS-CIMI-CR-23-JL_S188_L001_R2_001.fastq.gz,reverse
189-863MOS-CIMI-CR-23-JL,/nfs/turbo/lsa-jbeehner/jlucore/CAT_GM_seqs/final_16S/189-863MOS-CIMI-CR-23-JL_S189_L001_R1_001.fastq.gz,forward
189-863MOS-CIMI-CR-23-JL,/nfs/turbo/lsa-jbeehner/jlucore/CAT_GM_seqs/final_16S/189-863MOS-CIMI-CR-23-JL_S189_L001_R2_001.fastq.gz,reverse
190-1030MOS-CIMI-CR-23-JL,/nfs/turbo/lsa-jbeehner/jlucore/CAT_GM_seqs/final_16S/190-1030MOS-CIMI-CR-23-JL_S190_L001_R1_001.fastq.gz,forward
190-1030MOS-CIMI-CR-23-JL,/nfs/turbo/lsa-jbeehner/jlucore/CAT_GM_seqs/final_16S/190-1030MOS-CIMI-CR-23-JL_S190_L001_R2_001.fastq.gz,reverse
191-PCR1Neg10-11-23-CIMI-CR-23-JL,/nfs/turbo/lsa-jbeehner/jlucore/CAT_GM_seqs/final_16S/191-PCR1Neg10-11-23-CIMI-CR-23-JL_S191_L001_R1_001.fastq.gz,forward
191-PCR1Neg10-11-23-CIMI-CR-23-JL,/nfs/turbo/lsa-jbeehner/jlucore/CAT_GM_seqs/final_16S/191-PCR1Neg10-11-23-CIMI-CR-23-JL_S191_L001_R2_001.fastq.gz,reverse
192-PCR2-Plt2-neg-CIMI-CR-23-JL,/nfs/turbo/lsa-jbeehner/jlucore/CAT_GM_seqs/final_16S/192-PCR2-Plt2-neg-CIMI-CR-23-JL_S192_L001_R1_001.fastq.gz,forward
192-PCR2-Plt2-neg-CIMI-CR-23-JL,/nfs/turbo/lsa-jbeehner/jlucore/CAT_GM_seqs/final_16S/192-PCR2-Plt2-neg-CIMI-CR-23-JL_S192_L001_R2_001.fastq.gz,reverse
193-1294MOS-CIMI-CR-23-JL,/nfs/turbo/lsa-jbeehner/jlucore/CAT_GM_seqs/final_16S/193-1294MOS-CIMI-CR-23-JL_S193_L001_R1_001.fastq.gz,forward
193-1294MOS-CIMI-CR-23-JL,/nfs/turbo/lsa-jbeehner/jlucore/CAT_GM_seqs/final_16S/193-1294MOS-CIMI-CR-23-JL_S193_L001_R2_001.fastq.gz,reverse
194-1307MOS-CIMI-CR-23-JL,/nfs/turbo/lsa-jbeehner/jlucore/CAT_GM_seqs/final_16S/194-1307MOS-CIMI-CR-23-JL_S194_L001_R1_001.fastq.gz,forward
194-1307MOS-CIMI-CR-23-JL,/nfs/turbo/lsa-jbeehner/jlucore/CAT_GM_seqs/final_16S/194-1307MOS-CIMI-CR-23-JL_S194_L001_R2_001.fastq.gz,reverse
195-1455MOS-CIMI-CR-23-JL,/nfs/turbo/lsa-jbeehner/jlucore/CAT_GM_seqs/final_16S/195-1455MOS-CIMI-CR-23-JL_S195_L001_R1_001.fastq.gz,forward
195-1455MOS-CIMI-CR-23-JL,/nfs/turbo/lsa-jbeehner/jlucore/CAT_GM_seqs/final_16S/195-1455MOS-CIMI-CR-23-JL_S195_L001_R2_001.fastq.gz,reverse
196-567MOZ-CIMI-CR-23-JL,/nfs/turbo/lsa-jbeehner/jlucore/CAT_GM_seqs/final_16S/196-567MOZ-CIMI-CR-23-JL_S196_L001_R1_001.fastq.gz,forward
196-567MOZ-CIMI-CR-23-JL,/nfs/turbo/lsa-jbeehner/jlucore/CAT_GM_seqs/final_16S/196-567MOZ-CIMI-CR-23-JL_S196_L001_R2_001.fastq.gz,reverse
197-663MOZ-CIMI-CR-23-JL,/nfs/turbo/lsa-jbeehner/jlucore/CAT_GM_seqs/final_16S/197-663MOZ-CIMI-CR-23-JL_S197_L001_R1_001.fastq.gz,forward
197-663MOZ-CIMI-CR-23-JL,/nfs/turbo/lsa-jbeehner/jlucore/CAT_GM_seqs/final_16S/197-663MOZ-CIMI-CR-23-JL_S197_L001_R2_001.fastq.gz,reverse
198-711MOZ-CIMI-CR-23-JL,/nfs/turbo/lsa-jbeehner/jlucore/CAT_GM_seqs/final_16S/198-711MOZ-CIMI-CR-23-JL_S198_L001_R1_001.fastq.gz,forward
198-711MOZ-CIMI-CR-23-JL,/nfs/turbo/lsa-jbeehner/jlucore/CAT_GM_seqs/final_16S/198-711MOZ-CIMI-CR-23-JL_S198_L001_R2_001.fastq.gz,reverse
199-Neg10-04-23-CIMI-CR-23-JL,/nfs/turbo/lsa-jbeehner/jlucore/CAT_GM_seqs/final_16S/199-Neg10-04-23-CIMI-CR-23-JL_S199_L001_R1_001.fastq.gz,forward
199-Neg10-04-23-CIMI-CR-23-JL,/nfs/turbo/lsa-jbeehner/jlucore/CAT_GM_seqs/final_16S/199-Neg10-04-23-CIMI-CR-23-JL_S199_L001_R2_001.fastq.gz,reverse
200-770MOZ-CIMI-CR-23-JL,/nfs/turbo/lsa-jbeehner/jlucore/CAT_GM_seqs/final_16S/200-770MOZ-CIMI-CR-23-JL_S200_L001_R1_001.fastq.gz,forward
200-770MOZ-CIMI-CR-23-JL,/nfs/turbo/lsa-jbeehner/jlucore/CAT_GM_seqs/final_16S/200-770MOZ-CIMI-CR-23-JL_S200_L001_R2_001.fastq.gz,reverse
201-866MOZ-CIMI-CR-23-JL,/nfs/turbo/lsa-jbeehner/jlucore/CAT_GM_seqs/final_16S/201-866MOZ-CIMI-CR-23-JL_S201_L001_R1_001.fastq.gz,forward
201-866MOZ-CIMI-CR-23-JL,/nfs/turbo/lsa-jbeehner/jlucore/CAT_GM_seqs/final_16S/201-866MOZ-CIMI-CR-23-JL_S201_L001_R2_001.fastq.gz,reverse
202-979MOZ-CIMI-CR-23-JL,/nfs/turbo/lsa-jbeehner/jlucore/CAT_GM_seqs/final_16S/202-979MOZ-CIMI-CR-23-JL_S202_L001_R1_001.fastq.gz,forward
202-979MOZ-CIMI-CR-23-JL,/nfs/turbo/lsa-jbeehner/jlucore/CAT_GM_seqs/final_16S/202-979MOZ-CIMI-CR-23-JL_S202_L001_R2_001.fastq.gz,reverse
203-988MOZ-CIMI-CR-23-JL,/nfs/turbo/lsa-jbeehner/jlucore/CAT_GM_seqs/final_16S/203-988MOZ-CIMI-CR-23-JL_S203_L001_R1_001.fastq.gz,forward
203-988MOZ-CIMI-CR-23-JL,/nfs/turbo/lsa-jbeehner/jlucore/CAT_GM_seqs/final_16S/203-988MOZ-CIMI-CR-23-JL_S203_L001_R2_001.fastq.gz,reverse
204-1076MOZ-CIMI-CR-23-JL,/nfs/turbo/lsa-jbeehner/jlucore/CAT_GM_seqs/final_16S/204-1076MOZ-CIMI-CR-23-JL_S204_L001_R1_001.fastq.gz,forward
204-1076MOZ-CIMI-CR-23-JL,/nfs/turbo/lsa-jbeehner/jlucore/CAT_GM_seqs/final_16S/204-1076MOZ-CIMI-CR-23-JL_S204_L001_R2_001.fastq.gz,reverse
205-1184MOZ-CIMI-CR-23-JL,/nfs/turbo/lsa-jbeehner/jlucore/CAT_GM_seqs/final_16S/205-1184MOZ-CIMI-CR-23-JL_S205_L001_R1_001.fastq.gz,forward
205-1184MOZ-CIMI-CR-23-JL,/nfs/turbo/lsa-jbeehner/jlucore/CAT_GM_seqs/final_16S/205-1184MOZ-CIMI-CR-23-JL_S205_L001_R2_001.fastq.gz,reverse
206-1301MOZ-CIMI-CR-23-JL,/nfs/turbo/lsa-jbeehner/jlucore/CAT_GM_seqs/final_16S/206-1301MOZ-CIMI-CR-23-JL_S206_L001_R1_001.fastq.gz,forward
206-1301MOZ-CIMI-CR-23-JL,/nfs/turbo/lsa-jbeehner/jlucore/CAT_GM_seqs/final_16S/206-1301MOZ-CIMI-CR-23-JL_S206_L001_R2_001.fastq.gz,reverse
207-231MUL-CIMI-CR-23-JL,/nfs/turbo/lsa-jbeehner/jlucore/CAT_GM_seqs/final_16S/207-231MUL-CIMI-CR-23-JL_S207_L001_R1_001.fastq.gz,forward
207-231MUL-CIMI-CR-23-JL,/nfs/turbo/lsa-jbeehner/jlucore/CAT_GM_seqs/final_16S/207-231MUL-CIMI-CR-23-JL_S207_L001_R2_001.fastq.gz,reverse
208-364MUL-CIMI-CR-23-JL,/nfs/turbo/lsa-jbeehner/jlucore/CAT_GM_seqs/final_16S/208-364MUL-CIMI-CR-23-JL_S208_L001_R1_001.fastq.gz,forward
208-364MUL-CIMI-CR-23-JL,/nfs/turbo/lsa-jbeehner/jlucore/CAT_GM_seqs/final_16S/208-364MUL-CIMI-CR-23-JL_S208_L001_R2_001.fastq.gz,reverse
209-428MUL-CIMI-CR-23-JL,/nfs/turbo/lsa-jbeehner/jlucore/CAT_GM_seqs/final_16S/209-428MUL-CIMI-CR-23-JL_S209_L001_R1_001.fastq.gz,forward
209-428MUL-CIMI-CR-23-JL,/nfs/turbo/lsa-jbeehner/jlucore/CAT_GM_seqs/final_16S/209-428MUL-CIMI-CR-23-JL_S209_L001_R2_001.fastq.gz,reverse
210-497MUL-CIMI-CR-23-JL,/nfs/turbo/lsa-jbeehner/jlucore/CAT_GM_seqs/final_16S/210-497MUL-CIMI-CR-23-JL_S210_L001_R1_001.fastq.gz,forward
210-497MUL-CIMI-CR-23-JL,/nfs/turbo/lsa-jbeehner/jlucore/CAT_GM_seqs/final_16S/210-497MUL-CIMI-CR-23-JL_S210_L001_R2_001.fastq.gz,reverse
211-Neg10-5-23-CIMI-CR-23-JL,/nfs/turbo/lsa-jbeehner/jlucore/CAT_GM_seqs/final_16S/211-Neg10-5-23-CIMI-CR-23-JL_S211_L001_R1_001.fastq.gz,forward
211-Neg10-5-23-CIMI-CR-23-JL,/nfs/turbo/lsa-jbeehner/jlucore/CAT_GM_seqs/final_16S/211-Neg10-5-23-CIMI-CR-23-JL_S211_L001_R2_001.fastq.gz,reverse
212-566MUL-CIMI-CR-23-JL,/nfs/turbo/lsa-jbeehner/jlucore/CAT_GM_seqs/final_16S/212-566MUL-CIMI-CR-23-JL_S212_L001_R1_001.fastq.gz,forward
212-566MUL-CIMI-CR-23-JL,/nfs/turbo/lsa-jbeehner/jlucore/CAT_GM_seqs/final_16S/212-566MUL-CIMI-CR-23-JL_S212_L001_R2_001.fastq.gz,reverse
213-642MUL-CIMI-CR-23-JL,/nfs/turbo/lsa-jbeehner/jlucore/CAT_GM_seqs/final_16S/213-642MUL-CIMI-CR-23-JL_S213_L001_R1_001.fastq.gz,forward
213-642MUL-CIMI-CR-23-JL,/nfs/turbo/lsa-jbeehner/jlucore/CAT_GM_seqs/final_16S/213-642MUL-CIMI-CR-23-JL_S213_L001_R2_001.fastq.gz,reverse
214-698MUL-CIMI-CR-23-JL,/nfs/turbo/lsa-jbeehner/jlucore/CAT_GM_seqs/final_16S/214-698MUL-CIMI-CR-23-JL_S214_L001_R1_001.fastq.gz,forward
214-698MUL-CIMI-CR-23-JL,/nfs/turbo/lsa-jbeehner/jlucore/CAT_GM_seqs/final_16S/214-698MUL-CIMI-CR-23-JL_S214_L001_R2_001.fastq.gz,reverse
215-767MUL-CIMI-CR-23-JL,/nfs/turbo/lsa-jbeehner/jlucore/CAT_GM_seqs/final_16S/215-767MUL-CIMI-CR-23-JL_S215_L001_R1_001.fastq.gz,forward
215-767MUL-CIMI-CR-23-JL,/nfs/turbo/lsa-jbeehner/jlucore/CAT_GM_seqs/final_16S/215-767MUL-CIMI-CR-23-JL_S215_L001_R2_001.fastq.gz,reverse
216-803MUL-CIMI-CR-23-JL,/nfs/turbo/lsa-jbeehner/jlucore/CAT_GM_seqs/final_16S/216-803MUL-CIMI-CR-23-JL_S216_L001_R1_001.fastq.gz,forward
216-803MUL-CIMI-CR-23-JL,/nfs/turbo/lsa-jbeehner/jlucore/CAT_GM_seqs/final_16S/216-803MUL-CIMI-CR-23-JL_S216_L001_R2_001.fastq.gz,reverse
217-898MUL-CIMI-CR-23-JL,/nfs/turbo/lsa-jbeehner/jlucore/CAT_GM_seqs/final_16S/217-898MUL-CIMI-CR-23-JL_S217_L001_R1_001.fastq.gz,forward
217-898MUL-CIMI-CR-23-JL,/nfs/turbo/lsa-jbeehner/jlucore/CAT_GM_seqs/final_16S/217-898MUL-CIMI-CR-23-JL_S217_L001_R2_001.fastq.gz,reverse
218-Neg10-06-23-CIMI-CR-23-JL,/nfs/turbo/lsa-jbeehner/jlucore/CAT_GM_seqs/final_16S/218-Neg10-06-23-CIMI-CR-23-JL_S218_L001_R1_001.fastq.gz,forward
218-Neg10-06-23-CIMI-CR-23-JL,/nfs/turbo/lsa-jbeehner/jlucore/CAT_GM_seqs/final_16S/218-Neg10-06-23-CIMI-CR-23-JL_S218_L001_R2_001.fastq.gz,reverse
219-PCR1-Neg-10-16-pl2-CIMI-CR-23-JL,/nfs/turbo/lsa-jbeehner/jlucore/CAT_GM_seqs/final_16S/219-PCR1-Neg-10-16-pl2-CIMI-CR-23-JL_S219_L001_R1_001.fastq.gz,forward
219-PCR1-Neg-10-16-pl2-CIMI-CR-23-JL,/nfs/turbo/lsa-jbeehner/jlucore/CAT_GM_seqs/final_16S/219-PCR1-Neg-10-16-pl2-CIMI-CR-23-JL_S219_L001_R2_001.fastq.gz,reverse
220-996MUL-CIMI-CR-23-JL,/nfs/turbo/lsa-jbeehner/jlucore/CAT_GM_seqs/final_16S/220-996MUL-CIMI-CR-23-JL_S220_L001_R1_001.fastq.gz,forward
220-996MUL-CIMI-CR-23-JL,/nfs/turbo/lsa-jbeehner/jlucore/CAT_GM_seqs/final_16S/220-996MUL-CIMI-CR-23-JL_S220_L001_R2_001.fastq.gz,reverse
221-1005MUL-CIMI-CR-23-JL,/nfs/turbo/lsa-jbeehner/jlucore/CAT_GM_seqs/final_16S/221-1005MUL-CIMI-CR-23-JL_S221_L001_R1_001.fastq.gz,forward
221-1005MUL-CIMI-CR-23-JL,/nfs/turbo/lsa-jbeehner/jlucore/CAT_GM_seqs/final_16S/221-1005MUL-CIMI-CR-23-JL_S221_L001_R2_001.fastq.gz,reverse
222-1020MUL-CIMI-CR-23-JL,/nfs/turbo/lsa-jbeehner/jlucore/CAT_GM_seqs/final_16S/222-1020MUL-CIMI-CR-23-JL_S222_L001_R1_001.fastq.gz,forward
222-1020MUL-CIMI-CR-23-JL,/nfs/turbo/lsa-jbeehner/jlucore/CAT_GM_seqs/final_16S/222-1020MUL-CIMI-CR-23-JL_S222_L001_R2_001.fastq.gz,reverse
223-1079MUL-CIMI-CR-23-JL,/nfs/turbo/lsa-jbeehner/jlucore/CAT_GM_seqs/final_16S/223-1079MUL-CIMI-CR-23-JL_S223_L001_R1_001.fastq.gz,forward
223-1079MUL-CIMI-CR-23-JL,/nfs/turbo/lsa-jbeehner/jlucore/CAT_GM_seqs/final_16S/223-1079MUL-CIMI-CR-23-JL_S223_L001_R2_001.fastq.gz,reverse
224-1186MUL-CIMI-CR-23-JL,/nfs/turbo/lsa-jbeehner/jlucore/CAT_GM_seqs/final_16S/224-1186MUL-CIMI-CR-23-JL_S224_L001_R1_001.fastq.gz,forward
224-1186MUL-CIMI-CR-23-JL,/nfs/turbo/lsa-jbeehner/jlucore/CAT_GM_seqs/final_16S/224-1186MUL-CIMI-CR-23-JL_S224_L001_R2_001.fastq.gz,reverse
225-1370MUL-CIMI-CR-23-JL,/nfs/turbo/lsa-jbeehner/jlucore/CAT_GM_seqs/final_16S/225-1370MUL-CIMI-CR-23-JL_S225_L001_R1_001.fastq.gz,forward
225-1370MUL-CIMI-CR-23-JL,/nfs/turbo/lsa-jbeehner/jlucore/CAT_GM_seqs/final_16S/225-1370MUL-CIMI-CR-23-JL_S225_L001_R2_001.fastq.gz,reverse
226-1421MUL-CIMI-CR-23-JL,/nfs/turbo/lsa-jbeehner/jlucore/CAT_GM_seqs/final_16S/226-1421MUL-CIMI-CR-23-JL_S226_L001_R1_001.fastq.gz,forward
226-1421MUL-CIMI-CR-23-JL,/nfs/turbo/lsa-jbeehner/jlucore/CAT_GM_seqs/final_16S/226-1421MUL-CIMI-CR-23-JL_S226_L001_R2_001.fastq.gz,reverse
227-1481MUL-CIMI-CR-23-JL,/nfs/turbo/lsa-jbeehner/jlucore/CAT_GM_seqs/final_16S/227-1481MUL-CIMI-CR-23-JL_S227_L001_R1_001.fastq.gz,forward
227-1481MUL-CIMI-CR-23-JL,/nfs/turbo/lsa-jbeehner/jlucore/CAT_GM_seqs/final_16S/227-1481MUL-CIMI-CR-23-JL_S227_L001_R2_001.fastq.gz,reverse
228-1305MUL-CIMI-CR-23-JL,/nfs/turbo/lsa-jbeehner/jlucore/CAT_GM_seqs/final_16S/228-1305MUL-CIMI-CR-23-JL_S228_L001_R1_001.fastq.gz,forward
228-1305MUL-CIMI-CR-23-JL,/nfs/turbo/lsa-jbeehner/jlucore/CAT_GM_seqs/final_16S/228-1305MUL-CIMI-CR-23-JL_S228_L001_R2_001.fastq.gz,reverse
229-1316MUL-CIMI-CR-23-JL,/nfs/turbo/lsa-jbeehner/jlucore/CAT_GM_seqs/final_16S/229-1316MUL-CIMI-CR-23-JL_S229_L001_R1_001.fastq.gz,forward
229-1316MUL-CIMI-CR-23-JL,/nfs/turbo/lsa-jbeehner/jlucore/CAT_GM_seqs/final_16S/229-1316MUL-CIMI-CR-23-JL_S229_L001_R2_001.fastq.gz,reverse
230-1329MUL-CIMI-CR-23-JL,/nfs/turbo/lsa-jbeehner/jlucore/CAT_GM_seqs/final_16S/230-1329MUL-CIMI-CR-23-JL_S230_L001_R1_001.fastq.gz,forward
230-1329MUL-CIMI-CR-23-JL,/nfs/turbo/lsa-jbeehner/jlucore/CAT_GM_seqs/final_16S/230-1329MUL-CIMI-CR-23-JL_S230_L001_R2_001.fastq.gz,reverse
231-1500MUL-CIMI-CR-23-JL,/nfs/turbo/lsa-jbeehner/jlucore/CAT_GM_seqs/final_16S/231-1500MUL-CIMI-CR-23-JL_S231_L001_R1_001.fastq.gz,forward
231-1500MUL-CIMI-CR-23-JL,/nfs/turbo/lsa-jbeehner/jlucore/CAT_GM_seqs/final_16S/231-1500MUL-CIMI-CR-23-JL_S231_L001_R2_001.fastq.gz,reverse
232-227MUL-CIMI-CR-23-JL,/nfs/turbo/lsa-jbeehner/jlucore/CAT_GM_seqs/final_16S/232-227MUL-CIMI-CR-23-JL_S232_L001_R1_001.fastq.gz,forward
232-227MUL-CIMI-CR-23-JL,/nfs/turbo/lsa-jbeehner/jlucore/CAT_GM_seqs/final_16S/232-227MUL-CIMI-CR-23-JL_S232_L001_R2_001.fastq.gz,reverse
233-365MUL-CIMI-CR-23-JL,/nfs/turbo/lsa-jbeehner/jlucore/CAT_GM_seqs/final_16S/233-365MUL-CIMI-CR-23-JL_S233_L001_R1_001.fastq.gz,forward
233-365MUL-CIMI-CR-23-JL,/nfs/turbo/lsa-jbeehner/jlucore/CAT_GM_seqs/final_16S/233-365MUL-CIMI-CR-23-JL_S233_L001_R2_001.fastq.gz,reverse
234-498MUL-CIMI-CR-23-JL,/nfs/turbo/lsa-jbeehner/jlucore/CAT_GM_seqs/final_16S/234-498MUL-CIMI-CR-23-JL_S234_L001_R1_001.fastq.gz,forward
234-498MUL-CIMI-CR-23-JL,/nfs/turbo/lsa-jbeehner/jlucore/CAT_GM_seqs/final_16S/234-498MUL-CIMI-CR-23-JL_S234_L001_R2_001.fastq.gz,reverse
235-525MUL-CIMI-CR-23-JL,/nfs/turbo/lsa-jbeehner/jlucore/CAT_GM_seqs/final_16S/235-525MUL-CIMI-CR-23-JL_S235_L001_R1_001.fastq.gz,forward
235-525MUL-CIMI-CR-23-JL,/nfs/turbo/lsa-jbeehner/jlucore/CAT_GM_seqs/final_16S/235-525MUL-CIMI-CR-23-JL_S235_L001_R2_001.fastq.gz,reverse
236-Neg-10-09-23-CIMI-CR-23-JL,/nfs/turbo/lsa-jbeehner/jlucore/CAT_GM_seqs/final_16S/236-Neg-10-09-23-CIMI-CR-23-JL_S236_L001_R1_001.fastq.gz,forward
236-Neg-10-09-23-CIMI-CR-23-JL,/nfs/turbo/lsa-jbeehner/jlucore/CAT_GM_seqs/final_16S/236-Neg-10-09-23-CIMI-CR-23-JL_S236_L001_R2_001.fastq.gz,reverse
237-646MUS-CIMI-CR-23-JL,/nfs/turbo/lsa-jbeehner/jlucore/CAT_GM_seqs/final_16S/237-646MUS-CIMI-CR-23-JL_S237_L001_R1_001.fastq.gz,forward
237-646MUS-CIMI-CR-23-JL,/nfs/turbo/lsa-jbeehner/jlucore/CAT_GM_seqs/final_16S/237-646MUS-CIMI-CR-23-JL_S237_L001_R2_001.fastq.gz,reverse
238-692MUS-CIMI-CR-23-JL,/nfs/turbo/lsa-jbeehner/jlucore/CAT_GM_seqs/final_16S/238-692MUS-CIMI-CR-23-JL_S238_L001_R1_001.fastq.gz,forward
238-692MUS-CIMI-CR-23-JL,/nfs/turbo/lsa-jbeehner/jlucore/CAT_GM_seqs/final_16S/238-692MUS-CIMI-CR-23-JL_S238_L001_R2_001.fastq.gz,reverse
239-791MUS-CIMI-CR-23-JL,/nfs/turbo/lsa-jbeehner/jlucore/CAT_GM_seqs/final_16S/239-791MUS-CIMI-CR-23-JL_S239_L001_R1_001.fastq.gz,forward
239-791MUS-CIMI-CR-23-JL,/nfs/turbo/lsa-jbeehner/jlucore/CAT_GM_seqs/final_16S/239-791MUS-CIMI-CR-23-JL_S239_L001_R2_001.fastq.gz,reverse
240-886MUS-CIMI-CR-23-JL,/nfs/turbo/lsa-jbeehner/jlucore/CAT_GM_seqs/final_16S/240-886MUS-CIMI-CR-23-JL_S240_L001_R1_001.fastq.gz,forward
240-886MUS-CIMI-CR-23-JL,/nfs/turbo/lsa-jbeehner/jlucore/CAT_GM_seqs/final_16S/240-886MUS-CIMI-CR-23-JL_S240_L001_R2_001.fastq.gz,reverse
241-987MUS-CIMI-CR-23-JL,/nfs/turbo/lsa-jbeehner/jlucore/CAT_GM_seqs/final_16S/241-987MUS-CIMI-CR-23-JL_S241_L001_R1_001.fastq.gz,forward
241-987MUS-CIMI-CR-23-JL,/nfs/turbo/lsa-jbeehner/jlucore/CAT_GM_seqs/final_16S/241-987MUS-CIMI-CR-23-JL_S241_L001_R2_001.fastq.gz,reverse
242-1018MUS-CIMI-CR-23-JL,/nfs/turbo/lsa-jbeehner/jlucore/CAT_GM_seqs/final_16S/242-1018MUS-CIMI-CR-23-JL_S242_L001_R1_001.fastq.gz,forward
242-1018MUS-CIMI-CR-23-JL,/nfs/turbo/lsa-jbeehner/jlucore/CAT_GM_seqs/final_16S/242-1018MUS-CIMI-CR-23-JL_S242_L001_R2_001.fastq.gz,reverse
243-1193MUS-CIMI-CR-23-JL,/nfs/turbo/lsa-jbeehner/jlucore/CAT_GM_seqs/final_16S/243-1193MUS-CIMI-CR-23-JL_S243_L001_R1_001.fastq.gz,forward
243-1193MUS-CIMI-CR-23-JL,/nfs/turbo/lsa-jbeehner/jlucore/CAT_GM_seqs/final_16S/243-1193MUS-CIMI-CR-23-JL_S243_L001_R2_001.fastq.gz,reverse
244-1300MUS-CIMI-CR-23-JL,/nfs/turbo/lsa-jbeehner/jlucore/CAT_GM_seqs/final_16S/244-1300MUS-CIMI-CR-23-JL_S244_L001_R1_001.fastq.gz,forward
244-1300MUS-CIMI-CR-23-JL,/nfs/turbo/lsa-jbeehner/jlucore/CAT_GM_seqs/final_16S/244-1300MUS-CIMI-CR-23-JL_S244_L001_R2_001.fastq.gz,reverse
245-1483MUS-CIMI-CR-23-JL,/nfs/turbo/lsa-jbeehner/jlucore/CAT_GM_seqs/final_16S/245-1483MUS-CIMI-CR-23-JL_S245_L001_R1_001.fastq.gz,forward
245-1483MUS-CIMI-CR-23-JL,/nfs/turbo/lsa-jbeehner/jlucore/CAT_GM_seqs/final_16S/245-1483MUS-CIMI-CR-23-JL_S245_L001_R2_001.fastq.gz,reverse
246-158MYK-CIMI-CR-23-JL,/nfs/turbo/lsa-jbeehner/jlucore/CAT_GM_seqs/final_16S/246-158MYK-CIMI-CR-23-JL_S246_L001_R1_001.fastq.gz,forward
246-158MYK-CIMI-CR-23-JL,/nfs/turbo/lsa-jbeehner/jlucore/CAT_GM_seqs/final_16S/246-158MYK-CIMI-CR-23-JL_S246_L001_R2_001.fastq.gz,reverse
247-226MYK-CIMI-CR-23-JL,/nfs/turbo/lsa-jbeehner/jlucore/CAT_GM_seqs/final_16S/247-226MYK-CIMI-CR-23-JL_S247_L001_R1_001.fastq.gz,forward
247-226MYK-CIMI-CR-23-JL,/nfs/turbo/lsa-jbeehner/jlucore/CAT_GM_seqs/final_16S/247-226MYK-CIMI-CR-23-JL_S247_L001_R2_001.fastq.gz,reverse
248-304MYK-CIMI-CR-23-JL,/nfs/turbo/lsa-jbeehner/jlucore/CAT_GM_seqs/final_16S/248-304MYK-CIMI-CR-23-JL_S248_L001_R1_001.fastq.gz,forward
248-304MYK-CIMI-CR-23-JL,/nfs/turbo/lsa-jbeehner/jlucore/CAT_GM_seqs/final_16S/248-304MYK-CIMI-CR-23-JL_S248_L001_R2_001.fastq.gz,reverse
249-1298mos-CIMI-CR-23-JL,/nfs/turbo/lsa-jbeehner/jlucore/CAT_GM_seqs/final_16S/249-1298mos-CIMI-CR-23-JL_S249_L001_R1_001.fastq.gz,forward
249-1298mos-CIMI-CR-23-JL,/nfs/turbo/lsa-jbeehner/jlucore/CAT_GM_seqs/final_16S/249-1298mos-CIMI-CR-23-JL_S249_L001_R2_001.fastq.gz,reverse
250-Neg-10-10-23-CIMI-CR-23-JL,/nfs/turbo/lsa-jbeehner/jlucore/CAT_GM_seqs/final_16S/250-Neg-10-10-23-CIMI-CR-23-JL_S250_L001_R1_001.fastq.gz,forward
250-Neg-10-10-23-CIMI-CR-23-JL,/nfs/turbo/lsa-jbeehner/jlucore/CAT_GM_seqs/final_16S/250-Neg-10-10-23-CIMI-CR-23-JL_S250_L001_R2_001.fastq.gz,reverse
251-PCR1Neg10-12-23-CIMI-CR-23-JL,/nfs/turbo/lsa-jbeehner/jlucore/CAT_GM_seqs/final_16S/251-PCR1Neg10-12-23-CIMI-CR-23-JL_S251_L001_R1_001.fastq.gz,forward
251-PCR1Neg10-12-23-CIMI-CR-23-JL,/nfs/turbo/lsa-jbeehner/jlucore/CAT_GM_seqs/final_16S/251-PCR1Neg10-12-23-CIMI-CR-23-JL_S251_L001_R2_001.fastq.gz,reverse
252-305MOZ-CIMI-CR-23-JL,/nfs/turbo/lsa-jbeehner/jlucore/CAT_GM_seqs/final_16S/252-305MOZ-CIMI-CR-23-JL_S252_L001_R1_001.fastq.gz,forward
252-305MOZ-CIMI-CR-23-JL,/nfs/turbo/lsa-jbeehner/jlucore/CAT_GM_seqs/final_16S/252-305MOZ-CIMI-CR-23-JL_S252_L001_R2_001.fastq.gz,reverse
253-392MOZ-CIMI-CR-23-JL,/nfs/turbo/lsa-jbeehner/jlucore/CAT_GM_seqs/final_16S/253-392MOZ-CIMI-CR-23-JL_S253_L001_R1_001.fastq.gz,forward
253-392MOZ-CIMI-CR-23-JL,/nfs/turbo/lsa-jbeehner/jlucore/CAT_GM_seqs/final_16S/253-392MOZ-CIMI-CR-23-JL_S253_L001_R2_001.fastq.gz,reverse
254-410MOZ-CIMI-CR-23-JL,/nfs/turbo/lsa-jbeehner/jlucore/CAT_GM_seqs/final_16S/254-410MOZ-CIMI-CR-23-JL_S254_L001_R1_001.fastq.gz,forward
254-410MOZ-CIMI-CR-23-JL,/nfs/turbo/lsa-jbeehner/jlucore/CAT_GM_seqs/final_16S/254-410MOZ-CIMI-CR-23-JL_S254_L001_R2_001.fastq.gz,reverse
255-Neg-08-30-23-CIMI-CR-23-JL,/nfs/turbo/lsa-jbeehner/jlucore/CAT_GM_seqs/final_16S/255-Neg-08-30-23-CIMI-CR-23-JL_S255_L001_R1_001.fastq.gz,forward
255-Neg-08-30-23-CIMI-CR-23-JL,/nfs/turbo/lsa-jbeehner/jlucore/CAT_GM_seqs/final_16S/255-Neg-08-30-23-CIMI-CR-23-JL_S255_L001_R2_001.fastq.gz,reverse
256-154MAY-CIMI-CR-23-JL,/nfs/turbo/lsa-jbeehner/jlucore/CAT_GM_seqs/final_16S/256-154MAY-CIMI-CR-23-JL_S256_L001_R1_001.fastq.gz,forward
256-154MAY-CIMI-CR-23-JL,/nfs/turbo/lsa-jbeehner/jlucore/CAT_GM_seqs/final_16S/256-154MAY-CIMI-CR-23-JL_S256_L001_R2_001.fastq.gz,reverse
257-217MAY-CIMI-CR-23-JL,/nfs/turbo/lsa-jbeehner/jlucore/CAT_GM_seqs/final_16S/257-217MAY-CIMI-CR-23-JL_S257_L001_R1_001.fastq.gz,forward
257-217MAY-CIMI-CR-23-JL,/nfs/turbo/lsa-jbeehner/jlucore/CAT_GM_seqs/final_16S/257-217MAY-CIMI-CR-23-JL_S257_L001_R2_001.fastq.gz,reverse
258-431MAY-CIMI-CR-23-JL,/nfs/turbo/lsa-jbeehner/jlucore/CAT_GM_seqs/final_16S/258-431MAY-CIMI-CR-23-JL_S258_L001_R1_001.fastq.gz,forward
258-431MAY-CIMI-CR-23-JL,/nfs/turbo/lsa-jbeehner/jlucore/CAT_GM_seqs/final_16S/258-431MAY-CIMI-CR-23-JL_S258_L001_R2_001.fastq.gz,reverse
259-657MAY-CIMI-CR-23-JL,/nfs/turbo/lsa-jbeehner/jlucore/CAT_GM_seqs/final_16S/259-657MAY-CIMI-CR-23-JL_S259_L001_R1_001.fastq.gz,forward
259-657MAY-CIMI-CR-23-JL,/nfs/turbo/lsa-jbeehner/jlucore/CAT_GM_seqs/final_16S/259-657MAY-CIMI-CR-23-JL_S259_L001_R2_001.fastq.gz,reverse
260-747MAY-CIMI-CR-23-JL,/nfs/turbo/lsa-jbeehner/jlucore/CAT_GM_seqs/final_16S/260-747MAY-CIMI-CR-23-JL_S260_L001_R1_001.fastq.gz,forward
260-747MAY-CIMI-CR-23-JL,/nfs/turbo/lsa-jbeehner/jlucore/CAT_GM_seqs/final_16S/260-747MAY-CIMI-CR-23-JL_S260_L001_R2_001.fastq.gz,reverse
261-900MAY-CIMI-CR-23-JL,/nfs/turbo/lsa-jbeehner/jlucore/CAT_GM_seqs/final_16S/261-900MAY-CIMI-CR-23-JL_S261_L001_R1_001.fastq.gz,forward
261-900MAY-CIMI-CR-23-JL,/nfs/turbo/lsa-jbeehner/jlucore/CAT_GM_seqs/final_16S/261-900MAY-CIMI-CR-23-JL_S261_L001_R2_001.fastq.gz,reverse
262-1246May-CIMI-CR-23-JL,/nfs/turbo/lsa-jbeehner/jlucore/CAT_GM_seqs/final_16S/262-1246May-CIMI-CR-23-JL_S262_L001_R1_001.fastq.gz,forward
262-1246May-CIMI-CR-23-JL,/nfs/turbo/lsa-jbeehner/jlucore/CAT_GM_seqs/final_16S/262-1246May-CIMI-CR-23-JL_S262_L001_R2_001.fastq.gz,reverse
263-Neg-09-18-23-CIMI-CR-23-JL,/nfs/turbo/lsa-jbeehner/jlucore/CAT_GM_seqs/final_16S/263-Neg-09-18-23-CIMI-CR-23-JL_S263_L001_R1_001.fastq.gz,forward
263-Neg-09-18-23-CIMI-CR-23-JL,/nfs/turbo/lsa-jbeehner/jlucore/CAT_GM_seqs/final_16S/263-Neg-09-18-23-CIMI-CR-23-JL_S263_L001_R2_001.fastq.gz,reverse
264-1289May-CIMI-CR-23-JL,/nfs/turbo/lsa-jbeehner/jlucore/CAT_GM_seqs/final_16S/264-1289May-CIMI-CR-23-JL_S264_L001_R1_001.fastq.gz,forward
264-1289May-CIMI-CR-23-JL,/nfs/turbo/lsa-jbeehner/jlucore/CAT_GM_seqs/final_16S/264-1289May-CIMI-CR-23-JL_S264_L001_R2_001.fastq.gz,reverse
265-1299May-CIMI-CR-23-JL,/nfs/turbo/lsa-jbeehner/jlucore/CAT_GM_seqs/final_16S/265-1299May-CIMI-CR-23-JL_S265_L001_R1_001.fastq.gz,forward
265-1299May-CIMI-CR-23-JL,/nfs/turbo/lsa-jbeehner/jlucore/CAT_GM_seqs/final_16S/265-1299May-CIMI-CR-23-JL_S265_L001_R2_001.fastq.gz,reverse
266-1309May-CIMI-CR-23-JL,/nfs/turbo/lsa-jbeehner/jlucore/CAT_GM_seqs/final_16S/266-1309May-CIMI-CR-23-JL_S266_L001_R1_001.fastq.gz,forward
266-1309May-CIMI-CR-23-JL,/nfs/turbo/lsa-jbeehner/jlucore/CAT_GM_seqs/final_16S/266-1309May-CIMI-CR-23-JL_S266_L001_R2_001.fastq.gz,reverse
267-1391May-CIMI-CR-23-JL,/nfs/turbo/lsa-jbeehner/jlucore/CAT_GM_seqs/final_16S/267-1391May-CIMI-CR-23-JL_S267_L001_R1_001.fastq.gz,forward
267-1391May-CIMI-CR-23-JL,/nfs/turbo/lsa-jbeehner/jlucore/CAT_GM_seqs/final_16S/267-1391May-CIMI-CR-23-JL_S267_L001_R2_001.fastq.gz,reverse
268-1427May-CIMI-CR-23-JL,/nfs/turbo/lsa-jbeehner/jlucore/CAT_GM_seqs/final_16S/268-1427May-CIMI-CR-23-JL_S268_L001_R1_001.fastq.gz,forward
268-1427May-CIMI-CR-23-JL,/nfs/turbo/lsa-jbeehner/jlucore/CAT_GM_seqs/final_16S/268-1427May-CIMI-CR-23-JL_S268_L001_R2_001.fastq.gz,reverse
269-1274MOW-CIMI-CR-23-JL,/nfs/turbo/lsa-jbeehner/jlucore/CAT_GM_seqs/final_16S/269-1274MOW-CIMI-CR-23-JL_S269_L001_R1_001.fastq.gz,forward
269-1274MOW-CIMI-CR-23-JL,/nfs/turbo/lsa-jbeehner/jlucore/CAT_GM_seqs/final_16S/269-1274MOW-CIMI-CR-23-JL_S269_L001_R2_001.fastq.gz,reverse
270-1503May-CIMI-CR-23-JL,/nfs/turbo/lsa-jbeehner/jlucore/CAT_GM_seqs/final_16S/270-1503May-CIMI-CR-23-JL_S270_L001_R1_001.fastq.gz,forward
270-1503May-CIMI-CR-23-JL,/nfs/turbo/lsa-jbeehner/jlucore/CAT_GM_seqs/final_16S/270-1503May-CIMI-CR-23-JL_S270_L001_R2_001.fastq.gz,reverse
271-688MOW-CIMI-CR-23-JL,/nfs/turbo/lsa-jbeehner/jlucore/CAT_GM_seqs/final_16S/271-688MOW-CIMI-CR-23-JL_S271_L001_R1_001.fastq.gz,forward
271-688MOW-CIMI-CR-23-JL,/nfs/turbo/lsa-jbeehner/jlucore/CAT_GM_seqs/final_16S/271-688MOW-CIMI-CR-23-JL_S271_L001_R2_001.fastq.gz,reverse
272-771MOW-CIMI-CR-23-JL,/nfs/turbo/lsa-jbeehner/jlucore/CAT_GM_seqs/final_16S/272-771MOW-CIMI-CR-23-JL_S272_L001_R1_001.fastq.gz,forward
272-771MOW-CIMI-CR-23-JL,/nfs/turbo/lsa-jbeehner/jlucore/CAT_GM_seqs/final_16S/272-771MOW-CIMI-CR-23-JL_S272_L001_R2_001.fastq.gz,reverse
273-Neg-09-19-23-CIMI-CR-23-JL,/nfs/turbo/lsa-jbeehner/jlucore/CAT_GM_seqs/final_16S/273-Neg-09-19-23-CIMI-CR-23-JL_S273_L001_R1_001.fastq.gz,forward
273-Neg-09-19-23-CIMI-CR-23-JL,/nfs/turbo/lsa-jbeehner/jlucore/CAT_GM_seqs/final_16S/273-Neg-09-19-23-CIMI-CR-23-JL_S273_L001_R2_001.fastq.gz,reverse
274-1313MOW-CIMI-CR-23-JL,/nfs/turbo/lsa-jbeehner/jlucore/CAT_GM_seqs/final_16S/274-1313MOW-CIMI-CR-23-JL_S274_L001_R1_001.fastq.gz,forward
274-1313MOW-CIMI-CR-23-JL,/nfs/turbo/lsa-jbeehner/jlucore/CAT_GM_seqs/final_16S/274-1313MOW-CIMI-CR-23-JL_S274_L001_R2_001.fastq.gz,reverse
275-1388MOW-CIMI-CR-23-JL,/nfs/turbo/lsa-jbeehner/jlucore/CAT_GM_seqs/final_16S/275-1388MOW-CIMI-CR-23-JL_S275_L001_R1_001.fastq.gz,forward
275-1388MOW-CIMI-CR-23-JL,/nfs/turbo/lsa-jbeehner/jlucore/CAT_GM_seqs/final_16S/275-1388MOW-CIMI-CR-23-JL_S275_L001_R2_001.fastq.gz,reverse
276-1454MOW-CIMI-CR-23-JL,/nfs/turbo/lsa-jbeehner/jlucore/CAT_GM_seqs/final_16S/276-1454MOW-CIMI-CR-23-JL_S276_L001_R1_001.fastq.gz,forward
276-1454MOW-CIMI-CR-23-JL,/nfs/turbo/lsa-jbeehner/jlucore/CAT_GM_seqs/final_16S/276-1454MOW-CIMI-CR-23-JL_S276_L001_R2_001.fastq.gz,reverse
277-149MAN-CIMI-CR-23-JL,/nfs/turbo/lsa-jbeehner/jlucore/CAT_GM_seqs/final_16S/277-149MAN-CIMI-CR-23-JL_S277_L001_R1_001.fastq.gz,forward
277-149MAN-CIMI-CR-23-JL,/nfs/turbo/lsa-jbeehner/jlucore/CAT_GM_seqs/final_16S/277-149MAN-CIMI-CR-23-JL_S277_L001_R2_001.fastq.gz,reverse
278-309MAN-CIMI-CR-23-JL,/nfs/turbo/lsa-jbeehner/jlucore/CAT_GM_seqs/final_16S/278-309MAN-CIMI-CR-23-JL_S278_L001_R1_001.fastq.gz,forward
278-309MAN-CIMI-CR-23-JL,/nfs/turbo/lsa-jbeehner/jlucore/CAT_GM_seqs/final_16S/278-309MAN-CIMI-CR-23-JL_S278_L001_R2_001.fastq.gz,reverse
279-362MAN-CIMI-CR-23-JL,/nfs/turbo/lsa-jbeehner/jlucore/CAT_GM_seqs/final_16S/279-362MAN-CIMI-CR-23-JL_S279_L001_R1_001.fastq.gz,forward
279-362MAN-CIMI-CR-23-JL,/nfs/turbo/lsa-jbeehner/jlucore/CAT_GM_seqs/final_16S/279-362MAN-CIMI-CR-23-JL_S279_L001_R2_001.fastq.gz,reverse
280-423MAN-CIMI-CR-23-JL,/nfs/turbo/lsa-jbeehner/jlucore/CAT_GM_seqs/final_16S/280-423MAN-CIMI-CR-23-JL_S280_L001_R1_001.fastq.gz,forward
280-423MAN-CIMI-CR-23-JL,/nfs/turbo/lsa-jbeehner/jlucore/CAT_GM_seqs/final_16S/280-423MAN-CIMI-CR-23-JL_S280_L001_R2_001.fastq.gz,reverse
281-693MAN-CIMI-CR-23-JL,/nfs/turbo/lsa-jbeehner/jlucore/CAT_GM_seqs/final_16S/281-693MAN-CIMI-CR-23-JL_S281_L001_R1_001.fastq.gz,forward
281-693MAN-CIMI-CR-23-JL,/nfs/turbo/lsa-jbeehner/jlucore/CAT_GM_seqs/final_16S/281-693MAN-CIMI-CR-23-JL_S281_L001_R2_001.fastq.gz,reverse
282-Neg-09-21-23-CIMI-CR-23-JL,/nfs/turbo/lsa-jbeehner/jlucore/CAT_GM_seqs/final_16S/282-Neg-09-21-23-CIMI-CR-23-JL_S282_L001_R1_001.fastq.gz,forward
282-Neg-09-21-23-CIMI-CR-23-JL,/nfs/turbo/lsa-jbeehner/jlucore/CAT_GM_seqs/final_16S/282-Neg-09-21-23-CIMI-CR-23-JL_S282_L001_R2_001.fastq.gz,reverse
283-PCR1Neg10-16-23-CIMI-CR-23-JL,/nfs/turbo/lsa-jbeehner/jlucore/CAT_GM_seqs/final_16S/283-PCR1Neg10-16-23-CIMI-CR-23-JL_S283_L001_R1_001.fastq.gz,forward
283-PCR1Neg10-16-23-CIMI-CR-23-JL,/nfs/turbo/lsa-jbeehner/jlucore/CAT_GM_seqs/final_16S/283-PCR1Neg10-16-23-CIMI-CR-23-JL_S283_L001_R2_001.fastq.gz,reverse
284-493MYK-CIMI-CR-23-JL,/nfs/turbo/lsa-jbeehner/jlucore/CAT_GM_seqs/final_16S/284-493MYK-CIMI-CR-23-JL_S284_L001_R1_001.fastq.gz,forward
284-493MYK-CIMI-CR-23-JL,/nfs/turbo/lsa-jbeehner/jlucore/CAT_GM_seqs/final_16S/284-493MYK-CIMI-CR-23-JL_S284_L001_R2_001.fastq.gz,reverse
285-564MYK-CIMI-CR-23-JL,/nfs/turbo/lsa-jbeehner/jlucore/CAT_GM_seqs/final_16S/285-564MYK-CIMI-CR-23-JL_S285_L001_R1_001.fastq.gz,forward
285-564MYK-CIMI-CR-23-JL,/nfs/turbo/lsa-jbeehner/jlucore/CAT_GM_seqs/final_16S/285-564MYK-CIMI-CR-23-JL_S285_L001_R2_001.fastq.gz,reverse
286-649MYK-CIMI-CR-23-JL,/nfs/turbo/lsa-jbeehner/jlucore/CAT_GM_seqs/final_16S/286-649MYK-CIMI-CR-23-JL_S286_L001_R1_001.fastq.gz,forward
286-649MYK-CIMI-CR-23-JL,/nfs/turbo/lsa-jbeehner/jlucore/CAT_GM_seqs/final_16S/286-649MYK-CIMI-CR-23-JL_S286_L001_R2_001.fastq.gz,reverse
287-772MYK-CIMI-CR-23-JL,/nfs/turbo/lsa-jbeehner/jlucore/CAT_GM_seqs/final_16S/287-772MYK-CIMI-CR-23-JL_S287_L001_R1_001.fastq.gz,forward
287-772MYK-CIMI-CR-23-JL,/nfs/turbo/lsa-jbeehner/jlucore/CAT_GM_seqs/final_16S/287-772MYK-CIMI-CR-23-JL_S287_L001_R2_001.fastq.gz,reverse
288-PCR2-Plt3-neg-CIMI-CR-23-JL,/nfs/turbo/lsa-jbeehner/jlucore/CAT_GM_seqs/final_16S/288-PCR2-Plt3-neg-CIMI-CR-23-JL_S288_L001_R1_001.fastq.gz,forward
288-PCR2-Plt3-neg-CIMI-CR-23-JL,/nfs/turbo/lsa-jbeehner/jlucore/CAT_GM_seqs/final_16S/288-PCR2-Plt3-neg-CIMI-CR-23-JL_S288_L001_R2_001.fastq.gz,reverse
289-861MYK-CIMI-CR-23-JL,/nfs/turbo/lsa-jbeehner/jlucore/CAT_GM_seqs/final_16S/289-861MYK-CIMI-CR-23-JL_S289_L001_R1_001.fastq.gz,forward
289-861MYK-CIMI-CR-23-JL,/nfs/turbo/lsa-jbeehner/jlucore/CAT_GM_seqs/final_16S/289-861MYK-CIMI-CR-23-JL_S289_L001_R2_001.fastq.gz,reverse
290-908MYK-CIMI-CR-23-JL,/nfs/turbo/lsa-jbeehner/jlucore/CAT_GM_seqs/final_16S/290-908MYK-CIMI-CR-23-JL_S290_L001_R1_001.fastq.gz,forward
290-908MYK-CIMI-CR-23-JL,/nfs/turbo/lsa-jbeehner/jlucore/CAT_GM_seqs/final_16S/290-908MYK-CIMI-CR-23-JL_S290_L001_R2_001.fastq.gz,reverse
291-997MYK-CIMI-CR-23-JL,/nfs/turbo/lsa-jbeehner/jlucore/CAT_GM_seqs/final_16S/291-997MYK-CIMI-CR-23-JL_S291_L001_R1_001.fastq.gz,forward
291-997MYK-CIMI-CR-23-JL,/nfs/turbo/lsa-jbeehner/jlucore/CAT_GM_seqs/final_16S/291-997MYK-CIMI-CR-23-JL_S291_L001_R2_001.fastq.gz,reverse
292-1069MYK-CIMI-CR-23-JL,/nfs/turbo/lsa-jbeehner/jlucore/CAT_GM_seqs/final_16S/292-1069MYK-CIMI-CR-23-JL_S292_L001_R1_001.fastq.gz,forward
292-1069MYK-CIMI-CR-23-JL,/nfs/turbo/lsa-jbeehner/jlucore/CAT_GM_seqs/final_16S/292-1069MYK-CIMI-CR-23-JL_S292_L001_R2_001.fastq.gz,reverse
293-1188MYK-CIMI-CR-23-JL,/nfs/turbo/lsa-jbeehner/jlucore/CAT_GM_seqs/final_16S/293-1188MYK-CIMI-CR-23-JL_S293_L001_R1_001.fastq.gz,forward
293-1188MYK-CIMI-CR-23-JL,/nfs/turbo/lsa-jbeehner/jlucore/CAT_GM_seqs/final_16S/293-1188MYK-CIMI-CR-23-JL_S293_L001_R2_001.fastq.gz,reverse
294-1308MYK-CIMI-CR-23-JL,/nfs/turbo/lsa-jbeehner/jlucore/CAT_GM_seqs/final_16S/294-1308MYK-CIMI-CR-23-JL_S294_L001_R1_001.fastq.gz,forward
294-1308MYK-CIMI-CR-23-JL,/nfs/turbo/lsa-jbeehner/jlucore/CAT_GM_seqs/final_16S/294-1308MYK-CIMI-CR-23-JL_S294_L001_R2_001.fastq.gz,reverse
295-1368MYK-CIMI-CR-23-JL,/nfs/turbo/lsa-jbeehner/jlucore/CAT_GM_seqs/final_16S/295-1368MYK-CIMI-CR-23-JL_S295_L001_R1_001.fastq.gz,forward
295-1368MYK-CIMI-CR-23-JL,/nfs/turbo/lsa-jbeehner/jlucore/CAT_GM_seqs/final_16S/295-1368MYK-CIMI-CR-23-JL_S295_L001_R2_001.fastq.gz,reverse
296-1440MYK-CIMI-CR-23-JL,/nfs/turbo/lsa-jbeehner/jlucore/CAT_GM_seqs/final_16S/296-1440MYK-CIMI-CR-23-JL_S296_L001_R1_001.fastq.gz,forward
296-1440MYK-CIMI-CR-23-JL,/nfs/turbo/lsa-jbeehner/jlucore/CAT_GM_seqs/final_16S/296-1440MYK-CIMI-CR-23-JL_S296_L001_R2_001.fastq.gz,reverse
297-1445MYK-CIMI-CR-23-JL,/nfs/turbo/lsa-jbeehner/jlucore/CAT_GM_seqs/final_16S/297-1445MYK-CIMI-CR-23-JL_S297_L001_R1_001.fastq.gz,forward
297-1445MYK-CIMI-CR-23-JL,/nfs/turbo/lsa-jbeehner/jlucore/CAT_GM_seqs/final_16S/297-1445MYK-CIMI-CR-23-JL_S297_L001_R2_001.fastq.gz,reverse
298-1476MYK-CIMI-CR-23-JL,/nfs/turbo/lsa-jbeehner/jlucore/CAT_GM_seqs/final_16S/298-1476MYK-CIMI-CR-23-JL_S298_L001_R1_001.fastq.gz,forward
298-1476MYK-CIMI-CR-23-JL,/nfs/turbo/lsa-jbeehner/jlucore/CAT_GM_seqs/final_16S/298-1476MYK-CIMI-CR-23-JL_S298_L001_R2_001.fastq.gz,reverse
299-238PAC-CIMI-CR-23-JL,/nfs/turbo/lsa-jbeehner/jlucore/CAT_GM_seqs/final_16S/299-238PAC-CIMI-CR-23-JL_S299_L001_R1_001.fastq.gz,forward
299-238PAC-CIMI-CR-23-JL,/nfs/turbo/lsa-jbeehner/jlucore/CAT_GM_seqs/final_16S/299-238PAC-CIMI-CR-23-JL_S299_L001_R2_001.fastq.gz,reverse
300-628PAC-CIMI-CR-23-JL,/nfs/turbo/lsa-jbeehner/jlucore/CAT_GM_seqs/final_16S/300-628PAC-CIMI-CR-23-JL_S300_L001_R1_001.fastq.gz,forward
300-628PAC-CIMI-CR-23-JL,/nfs/turbo/lsa-jbeehner/jlucore/CAT_GM_seqs/final_16S/300-628PAC-CIMI-CR-23-JL_S300_L001_R2_001.fastq.gz,reverse
301-922PAC-CIMI-CR-23-JL,/nfs/turbo/lsa-jbeehner/jlucore/CAT_GM_seqs/final_16S/301-922PAC-CIMI-CR-23-JL_S301_L001_R1_001.fastq.gz,forward
301-922PAC-CIMI-CR-23-JL,/nfs/turbo/lsa-jbeehner/jlucore/CAT_GM_seqs/final_16S/301-922PAC-CIMI-CR-23-JL_S301_L001_R2_001.fastq.gz,reverse
302-1229PAC-CIMI-CR-23-JL,/nfs/turbo/lsa-jbeehner/jlucore/CAT_GM_seqs/final_16S/302-1229PAC-CIMI-CR-23-JL_S302_L001_R1_001.fastq.gz,forward
302-1229PAC-CIMI-CR-23-JL,/nfs/turbo/lsa-jbeehner/jlucore/CAT_GM_seqs/final_16S/302-1229PAC-CIMI-CR-23-JL_S302_L001_R2_001.fastq.gz,reverse
303-Neg-10-11-23-CIMI-CR-23-JL,/nfs/turbo/lsa-jbeehner/jlucore/CAT_GM_seqs/final_16S/303-Neg-10-11-23-CIMI-CR-23-JL_S303_L001_R1_001.fastq.gz,forward
303-Neg-10-11-23-CIMI-CR-23-JL,/nfs/turbo/lsa-jbeehner/jlucore/CAT_GM_seqs/final_16S/303-Neg-10-11-23-CIMI-CR-23-JL_S303_L001_R2_001.fastq.gz,reverse
304-1452PAC-CIMI-CR-23-JL,/nfs/turbo/lsa-jbeehner/jlucore/CAT_GM_seqs/final_16S/304-1452PAC-CIMI-CR-23-JL_S304_L001_R1_001.fastq.gz,forward
304-1452PAC-CIMI-CR-23-JL,/nfs/turbo/lsa-jbeehner/jlucore/CAT_GM_seqs/final_16S/304-1452PAC-CIMI-CR-23-JL_S304_L001_R2_001.fastq.gz,reverse
305-159PAP-CIMI-CR-23-JL,/nfs/turbo/lsa-jbeehner/jlucore/CAT_GM_seqs/final_16S/305-159PAP-CIMI-CR-23-JL_S305_L001_R1_001.fastq.gz,forward
305-159PAP-CIMI-CR-23-JL,/nfs/turbo/lsa-jbeehner/jlucore/CAT_GM_seqs/final_16S/305-159PAP-CIMI-CR-23-JL_S305_L001_R2_001.fastq.gz,reverse
306-240PAP-CIMI-CR-23-JL,/nfs/turbo/lsa-jbeehner/jlucore/CAT_GM_seqs/final_16S/306-240PAP-CIMI-CR-23-JL_S306_L001_R1_001.fastq.gz,forward
306-240PAP-CIMI-CR-23-JL,/nfs/turbo/lsa-jbeehner/jlucore/CAT_GM_seqs/final_16S/306-240PAP-CIMI-CR-23-JL_S306_L001_R2_001.fastq.gz,reverse
307-348PAP-CIMI-CR-23-JL,/nfs/turbo/lsa-jbeehner/jlucore/CAT_GM_seqs/final_16S/307-348PAP-CIMI-CR-23-JL_S307_L001_R1_001.fastq.gz,forward
307-348PAP-CIMI-CR-23-JL,/nfs/turbo/lsa-jbeehner/jlucore/CAT_GM_seqs/final_16S/307-348PAP-CIMI-CR-23-JL_S307_L001_R2_001.fastq.gz,reverse
308-390PAP-CIMI-CR-23-JL,/nfs/turbo/lsa-jbeehner/jlucore/CAT_GM_seqs/final_16S/308-390PAP-CIMI-CR-23-JL_S308_L001_R1_001.fastq.gz,forward
308-390PAP-CIMI-CR-23-JL,/nfs/turbo/lsa-jbeehner/jlucore/CAT_GM_seqs/final_16S/308-390PAP-CIMI-CR-23-JL_S308_L001_R2_001.fastq.gz,reverse
309-598PAP-CIMI-CR-23-JL,/nfs/turbo/lsa-jbeehner/jlucore/CAT_GM_seqs/final_16S/309-598PAP-CIMI-CR-23-JL_S309_L001_R1_001.fastq.gz,forward
309-598PAP-CIMI-CR-23-JL,/nfs/turbo/lsa-jbeehner/jlucore/CAT_GM_seqs/final_16S/309-598PAP-CIMI-CR-23-JL_S309_L001_R2_001.fastq.gz,reverse
310-916PAP-CIMI-CR-23-JL,/nfs/turbo/lsa-jbeehner/jlucore/CAT_GM_seqs/final_16S/310-916PAP-CIMI-CR-23-JL_S310_L001_R1_001.fastq.gz,forward
310-916PAP-CIMI-CR-23-JL,/nfs/turbo/lsa-jbeehner/jlucore/CAT_GM_seqs/final_16S/310-916PAP-CIMI-CR-23-JL_S310_L001_R2_001.fastq.gz,reverse
311-1031PAP-CIMI-CR-23-JL,/nfs/turbo/lsa-jbeehner/jlucore/CAT_GM_seqs/final_16S/311-1031PAP-CIMI-CR-23-JL_S311_L001_R1_001.fastq.gz,forward
311-1031PAP-CIMI-CR-23-JL,/nfs/turbo/lsa-jbeehner/jlucore/CAT_GM_seqs/final_16S/311-1031PAP-CIMI-CR-23-JL_S311_L001_R2_001.fastq.gz,reverse
312-1317PAP-CIMI-CR-23-JL,/nfs/turbo/lsa-jbeehner/jlucore/CAT_GM_seqs/final_16S/312-1317PAP-CIMI-CR-23-JL_S312_L001_R1_001.fastq.gz,forward
312-1317PAP-CIMI-CR-23-JL,/nfs/turbo/lsa-jbeehner/jlucore/CAT_GM_seqs/final_16S/312-1317PAP-CIMI-CR-23-JL_S312_L001_R2_001.fastq.gz,reverse
313-145PAT-CIMI-CR-23-JL,/nfs/turbo/lsa-jbeehner/jlucore/CAT_GM_seqs/final_16S/313-145PAT-CIMI-CR-23-JL_S313_L001_R1_001.fastq.gz,forward
313-145PAT-CIMI-CR-23-JL,/nfs/turbo/lsa-jbeehner/jlucore/CAT_GM_seqs/final_16S/313-145PAT-CIMI-CR-23-JL_S313_L001_R2_001.fastq.gz,reverse
314-252PAT-CIMI-CR-23-JL,/nfs/turbo/lsa-jbeehner/jlucore/CAT_GM_seqs/final_16S/314-252PAT-CIMI-CR-23-JL_S314_L001_R1_001.fastq.gz,forward
314-252PAT-CIMI-CR-23-JL,/nfs/turbo/lsa-jbeehner/jlucore/CAT_GM_seqs/final_16S/314-252PAT-CIMI-CR-23-JL_S314_L001_R2_001.fastq.gz,reverse
315-Neg-10-11-23Emily-CIMI-CR-23-JL,/nfs/turbo/lsa-jbeehner/jlucore/CAT_GM_seqs/final_16S/315-Neg-10-11-23Emily-CIMI-CR-23-JL_S315_L001_R1_001.fastq.gz,forward
315-Neg-10-11-23Emily-CIMI-CR-23-JL,/nfs/turbo/lsa-jbeehner/jlucore/CAT_GM_seqs/final_16S/315-Neg-10-11-23Emily-CIMI-CR-23-JL_S315_L001_R2_001.fastq.gz,reverse
316-442PEA-CIMI-CR-23-JL,/nfs/turbo/lsa-jbeehner/jlucore/CAT_GM_seqs/final_16S/316-442PEA-CIMI-CR-23-JL_S316_L001_R1_001.fastq.gz,forward
316-442PEA-CIMI-CR-23-JL,/nfs/turbo/lsa-jbeehner/jlucore/CAT_GM_seqs/final_16S/316-442PEA-CIMI-CR-23-JL_S316_L001_R2_001.fastq.gz,reverse
317-470PEA-CIMI-CR-23-JL,/nfs/turbo/lsa-jbeehner/jlucore/CAT_GM_seqs/final_16S/317-470PEA-CIMI-CR-23-JL_S317_L001_R1_001.fastq.gz,forward
317-470PEA-CIMI-CR-23-JL,/nfs/turbo/lsa-jbeehner/jlucore/CAT_GM_seqs/final_16S/317-470PEA-CIMI-CR-23-JL_S317_L001_R2_001.fastq.gz,reverse
318-1219PEA-CIMI-CR-23-JL,/nfs/turbo/lsa-jbeehner/jlucore/CAT_GM_seqs/final_16S/318-1219PEA-CIMI-CR-23-JL_S318_L001_R1_001.fastq.gz,forward
318-1219PEA-CIMI-CR-23-JL,/nfs/turbo/lsa-jbeehner/jlucore/CAT_GM_seqs/final_16S/318-1219PEA-CIMI-CR-23-JL_S318_L001_R2_001.fastq.gz,reverse
319-1223PEA-CIMI-CR-23-JL,/nfs/turbo/lsa-jbeehner/jlucore/CAT_GM_seqs/final_16S/319-1223PEA-CIMI-CR-23-JL_S319_L001_R1_001.fastq.gz,forward
319-1223PEA-CIMI-CR-23-JL,/nfs/turbo/lsa-jbeehner/jlucore/CAT_GM_seqs/final_16S/319-1223PEA-CIMI-CR-23-JL_S319_L001_R2_001.fastq.gz,reverse
320-1435PEA-CIMI-CR-23-JL,/nfs/turbo/lsa-jbeehner/jlucore/CAT_GM_seqs/final_16S/320-1435PEA-CIMI-CR-23-JL_S320_L001_R1_001.fastq.gz,forward
320-1435PEA-CIMI-CR-23-JL,/nfs/turbo/lsa-jbeehner/jlucore/CAT_GM_seqs/final_16S/320-1435PEA-CIMI-CR-23-JL_S320_L001_R2_001.fastq.gz,reverse
321-140PEA-CIMI-CR-23-JL,/nfs/turbo/lsa-jbeehner/jlucore/CAT_GM_seqs/final_16S/321-140PEA-CIMI-CR-23-JL_S321_L001_R1_001.fastq.gz,forward
321-140PEA-CIMI-CR-23-JL,/nfs/turbo/lsa-jbeehner/jlucore/CAT_GM_seqs/final_16S/321-140PEA-CIMI-CR-23-JL_S321_L001_R2_001.fastq.gz,reverse
322-194PED-CIMI-CR-23-JL,/nfs/turbo/lsa-jbeehner/jlucore/CAT_GM_seqs/final_16S/322-194PED-CIMI-CR-23-JL_S322_L001_R1_001.fastq.gz,forward
322-194PED-CIMI-CR-23-JL,/nfs/turbo/lsa-jbeehner/jlucore/CAT_GM_seqs/final_16S/322-194PED-CIMI-CR-23-JL_S322_L001_R2_001.fastq.gz,reverse
323-333PED-CIMI-CR-23-JL,/nfs/turbo/lsa-jbeehner/jlucore/CAT_GM_seqs/final_16S/323-333PED-CIMI-CR-23-JL_S323_L001_R1_001.fastq.gz,forward
323-333PED-CIMI-CR-23-JL,/nfs/turbo/lsa-jbeehner/jlucore/CAT_GM_seqs/final_16S/323-333PED-CIMI-CR-23-JL_S323_L001_R2_001.fastq.gz,reverse
324-339PED-CIMI-CR-23-JL,/nfs/turbo/lsa-jbeehner/jlucore/CAT_GM_seqs/final_16S/324-339PED-CIMI-CR-23-JL_S324_L001_R1_001.fastq.gz,forward
324-339PED-CIMI-CR-23-JL,/nfs/turbo/lsa-jbeehner/jlucore/CAT_GM_seqs/final_16S/324-339PED-CIMI-CR-23-JL_S324_L001_R2_001.fastq.gz,reverse
325-372PED-CIMI-CR-23-JL,/nfs/turbo/lsa-jbeehner/jlucore/CAT_GM_seqs/final_16S/325-372PED-CIMI-CR-23-JL_S325_L001_R1_001.fastq.gz,forward
325-372PED-CIMI-CR-23-JL,/nfs/turbo/lsa-jbeehner/jlucore/CAT_GM_seqs/final_16S/325-372PED-CIMI-CR-23-JL_S325_L001_R2_001.fastq.gz,reverse
326-456PED-CIMI-CR-23-JL,/nfs/turbo/lsa-jbeehner/jlucore/CAT_GM_seqs/final_16S/326-456PED-CIMI-CR-23-JL_S326_L001_R1_001.fastq.gz,forward
326-456PED-CIMI-CR-23-JL,/nfs/turbo/lsa-jbeehner/jlucore/CAT_GM_seqs/final_16S/326-456PED-CIMI-CR-23-JL_S326_L001_R2_001.fastq.gz,reverse
327-532PED-CIMI-CR-23-JL,/nfs/turbo/lsa-jbeehner/jlucore/CAT_GM_seqs/final_16S/327-532PED-CIMI-CR-23-JL_S327_L001_R1_001.fastq.gz,forward
327-532PED-CIMI-CR-23-JL,/nfs/turbo/lsa-jbeehner/jlucore/CAT_GM_seqs/final_16S/327-532PED-CIMI-CR-23-JL_S327_L001_R2_001.fastq.gz,reverse
328-604PED-CIMI-CR-23-JL,/nfs/turbo/lsa-jbeehner/jlucore/CAT_GM_seqs/final_16S/328-604PED-CIMI-CR-23-JL_S328_L001_R1_001.fastq.gz,forward
328-604PED-CIMI-CR-23-JL,/nfs/turbo/lsa-jbeehner/jlucore/CAT_GM_seqs/final_16S/328-604PED-CIMI-CR-23-JL_S328_L001_R2_001.fastq.gz,reverse
329-667PED-CIMI-CR-23-JL,/nfs/turbo/lsa-jbeehner/jlucore/CAT_GM_seqs/final_16S/329-667PED-CIMI-CR-23-JL_S329_L001_R1_001.fastq.gz,forward
329-667PED-CIMI-CR-23-JL,/nfs/turbo/lsa-jbeehner/jlucore/CAT_GM_seqs/final_16S/329-667PED-CIMI-CR-23-JL_S329_L001_R2_001.fastq.gz,reverse
330-N10-12-23-CIMI-CR-23-JL,/nfs/turbo/lsa-jbeehner/jlucore/CAT_GM_seqs/final_16S/330-N10-12-23-CIMI-CR-23-JL_S330_L001_R1_001.fastq.gz,forward
330-N10-12-23-CIMI-CR-23-JL,/nfs/turbo/lsa-jbeehner/jlucore/CAT_GM_seqs/final_16S/330-N10-12-23-CIMI-CR-23-JL_S330_L001_R2_001.fastq.gz,reverse
331-815PED-CIMI-CR-23-JL,/nfs/turbo/lsa-jbeehner/jlucore/CAT_GM_seqs/final_16S/331-815PED-CIMI-CR-23-JL_S331_L001_R1_001.fastq.gz,forward
331-815PED-CIMI-CR-23-JL,/nfs/turbo/lsa-jbeehner/jlucore/CAT_GM_seqs/final_16S/331-815PED-CIMI-CR-23-JL_S331_L001_R2_001.fastq.gz,reverse
332-915PED-CIMI-CR-23-JL,/nfs/turbo/lsa-jbeehner/jlucore/CAT_GM_seqs/final_16S/332-915PED-CIMI-CR-23-JL_S332_L001_R1_001.fastq.gz,forward
332-915PED-CIMI-CR-23-JL,/nfs/turbo/lsa-jbeehner/jlucore/CAT_GM_seqs/final_16S/332-915PED-CIMI-CR-23-JL_S332_L001_R2_001.fastq.gz,reverse
333-1042PED-CIMI-CR-23-JL,/nfs/turbo/lsa-jbeehner/jlucore/CAT_GM_seqs/final_16S/333-1042PED-CIMI-CR-23-JL_S333_L001_R1_001.fastq.gz,forward
333-1042PED-CIMI-CR-23-JL,/nfs/turbo/lsa-jbeehner/jlucore/CAT_GM_seqs/final_16S/333-1042PED-CIMI-CR-23-JL_S333_L001_R2_001.fastq.gz,reverse
334-1091PED-CIMI-CR-23-JL,/nfs/turbo/lsa-jbeehner/jlucore/CAT_GM_seqs/final_16S/334-1091PED-CIMI-CR-23-JL_S334_L001_R1_001.fastq.gz,forward
334-1091PED-CIMI-CR-23-JL,/nfs/turbo/lsa-jbeehner/jlucore/CAT_GM_seqs/final_16S/334-1091PED-CIMI-CR-23-JL_S334_L001_R2_001.fastq.gz,reverse
335-1136PED-CIMI-CR-23-JL,/nfs/turbo/lsa-jbeehner/jlucore/CAT_GM_seqs/final_16S/335-1136PED-CIMI-CR-23-JL_S335_L001_R1_001.fastq.gz,forward
335-1136PED-CIMI-CR-23-JL,/nfs/turbo/lsa-jbeehner/jlucore/CAT_GM_seqs/final_16S/335-1136PED-CIMI-CR-23-JL_S335_L001_R2_001.fastq.gz,reverse
336-1230PED-CIMI-CR-23-JL,/nfs/turbo/lsa-jbeehner/jlucore/CAT_GM_seqs/final_16S/336-1230PED-CIMI-CR-23-JL_S336_L001_R1_001.fastq.gz,forward
336-1230PED-CIMI-CR-23-JL,/nfs/turbo/lsa-jbeehner/jlucore/CAT_GM_seqs/final_16S/336-1230PED-CIMI-CR-23-JL_S336_L001_R2_001.fastq.gz,reverse
337-1330PED-CIMI-CR-23-JL,/nfs/turbo/lsa-jbeehner/jlucore/CAT_GM_seqs/final_16S/337-1330PED-CIMI-CR-23-JL_S337_L001_R1_001.fastq.gz,forward
337-1330PED-CIMI-CR-23-JL,/nfs/turbo/lsa-jbeehner/jlucore/CAT_GM_seqs/final_16S/337-1330PED-CIMI-CR-23-JL_S337_L001_R2_001.fastq.gz,reverse
338-1376PED-CIMI-CR-23-JL,/nfs/turbo/lsa-jbeehner/jlucore/CAT_GM_seqs/final_16S/338-1376PED-CIMI-CR-23-JL_S338_L001_R1_001.fastq.gz,forward
338-1376PED-CIMI-CR-23-JL,/nfs/turbo/lsa-jbeehner/jlucore/CAT_GM_seqs/final_16S/338-1376PED-CIMI-CR-23-JL_S338_L001_R2_001.fastq.gz,reverse
339-1458PED-CIMI-CR-23-JL,/nfs/turbo/lsa-jbeehner/jlucore/CAT_GM_seqs/final_16S/339-1458PED-CIMI-CR-23-JL_S339_L001_R1_001.fastq.gz,forward
339-1458PED-CIMI-CR-23-JL,/nfs/turbo/lsa-jbeehner/jlucore/CAT_GM_seqs/final_16S/339-1458PED-CIMI-CR-23-JL_S339_L001_R2_001.fastq.gz,reverse
340-Neg-10-17-23-CIMI-CR-23-JL,/nfs/turbo/lsa-jbeehner/jlucore/CAT_GM_seqs/final_16S/340-Neg-10-17-23-CIMI-CR-23-JL_S340_L001_R1_001.fastq.gz,forward
340-Neg-10-17-23-CIMI-CR-23-JL,/nfs/turbo/lsa-jbeehner/jlucore/CAT_GM_seqs/final_16S/340-Neg-10-17-23-CIMI-CR-23-JL_S340_L001_R2_001.fastq.gz,reverse
341-247PEN-CIMI-CR-23-JL,/nfs/turbo/lsa-jbeehner/jlucore/CAT_GM_seqs/final_16S/341-247PEN-CIMI-CR-23-JL_S341_L001_R1_001.fastq.gz,forward
341-247PEN-CIMI-CR-23-JL,/nfs/turbo/lsa-jbeehner/jlucore/CAT_GM_seqs/final_16S/341-247PEN-CIMI-CR-23-JL_S341_L001_R2_001.fastq.gz,reverse
342-335PEN-CIMI-CR-23-JL,/nfs/turbo/lsa-jbeehner/jlucore/CAT_GM_seqs/final_16S/342-335PEN-CIMI-CR-23-JL_S342_L001_R1_001.fastq.gz,forward
342-335PEN-CIMI-CR-23-JL,/nfs/turbo/lsa-jbeehner/jlucore/CAT_GM_seqs/final_16S/342-335PEN-CIMI-CR-23-JL_S342_L001_R2_001.fastq.gz,reverse
343-549PEN-CIMI-CR-23-JL,/nfs/turbo/lsa-jbeehner/jlucore/CAT_GM_seqs/final_16S/343-549PEN-CIMI-CR-23-JL_S343_L001_R1_001.fastq.gz,forward
343-549PEN-CIMI-CR-23-JL,/nfs/turbo/lsa-jbeehner/jlucore/CAT_GM_seqs/final_16S/343-549PEN-CIMI-CR-23-JL_S343_L001_R2_001.fastq.gz,reverse
344-Neg-10-23-23-CIMI-CR-23-JL,/nfs/turbo/lsa-jbeehner/jlucore/CAT_GM_seqs/final_16S/344-Neg-10-23-23-CIMI-CR-23-JL_S344_L001_R1_001.fastq.gz,forward
344-Neg-10-23-23-CIMI-CR-23-JL,/nfs/turbo/lsa-jbeehner/jlucore/CAT_GM_seqs/final_16S/344-Neg-10-23-23-CIMI-CR-23-JL_S344_L001_R2_001.fastq.gz,reverse
345-PCR1N10-23-23-CIMI-CR-23-JL,/nfs/turbo/lsa-jbeehner/jlucore/CAT_GM_seqs/final_16S/345-PCR1N10-23-23-CIMI-CR-23-JL_S345_L001_R1_001.fastq.gz,forward
345-PCR1N10-23-23-CIMI-CR-23-JL,/nfs/turbo/lsa-jbeehner/jlucore/CAT_GM_seqs/final_16S/345-PCR1N10-23-23-CIMI-CR-23-JL_S345_L001_R2_001.fastq.gz,reverse
346-1028PEN-CIMI-CR-23-JL,/nfs/turbo/lsa-jbeehner/jlucore/CAT_GM_seqs/final_16S/346-1028PEN-CIMI-CR-23-JL_S346_L001_R1_001.fastq.gz,forward
346-1028PEN-CIMI-CR-23-JL,/nfs/turbo/lsa-jbeehner/jlucore/CAT_GM_seqs/final_16S/346-1028PEN-CIMI-CR-23-JL_S346_L001_R2_001.fastq.gz,reverse
347-1123PEN-CIMI-CR-23-JL,/nfs/turbo/lsa-jbeehner/jlucore/CAT_GM_seqs/final_16S/347-1123PEN-CIMI-CR-23-JL_S347_L001_R1_001.fastq.gz,forward
347-1123PEN-CIMI-CR-23-JL,/nfs/turbo/lsa-jbeehner/jlucore/CAT_GM_seqs/final_16S/347-1123PEN-CIMI-CR-23-JL_S347_L001_R2_001.fastq.gz,reverse
348-1154PEN-CIMI-CR-23-JL,/nfs/turbo/lsa-jbeehner/jlucore/CAT_GM_seqs/final_16S/348-1154PEN-CIMI-CR-23-JL_S348_L001_R1_001.fastq.gz,forward
348-1154PEN-CIMI-CR-23-JL,/nfs/turbo/lsa-jbeehner/jlucore/CAT_GM_seqs/final_16S/348-1154PEN-CIMI-CR-23-JL_S348_L001_R2_001.fastq.gz,reverse
349-1210PEN-CIMI-CR-23-JL,/nfs/turbo/lsa-jbeehner/jlucore/CAT_GM_seqs/final_16S/349-1210PEN-CIMI-CR-23-JL_S349_L001_R1_001.fastq.gz,forward
349-1210PEN-CIMI-CR-23-JL,/nfs/turbo/lsa-jbeehner/jlucore/CAT_GM_seqs/final_16S/349-1210PEN-CIMI-CR-23-JL_S349_L001_R2_001.fastq.gz,reverse
350-1222PEN-CIMI-CR-23-JL,/nfs/turbo/lsa-jbeehner/jlucore/CAT_GM_seqs/final_16S/350-1222PEN-CIMI-CR-23-JL_S350_L001_R1_001.fastq.gz,forward
350-1222PEN-CIMI-CR-23-JL,/nfs/turbo/lsa-jbeehner/jlucore/CAT_GM_seqs/final_16S/350-1222PEN-CIMI-CR-23-JL_S350_L001_R2_001.fastq.gz,reverse
351-1424PEN-CIMI-CR-23-JL,/nfs/turbo/lsa-jbeehner/jlucore/CAT_GM_seqs/final_16S/351-1424PEN-CIMI-CR-23-JL_S351_L001_R1_001.fastq.gz,forward
351-1424PEN-CIMI-CR-23-JL,/nfs/turbo/lsa-jbeehner/jlucore/CAT_GM_seqs/final_16S/351-1424PEN-CIMI-CR-23-JL_S351_L001_R2_001.fastq.gz,reverse
352-1436PEN-CIMI-CR-23-JL,/nfs/turbo/lsa-jbeehner/jlucore/CAT_GM_seqs/final_16S/352-1436PEN-CIMI-CR-23-JL_S352_L001_R1_001.fastq.gz,forward
352-1436PEN-CIMI-CR-23-JL,/nfs/turbo/lsa-jbeehner/jlucore/CAT_GM_seqs/final_16S/352-1436PEN-CIMI-CR-23-JL_S352_L001_R2_001.fastq.gz,reverse
353-241PET-CIMI-CR-23-JL,/nfs/turbo/lsa-jbeehner/jlucore/CAT_GM_seqs/final_16S/353-241PET-CIMI-CR-23-JL_S353_L001_R1_001.fastq.gz,forward
353-241PET-CIMI-CR-23-JL,/nfs/turbo/lsa-jbeehner/jlucore/CAT_GM_seqs/final_16S/353-241PET-CIMI-CR-23-JL_S353_L001_R2_001.fastq.gz,reverse
354-347PET-CIMI-CR-23-JL,/nfs/turbo/lsa-jbeehner/jlucore/CAT_GM_seqs/final_16S/354-347PET-CIMI-CR-23-JL_S354_L001_R1_001.fastq.gz,forward
354-347PET-CIMI-CR-23-JL,/nfs/turbo/lsa-jbeehner/jlucore/CAT_GM_seqs/final_16S/354-347PET-CIMI-CR-23-JL_S354_L001_R2_001.fastq.gz,reverse
355-472PET-CIMI-CR-23-JL,/nfs/turbo/lsa-jbeehner/jlucore/CAT_GM_seqs/final_16S/355-472PET-CIMI-CR-23-JL_S355_L001_R1_001.fastq.gz,forward
355-472PET-CIMI-CR-23-JL,/nfs/turbo/lsa-jbeehner/jlucore/CAT_GM_seqs/final_16S/355-472PET-CIMI-CR-23-JL_S355_L001_R2_001.fastq.gz,reverse
356-548PET-CIMI-CR-23-JL,/nfs/turbo/lsa-jbeehner/jlucore/CAT_GM_seqs/final_16S/356-548PET-CIMI-CR-23-JL_S356_L001_R1_001.fastq.gz,forward
356-548PET-CIMI-CR-23-JL,/nfs/turbo/lsa-jbeehner/jlucore/CAT_GM_seqs/final_16S/356-548PET-CIMI-CR-23-JL_S356_L001_R2_001.fastq.gz,reverse
357-821PET-CIMI-CR-23-JL,/nfs/turbo/lsa-jbeehner/jlucore/CAT_GM_seqs/final_16S/357-821PET-CIMI-CR-23-JL_S357_L001_R1_001.fastq.gz,forward
357-821PET-CIMI-CR-23-JL,/nfs/turbo/lsa-jbeehner/jlucore/CAT_GM_seqs/final_16S/357-821PET-CIMI-CR-23-JL_S357_L001_R2_001.fastq.gz,reverse
358-932PET-CIMI-CR-23-JL,/nfs/turbo/lsa-jbeehner/jlucore/CAT_GM_seqs/final_16S/358-932PET-CIMI-CR-23-JL_S358_L001_R1_001.fastq.gz,forward
358-932PET-CIMI-CR-23-JL,/nfs/turbo/lsa-jbeehner/jlucore/CAT_GM_seqs/final_16S/358-932PET-CIMI-CR-23-JL_S358_L001_R2_001.fastq.gz,reverse
359-1212PET-CIMI-CR-23-JL,/nfs/turbo/lsa-jbeehner/jlucore/CAT_GM_seqs/final_16S/359-1212PET-CIMI-CR-23-JL_S359_L001_R1_001.fastq.gz,forward
359-1212PET-CIMI-CR-23-JL,/nfs/turbo/lsa-jbeehner/jlucore/CAT_GM_seqs/final_16S/359-1212PET-CIMI-CR-23-JL_S359_L001_R2_001.fastq.gz,reverse
360-135PIC-CIMI-CR-23-JL,/nfs/turbo/lsa-jbeehner/jlucore/CAT_GM_seqs/final_16S/360-135PIC-CIMI-CR-23-JL_S360_L001_R1_001.fastq.gz,forward
360-135PIC-CIMI-CR-23-JL,/nfs/turbo/lsa-jbeehner/jlucore/CAT_GM_seqs/final_16S/360-135PIC-CIMI-CR-23-JL_S360_L001_R2_001.fastq.gz,reverse
361-539PIC-CIMI-CR-23-JL,/nfs/turbo/lsa-jbeehner/jlucore/CAT_GM_seqs/final_16S/361-539PIC-CIMI-CR-23-JL_S361_L001_R1_001.fastq.gz,forward
361-539PIC-CIMI-CR-23-JL,/nfs/turbo/lsa-jbeehner/jlucore/CAT_GM_seqs/final_16S/361-539PIC-CIMI-CR-23-JL_S361_L001_R2_001.fastq.gz,reverse
362-930PIC-CIMI-CR-23-JL,/nfs/turbo/lsa-jbeehner/jlucore/CAT_GM_seqs/final_16S/362-930PIC-CIMI-CR-23-JL_S362_L001_R1_001.fastq.gz,forward
362-930PIC-CIMI-CR-23-JL,/nfs/turbo/lsa-jbeehner/jlucore/CAT_GM_seqs/final_16S/362-930PIC-CIMI-CR-23-JL_S362_L001_R2_001.fastq.gz,reverse
363-1010PIC-CIMI-CR-23-JL,/nfs/turbo/lsa-jbeehner/jlucore/CAT_GM_seqs/final_16S/363-1010PIC-CIMI-CR-23-JL_S363_L001_R1_001.fastq.gz,forward
363-1010PIC-CIMI-CR-23-JL,/nfs/turbo/lsa-jbeehner/jlucore/CAT_GM_seqs/final_16S/363-1010PIC-CIMI-CR-23-JL_S363_L001_R2_001.fastq.gz,reverse
364-144PIN-CIMI-CR-23-JL,/nfs/turbo/lsa-jbeehner/jlucore/CAT_GM_seqs/final_16S/364-144PIN-CIMI-CR-23-JL_S364_L001_R1_001.fastq.gz,forward
364-144PIN-CIMI-CR-23-JL,/nfs/turbo/lsa-jbeehner/jlucore/CAT_GM_seqs/final_16S/364-144PIN-CIMI-CR-23-JL_S364_L001_R2_001.fastq.gz,reverse
365-220PIN-CIMI-CR-23-JL,/nfs/turbo/lsa-jbeehner/jlucore/CAT_GM_seqs/final_16S/365-220PIN-CIMI-CR-23-JL_S365_L001_R1_001.fastq.gz,forward
365-220PIN-CIMI-CR-23-JL,/nfs/turbo/lsa-jbeehner/jlucore/CAT_GM_seqs/final_16S/365-220PIN-CIMI-CR-23-JL_S365_L001_R2_001.fastq.gz,reverse
366-265PIN-CIMI-CR-23-JL,/nfs/turbo/lsa-jbeehner/jlucore/CAT_GM_seqs/final_16S/366-265PIN-CIMI-CR-23-JL_S366_L001_R1_001.fastq.gz,forward
366-265PIN-CIMI-CR-23-JL,/nfs/turbo/lsa-jbeehner/jlucore/CAT_GM_seqs/final_16S/366-265PIN-CIMI-CR-23-JL_S366_L001_R2_001.fastq.gz,reverse
367-469PIN-CIMI-CR-23-JL,/nfs/turbo/lsa-jbeehner/jlucore/CAT_GM_seqs/final_16S/367-469PIN-CIMI-CR-23-JL_S367_L001_R1_001.fastq.gz,forward
367-469PIN-CIMI-CR-23-JL,/nfs/turbo/lsa-jbeehner/jlucore/CAT_GM_seqs/final_16S/367-469PIN-CIMI-CR-23-JL_S367_L001_R2_001.fastq.gz,reverse
368-1025PIN-CIMI-CR-23-JL,/nfs/turbo/lsa-jbeehner/jlucore/CAT_GM_seqs/final_16S/368-1025PIN-CIMI-CR-23-JL_S368_L001_R1_001.fastq.gz,forward
368-1025PIN-CIMI-CR-23-JL,/nfs/turbo/lsa-jbeehner/jlucore/CAT_GM_seqs/final_16S/368-1025PIN-CIMI-CR-23-JL_S368_L001_R2_001.fastq.gz,reverse
369-599PIC-CIMI-CR-23-JL,/nfs/turbo/lsa-jbeehner/jlucore/CAT_GM_seqs/final_16S/369-599PIC-CIMI-CR-23-JL_S369_L001_R1_001.fastq.gz,forward
369-599PIC-CIMI-CR-23-JL,/nfs/turbo/lsa-jbeehner/jlucore/CAT_GM_seqs/final_16S/369-599PIC-CIMI-CR-23-JL_S369_L001_R2_001.fastq.gz,reverse
370-1240PIN-CIMI-CR-23-JL,/nfs/turbo/lsa-jbeehner/jlucore/CAT_GM_seqs/final_16S/370-1240PIN-CIMI-CR-23-JL_S370_L001_R1_001.fastq.gz,forward
370-1240PIN-CIMI-CR-23-JL,/nfs/turbo/lsa-jbeehner/jlucore/CAT_GM_seqs/final_16S/370-1240PIN-CIMI-CR-23-JL_S370_L001_R2_001.fastq.gz,reverse
371-Neg-10-24-23-CIMI-CR-23-JL,/nfs/turbo/lsa-jbeehner/jlucore/CAT_GM_seqs/final_16S/371-Neg-10-24-23-CIMI-CR-23-JL_S371_L001_R1_001.fastq.gz,forward
371-Neg-10-24-23-CIMI-CR-23-JL,/nfs/turbo/lsa-jbeehner/jlucore/CAT_GM_seqs/final_16S/371-Neg-10-24-23-CIMI-CR-23-JL_S371_L001_R2_001.fastq.gz,reverse
372-542PIN-CIMI-CR-23-JL,/nfs/turbo/lsa-jbeehner/jlucore/CAT_GM_seqs/final_16S/372-542PIN-CIMI-CR-23-JL_S372_L001_R1_001.fastq.gz,forward
372-542PIN-CIMI-CR-23-JL,/nfs/turbo/lsa-jbeehner/jlucore/CAT_GM_seqs/final_16S/372-542PIN-CIMI-CR-23-JL_S372_L001_R2_001.fastq.gz,reverse
373-923PIN-CIMI-CR-23-JL,/nfs/turbo/lsa-jbeehner/jlucore/CAT_GM_seqs/final_16S/373-923PIN-CIMI-CR-23-JL_S373_L001_R1_001.fastq.gz,forward
373-923PIN-CIMI-CR-23-JL,/nfs/turbo/lsa-jbeehner/jlucore/CAT_GM_seqs/final_16S/373-923PIN-CIMI-CR-23-JL_S373_L001_R2_001.fastq.gz,reverse
374-1453PIN-CIMI-CR-23-JL,/nfs/turbo/lsa-jbeehner/jlucore/CAT_GM_seqs/final_16S/374-1453PIN-CIMI-CR-23-JL_S374_L001_R1_001.fastq.gz,forward
374-1453PIN-CIMI-CR-23-JL,/nfs/turbo/lsa-jbeehner/jlucore/CAT_GM_seqs/final_16S/374-1453PIN-CIMI-CR-23-JL_S374_L001_R2_001.fastq.gz,reverse
375-134PIN-CIMI-CR-23-JL,/nfs/turbo/lsa-jbeehner/jlucore/CAT_GM_seqs/final_16S/375-134PIN-CIMI-CR-23-JL_S375_L001_R1_001.fastq.gz,forward
375-134PIN-CIMI-CR-23-JL,/nfs/turbo/lsa-jbeehner/jlucore/CAT_GM_seqs/final_16S/375-134PIN-CIMI-CR-23-JL_S375_L001_R2_001.fastq.gz,reverse
376-Neg-10-25-23-CIMI-CR-23-JL,/nfs/turbo/lsa-jbeehner/jlucore/CAT_GM_seqs/final_16S/376-Neg-10-25-23-CIMI-CR-23-JL_S376_L001_R1_001.fastq.gz,forward
376-Neg-10-25-23-CIMI-CR-23-JL,/nfs/turbo/lsa-jbeehner/jlucore/CAT_GM_seqs/final_16S/376-Neg-10-25-23-CIMI-CR-23-JL_S376_L001_R2_001.fastq.gz,reverse
377-PCR1N10-25-23-CIMI-CR-23-JL,/nfs/turbo/lsa-jbeehner/jlucore/CAT_GM_seqs/final_16S/377-PCR1N10-25-23-CIMI-CR-23-JL_S377_L001_R1_001.fastq.gz,forward
377-PCR1N10-25-23-CIMI-CR-23-JL,/nfs/turbo/lsa-jbeehner/jlucore/CAT_GM_seqs/final_16S/377-PCR1N10-25-23-CIMI-CR-23-JL_S377_L001_R2_001.fastq.gz,reverse
378-219PIR-CIMI-CR-23-JL,/nfs/turbo/lsa-jbeehner/jlucore/CAT_GM_seqs/final_16S/378-219PIR-CIMI-CR-23-JL_S378_L001_R1_001.fastq.gz,forward
378-219PIR-CIMI-CR-23-JL,/nfs/turbo/lsa-jbeehner/jlucore/CAT_GM_seqs/final_16S/378-219PIR-CIMI-CR-23-JL_S378_L001_R2_001.fastq.gz,reverse
379-546PIR-CIMI-CR-23-JL,/nfs/turbo/lsa-jbeehner/jlucore/CAT_GM_seqs/final_16S/379-546PIR-CIMI-CR-23-JL_S379_L001_R1_001.fastq.gz,forward
379-546PIR-CIMI-CR-23-JL,/nfs/turbo/lsa-jbeehner/jlucore/CAT_GM_seqs/final_16S/379-546PIR-CIMI-CR-23-JL_S379_L001_R2_001.fastq.gz,reverse
380-629PIR-CIMI-CR-23-JL,/nfs/turbo/lsa-jbeehner/jlucore/CAT_GM_seqs/final_16S/380-629PIR-CIMI-CR-23-JL_S380_L001_R1_001.fastq.gz,forward
380-629PIR-CIMI-CR-23-JL,/nfs/turbo/lsa-jbeehner/jlucore/CAT_GM_seqs/final_16S/380-629PIR-CIMI-CR-23-JL_S380_L001_R2_001.fastq.gz,reverse
381-687PIR-CIMI-CR-23-JL,/nfs/turbo/lsa-jbeehner/jlucore/CAT_GM_seqs/final_16S/381-687PIR-CIMI-CR-23-JL_S381_L001_R1_001.fastq.gz,forward
381-687PIR-CIMI-CR-23-JL,/nfs/turbo/lsa-jbeehner/jlucore/CAT_GM_seqs/final_16S/381-687PIR-CIMI-CR-23-JL_S381_L001_R2_001.fastq.gz,reverse
382-849PIR-CIMI-CR-23-JL,/nfs/turbo/lsa-jbeehner/jlucore/CAT_GM_seqs/final_16S/382-849PIR-CIMI-CR-23-JL_S382_L001_R1_001.fastq.gz,forward
382-849PIR-CIMI-CR-23-JL,/nfs/turbo/lsa-jbeehner/jlucore/CAT_GM_seqs/final_16S/382-849PIR-CIMI-CR-23-JL_S382_L001_R2_001.fastq.gz,reverse
383-PCR1N10-27-23-CIMI-CR-23-JL,/nfs/turbo/lsa-jbeehner/jlucore/CAT_GM_seqs/final_16S/383-PCR1N10-27-23-CIMI-CR-23-JL_S383_L001_R1_001.fastq.gz,forward
383-PCR1N10-27-23-CIMI-CR-23-JL,/nfs/turbo/lsa-jbeehner/jlucore/CAT_GM_seqs/final_16S/383-PCR1N10-27-23-CIMI-CR-23-JL_S383_L001_R2_001.fastq.gz,reverse
384-PCR2-Plt4-neg-CIMI-CR-23-JL,/nfs/turbo/lsa-jbeehner/jlucore/CAT_GM_seqs/final_16S/384-PCR2-Plt4-neg-CIMI-CR-23-JL_S384_L001_R1_001.fastq.gz,forward
384-PCR2-Plt4-neg-CIMI-CR-23-JL,/nfs/turbo/lsa-jbeehner/jlucore/CAT_GM_seqs/final_16S/384-PCR2-Plt4-neg-CIMI-CR-23-JL_S384_L001_R2_001.fastq.gz,reverse
001-938PIR-CIMI-CR-23-JL,/nfs/turbo/lsa-jbeehner/jlucore/CAT_GM_seqs/final_16S/001-938PIR-CIMI-CR-23-JL_S1_L001_R1_001.fastq.gz,forward
001-938PIR-CIMI-CR-23-JL,/nfs/turbo/lsa-jbeehner/jlucore/CAT_GM_seqs/final_16S/001-938PIR-CIMI-CR-23-JL_S1_L001_R2_001.fastq.gz,reverse
002-1000PIR-CIMI-CR-23-JL,/nfs/turbo/lsa-jbeehner/jlucore/CAT_GM_seqs/final_16S/002-1000PIR-CIMI-CR-23-JL_S2_L001_R1_001.fastq.gz,forward
002-1000PIR-CIMI-CR-23-JL,/nfs/turbo/lsa-jbeehner/jlucore/CAT_GM_seqs/final_16S/002-1000PIR-CIMI-CR-23-JL_S2_L001_R2_001.fastq.gz,reverse
003-1290PIR-CIMI-CR-23-JL,/nfs/turbo/lsa-jbeehner/jlucore/CAT_GM_seqs/final_16S/003-1290PIR-CIMI-CR-23-JL_S3_L001_R1_001.fastq.gz,forward
003-1290PIR-CIMI-CR-23-JL,/nfs/turbo/lsa-jbeehner/jlucore/CAT_GM_seqs/final_16S/003-1290PIR-CIMI-CR-23-JL_S3_L001_R2_001.fastq.gz,reverse
004-235PLU-CIMI-CR-23-JL,/nfs/turbo/lsa-jbeehner/jlucore/CAT_GM_seqs/final_16S/004-235PLU-CIMI-CR-23-JL_S4_L001_R1_001.fastq.gz,forward
004-235PLU-CIMI-CR-23-JL,/nfs/turbo/lsa-jbeehner/jlucore/CAT_GM_seqs/final_16S/004-235PLU-CIMI-CR-23-JL_S4_L001_R2_001.fastq.gz,reverse
005-378PLU-CIMI-CR-23-JL,/nfs/turbo/lsa-jbeehner/jlucore/CAT_GM_seqs/final_16S/005-378PLU-CIMI-CR-23-JL_S5_L001_R1_001.fastq.gz,forward
005-378PLU-CIMI-CR-23-JL,/nfs/turbo/lsa-jbeehner/jlucore/CAT_GM_seqs/final_16S/005-378PLU-CIMI-CR-23-JL_S5_L001_R2_001.fastq.gz,reverse
006-458PLU-CIMI-CR-23-JL,/nfs/turbo/lsa-jbeehner/jlucore/CAT_GM_seqs/final_16S/006-458PLU-CIMI-CR-23-JL_S6_L001_R1_001.fastq.gz,forward
006-458PLU-CIMI-CR-23-JL,/nfs/turbo/lsa-jbeehner/jlucore/CAT_GM_seqs/final_16S/006-458PLU-CIMI-CR-23-JL_S6_L001_R2_001.fastq.gz,reverse
007-550PLU-CIMI-CR-23-JL,/nfs/turbo/lsa-jbeehner/jlucore/CAT_GM_seqs/final_16S/007-550PLU-CIMI-CR-23-JL_S7_L001_R1_001.fastq.gz,forward
007-550PLU-CIMI-CR-23-JL,/nfs/turbo/lsa-jbeehner/jlucore/CAT_GM_seqs/final_16S/007-550PLU-CIMI-CR-23-JL_S7_L001_R2_001.fastq.gz,reverse
008-641PLU-CIMI-CR-23-JL,/nfs/turbo/lsa-jbeehner/jlucore/CAT_GM_seqs/final_16S/008-641PLU-CIMI-CR-23-JL_S8_L001_R1_001.fastq.gz,forward
008-641PLU-CIMI-CR-23-JL,/nfs/turbo/lsa-jbeehner/jlucore/CAT_GM_seqs/final_16S/008-641PLU-CIMI-CR-23-JL_S8_L001_R2_001.fastq.gz,reverse
009-822PLU-CIMI-CR-23-JL,/nfs/turbo/lsa-jbeehner/jlucore/CAT_GM_seqs/final_16S/009-822PLU-CIMI-CR-23-JL_S9_L001_R1_001.fastq.gz,forward
009-822PLU-CIMI-CR-23-JL,/nfs/turbo/lsa-jbeehner/jlucore/CAT_GM_seqs/final_16S/009-822PLU-CIMI-CR-23-JL_S9_L001_R2_001.fastq.gz,reverse
010-918PLU-CIMI-CR-23-JL,/nfs/turbo/lsa-jbeehner/jlucore/CAT_GM_seqs/final_16S/010-918PLU-CIMI-CR-23-JL_S10_L001_R1_001.fastq.gz,forward
010-918PLU-CIMI-CR-23-JL,/nfs/turbo/lsa-jbeehner/jlucore/CAT_GM_seqs/final_16S/010-918PLU-CIMI-CR-23-JL_S10_L001_R2_001.fastq.gz,reverse
011-1013PLU-CIMI-CR-23-JL,/nfs/turbo/lsa-jbeehner/jlucore/CAT_GM_seqs/final_16S/011-1013PLU-CIMI-CR-23-JL_S11_L001_R1_001.fastq.gz,forward
011-1013PLU-CIMI-CR-23-JL,/nfs/turbo/lsa-jbeehner/jlucore/CAT_GM_seqs/final_16S/011-1013PLU-CIMI-CR-23-JL_S11_L001_R2_001.fastq.gz,reverse
012-1161PLU-CIMI-CR-23-JL,/nfs/turbo/lsa-jbeehner/jlucore/CAT_GM_seqs/final_16S/012-1161PLU-CIMI-CR-23-JL_S12_L001_R1_001.fastq.gz,forward
012-1161PLU-CIMI-CR-23-JL,/nfs/turbo/lsa-jbeehner/jlucore/CAT_GM_seqs/final_16S/012-1161PLU-CIMI-CR-23-JL_S12_L001_R2_001.fastq.gz,reverse
013-1253PLU-CIMI-CR-23-JL,/nfs/turbo/lsa-jbeehner/jlucore/CAT_GM_seqs/final_16S/013-1253PLU-CIMI-CR-23-JL_S13_L001_R1_001.fastq.gz,forward
013-1253PLU-CIMI-CR-23-JL,/nfs/turbo/lsa-jbeehner/jlucore/CAT_GM_seqs/final_16S/013-1253PLU-CIMI-CR-23-JL_S13_L001_R2_001.fastq.gz,reverse
014-1254PLU-CIMI-CR-23-JL,/nfs/turbo/lsa-jbeehner/jlucore/CAT_GM_seqs/final_16S/014-1254PLU-CIMI-CR-23-JL_S14_L001_R1_001.fastq.gz,forward
014-1254PLU-CIMI-CR-23-JL,/nfs/turbo/lsa-jbeehner/jlucore/CAT_GM_seqs/final_16S/014-1254PLU-CIMI-CR-23-JL_S14_L001_R2_001.fastq.gz,reverse
015-1355PLU-CIMI-CR-23-JL,/nfs/turbo/lsa-jbeehner/jlucore/CAT_GM_seqs/final_16S/015-1355PLU-CIMI-CR-23-JL_S15_L001_R1_001.fastq.gz,forward
015-1355PLU-CIMI-CR-23-JL,/nfs/turbo/lsa-jbeehner/jlucore/CAT_GM_seqs/final_16S/015-1355PLU-CIMI-CR-23-JL_S15_L001_R2_001.fastq.gz,reverse
016-1011PRA-CIMI-CR-23-JL,/nfs/turbo/lsa-jbeehner/jlucore/CAT_GM_seqs/final_16S/016-1011PRA-CIMI-CR-23-JL_S16_L001_R1_001.fastq.gz,forward
016-1011PRA-CIMI-CR-23-JL,/nfs/turbo/lsa-jbeehner/jlucore/CAT_GM_seqs/final_16S/016-1011PRA-CIMI-CR-23-JL_S16_L001_R2_001.fastq.gz,reverse
017-1046PRA-CIMI-CR-23-JL,/nfs/turbo/lsa-jbeehner/jlucore/CAT_GM_seqs/final_16S/017-1046PRA-CIMI-CR-23-JL_S17_L001_R1_001.fastq.gz,forward
017-1046PRA-CIMI-CR-23-JL,/nfs/turbo/lsa-jbeehner/jlucore/CAT_GM_seqs/final_16S/017-1046PRA-CIMI-CR-23-JL_S17_L001_R2_001.fastq.gz,reverse
018-1215PRA-CIMI-CR-23-JL,/nfs/turbo/lsa-jbeehner/jlucore/CAT_GM_seqs/final_16S/018-1215PRA-CIMI-CR-23-JL_S18_L001_R1_001.fastq.gz,forward
018-1215PRA-CIMI-CR-23-JL,/nfs/turbo/lsa-jbeehner/jlucore/CAT_GM_seqs/final_16S/018-1215PRA-CIMI-CR-23-JL_S18_L001_R2_001.fastq.gz,reverse
019-1450PRA-CIMI-CR-23-JL,/nfs/turbo/lsa-jbeehner/jlucore/CAT_GM_seqs/final_16S/019-1450PRA-CIMI-CR-23-JL_S19_L001_R1_001.fastq.gz,forward
019-1450PRA-CIMI-CR-23-JL,/nfs/turbo/lsa-jbeehner/jlucore/CAT_GM_seqs/final_16S/019-1450PRA-CIMI-CR-23-JL_S19_L001_R2_001.fastq.gz,reverse
020-1477PRA-CIMI-CR-23-JL,/nfs/turbo/lsa-jbeehner/jlucore/CAT_GM_seqs/final_16S/020-1477PRA-CIMI-CR-23-JL_S20_L001_R1_001.fastq.gz,forward
020-1477PRA-CIMI-CR-23-JL,/nfs/turbo/lsa-jbeehner/jlucore/CAT_GM_seqs/final_16S/020-1477PRA-CIMI-CR-23-JL_S20_L001_R2_001.fastq.gz,reverse
021-Neg10-26-23-CIMI-CR-23-JL,/nfs/turbo/lsa-jbeehner/jlucore/CAT_GM_seqs/final_16S/021-Neg10-26-23-CIMI-CR-23-JL_S21_L001_R1_001.fastq.gz,forward
021-Neg10-26-23-CIMI-CR-23-JL,/nfs/turbo/lsa-jbeehner/jlucore/CAT_GM_seqs/final_16S/021-Neg10-26-23-CIMI-CR-23-JL_S21_L001_R2_001.fastq.gz,reverse
022-377PRI-CIMI-CR-23-JL,/nfs/turbo/lsa-jbeehner/jlucore/CAT_GM_seqs/final_16S/022-377PRI-CIMI-CR-23-JL_S22_L001_R1_001.fastq.gz,forward
022-377PRI-CIMI-CR-23-JL,/nfs/turbo/lsa-jbeehner/jlucore/CAT_GM_seqs/final_16S/022-377PRI-CIMI-CR-23-JL_S22_L001_R2_001.fastq.gz,reverse
023-432PRI-CIMI-CR-23-JL,/nfs/turbo/lsa-jbeehner/jlucore/CAT_GM_seqs/final_16S/023-432PRI-CIMI-CR-23-JL_S23_L001_R1_001.fastq.gz,forward
023-432PRI-CIMI-CR-23-JL,/nfs/turbo/lsa-jbeehner/jlucore/CAT_GM_seqs/final_16S/023-432PRI-CIMI-CR-23-JL_S23_L001_R2_001.fastq.gz,reverse
024-543PRI-CIMI-CR-23-JL,/nfs/turbo/lsa-jbeehner/jlucore/CAT_GM_seqs/final_16S/024-543PRI-CIMI-CR-23-JL_S24_L001_R1_001.fastq.gz,forward
024-543PRI-CIMI-CR-23-JL,/nfs/turbo/lsa-jbeehner/jlucore/CAT_GM_seqs/final_16S/024-543PRI-CIMI-CR-23-JL_S24_L001_R2_001.fastq.gz,reverse
025-Neg10-27-23-CIMI-CR-23-JL,/nfs/turbo/lsa-jbeehner/jlucore/CAT_GM_seqs/final_16S/025-Neg10-27-23-CIMI-CR-23-JL_S25_L001_R1_001.fastq.gz,forward
025-Neg10-27-23-CIMI-CR-23-JL,/nfs/turbo/lsa-jbeehner/jlucore/CAT_GM_seqs/final_16S/025-Neg10-27-23-CIMI-CR-23-JL_S25_L001_R2_001.fastq.gz,reverse
026-850PRI-CIMI-CR-23-JL,/nfs/turbo/lsa-jbeehner/jlucore/CAT_GM_seqs/final_16S/026-850PRI-CIMI-CR-23-JL_S26_L001_R1_001.fastq.gz,forward
026-850PRI-CIMI-CR-23-JL,/nfs/turbo/lsa-jbeehner/jlucore/CAT_GM_seqs/final_16S/026-850PRI-CIMI-CR-23-JL_S26_L001_R2_001.fastq.gz,reverse
027-933PRI-CIMI-CR-23-JL,/nfs/turbo/lsa-jbeehner/jlucore/CAT_GM_seqs/final_16S/027-933PRI-CIMI-CR-23-JL_S27_L001_R1_001.fastq.gz,forward
027-933PRI-CIMI-CR-23-JL,/nfs/turbo/lsa-jbeehner/jlucore/CAT_GM_seqs/final_16S/027-933PRI-CIMI-CR-23-JL_S27_L001_R2_001.fastq.gz,reverse
028-1171PRI-CIMI-CR-23-JL,/nfs/turbo/lsa-jbeehner/jlucore/CAT_GM_seqs/final_16S/028-1171PRI-CIMI-CR-23-JL_S28_L001_R1_001.fastq.gz,forward
028-1171PRI-CIMI-CR-23-JL,/nfs/turbo/lsa-jbeehner/jlucore/CAT_GM_seqs/final_16S/028-1171PRI-CIMI-CR-23-JL_S28_L001_R2_001.fastq.gz,reverse
029-1423PRI-CIMI-CR-23-JL,/nfs/turbo/lsa-jbeehner/jlucore/CAT_GM_seqs/final_16S/029-1423PRI-CIMI-CR-23-JL_S29_L001_R1_001.fastq.gz,forward
029-1423PRI-CIMI-CR-23-JL,/nfs/turbo/lsa-jbeehner/jlucore/CAT_GM_seqs/final_16S/029-1423PRI-CIMI-CR-23-JL_S29_L001_R2_001.fastq.gz,reverse
030-1478PRI-CIMI-CR-23-JL,/nfs/turbo/lsa-jbeehner/jlucore/CAT_GM_seqs/final_16S/030-1478PRI-CIMI-CR-23-JL_S30_L001_R1_001.fastq.gz,forward
030-1478PRI-CIMI-CR-23-JL,/nfs/turbo/lsa-jbeehner/jlucore/CAT_GM_seqs/final_16S/030-1478PRI-CIMI-CR-23-JL_S30_L001_R2_001.fastq.gz,reverse
031-147PRU-CIMI-CR-23-JL,/nfs/turbo/lsa-jbeehner/jlucore/CAT_GM_seqs/final_16S/031-147PRU-CIMI-CR-23-JL_S31_L001_R1_001.fastq.gz,forward
031-147PRU-CIMI-CR-23-JL,/nfs/turbo/lsa-jbeehner/jlucore/CAT_GM_seqs/final_16S/031-147PRU-CIMI-CR-23-JL_S31_L001_R2_001.fastq.gz,reverse
032-376PRU-CIMI-CR-23-JL,/nfs/turbo/lsa-jbeehner/jlucore/CAT_GM_seqs/final_16S/032-376PRU-CIMI-CR-23-JL_S32_L001_R1_001.fastq.gz,forward
032-376PRU-CIMI-CR-23-JL,/nfs/turbo/lsa-jbeehner/jlucore/CAT_GM_seqs/final_16S/032-376PRU-CIMI-CR-23-JL_S32_L001_R2_001.fastq.gz,reverse
033-541PRU-CIMI-CR-23-JL,/nfs/turbo/lsa-jbeehner/jlucore/CAT_GM_seqs/final_16S/033-541PRU-CIMI-CR-23-JL_S33_L001_R1_001.fastq.gz,forward
033-541PRU-CIMI-CR-23-JL,/nfs/turbo/lsa-jbeehner/jlucore/CAT_GM_seqs/final_16S/033-541PRU-CIMI-CR-23-JL_S33_L001_R2_001.fastq.gz,reverse
034-848PRU-CIMI-CR-23-JL,/nfs/turbo/lsa-jbeehner/jlucore/CAT_GM_seqs/final_16S/034-848PRU-CIMI-CR-23-JL_S34_L001_R1_001.fastq.gz,forward
034-848PRU-CIMI-CR-23-JL,/nfs/turbo/lsa-jbeehner/jlucore/CAT_GM_seqs/final_16S/034-848PRU-CIMI-CR-23-JL_S34_L001_R2_001.fastq.gz,reverse
035-931PRU-CIMI-CR-23-JL,/nfs/turbo/lsa-jbeehner/jlucore/CAT_GM_seqs/final_16S/035-931PRU-CIMI-CR-23-JL_S35_L001_R1_001.fastq.gz,forward
035-931PRU-CIMI-CR-23-JL,/nfs/turbo/lsa-jbeehner/jlucore/CAT_GM_seqs/final_16S/035-931PRU-CIMI-CR-23-JL_S35_L001_R2_001.fastq.gz,reverse
036-1211PRU-CIMI-CR-23-JL,/nfs/turbo/lsa-jbeehner/jlucore/CAT_GM_seqs/final_16S/036-1211PRU-CIMI-CR-23-JL_S36_L001_R1_001.fastq.gz,forward
036-1211PRU-CIMI-CR-23-JL,/nfs/turbo/lsa-jbeehner/jlucore/CAT_GM_seqs/final_16S/036-1211PRU-CIMI-CR-23-JL_S36_L001_R2_001.fastq.gz,reverse
037-1437PRU-CIMI-CR-23-JL,/nfs/turbo/lsa-jbeehner/jlucore/CAT_GM_seqs/final_16S/037-1437PRU-CIMI-CR-23-JL_S37_L001_R1_001.fastq.gz,forward
037-1437PRU-CIMI-CR-23-JL,/nfs/turbo/lsa-jbeehner/jlucore/CAT_GM_seqs/final_16S/037-1437PRU-CIMI-CR-23-JL_S37_L001_R2_001.fastq.gz,reverse
038-441PUR-CIMI-CR-23-JL,/nfs/turbo/lsa-jbeehner/jlucore/CAT_GM_seqs/final_16S/038-441PUR-CIMI-CR-23-JL_S38_L001_R1_001.fastq.gz,forward
038-441PUR-CIMI-CR-23-JL,/nfs/turbo/lsa-jbeehner/jlucore/CAT_GM_seqs/final_16S/038-441PUR-CIMI-CR-23-JL_S38_L001_R2_001.fastq.gz,reverse
039-666PUR-CIMI-CR-23-JL,/nfs/turbo/lsa-jbeehner/jlucore/CAT_GM_seqs/final_16S/039-666PUR-CIMI-CR-23-JL_S39_L001_R1_001.fastq.gz,forward
039-666PUR-CIMI-CR-23-JL,/nfs/turbo/lsa-jbeehner/jlucore/CAT_GM_seqs/final_16S/039-666PUR-CIMI-CR-23-JL_S39_L001_R2_001.fastq.gz,reverse
040-1000PUR-CIMI-CR-23-JL,/nfs/turbo/lsa-jbeehner/jlucore/CAT_GM_seqs/final_16S/040-1000PUR-CIMI-CR-23-JL_S40_L001_R1_001.fastq.gz,forward
040-1000PUR-CIMI-CR-23-JL,/nfs/turbo/lsa-jbeehner/jlucore/CAT_GM_seqs/final_16S/040-1000PUR-CIMI-CR-23-JL_S40_L001_R2_001.fastq.gz,reverse
041-Neg10-30-23-CIMI-CR-23-JL,/nfs/turbo/lsa-jbeehner/jlucore/CAT_GM_seqs/final_16S/041-Neg10-30-23-CIMI-CR-23-JL_S41_L001_R1_001.fastq.gz,forward
041-Neg10-30-23-CIMI-CR-23-JL,/nfs/turbo/lsa-jbeehner/jlucore/CAT_GM_seqs/final_16S/041-Neg10-30-23-CIMI-CR-23-JL_S41_L001_R2_001.fastq.gz,reverse
183-1235TAB-CIMI-CR-23-JL,/nfs/turbo/lsa-jbeehner/jlucore/CAT_GM_seqs/final_16S/183-1235TAB-CIMI-CR-23-JL_S183_L001_R1_001.fastq.gz,forward
183-1235TAB-CIMI-CR-23-JL,/nfs/turbo/lsa-jbeehner/jlucore/CAT_GM_seqs/final_16S/183-1235TAB-CIMI-CR-23-JL_S183_L001_R2_001.fastq.gz,reverse
184-Neg11-07-23-CIMI-CR-23-JL,/nfs/turbo/lsa-jbeehner/jlucore/CAT_GM_seqs/final_16S/184-Neg11-07-23-CIMI-CR-23-JL_S184_L001_R1_001.fastq.gz,forward
184-Neg11-07-23-CIMI-CR-23-JL,/nfs/turbo/lsa-jbeehner/jlucore/CAT_GM_seqs/final_16S/184-Neg11-07-23-CIMI-CR-23-JL_S184_L001_R2_001.fastq.gz,reverse
185-1266TAB-CIMI-CR-23-JL,/nfs/turbo/lsa-jbeehner/jlucore/CAT_GM_seqs/final_16S/185-1266TAB-CIMI-CR-23-JL_S185_L001_R1_001.fastq.gz,forward
185-1266TAB-CIMI-CR-23-JL,/nfs/turbo/lsa-jbeehner/jlucore/CAT_GM_seqs/final_16S/185-1266TAB-CIMI-CR-23-JL_S185_L001_R2_001.fastq.gz,reverse
186-1337TAB-CIMI-CR-23-JL,/nfs/turbo/lsa-jbeehner/jlucore/CAT_GM_seqs/final_16S/186-1337TAB-CIMI-CR-23-JL_S186_L001_R1_001.fastq.gz,forward
186-1337TAB-CIMI-CR-23-JL,/nfs/turbo/lsa-jbeehner/jlucore/CAT_GM_seqs/final_16S/186-1337TAB-CIMI-CR-23-JL_S186_L001_R2_001.fastq.gz,reverse
187-1410TAB-CIMI-CR-23-JL,/nfs/turbo/lsa-jbeehner/jlucore/CAT_GM_seqs/final_16S/187-1410TAB-CIMI-CR-23-JL_S187_L001_R1_001.fastq.gz,forward
187-1410TAB-CIMI-CR-23-JL,/nfs/turbo/lsa-jbeehner/jlucore/CAT_GM_seqs/final_16S/187-1410TAB-CIMI-CR-23-JL_S187_L001_R2_001.fastq.gz,reverse
188-120TAM-CIMI-CR-23-JL,/nfs/turbo/lsa-jbeehner/jlucore/CAT_GM_seqs/final_16S/188-120TAM-CIMI-CR-23-JL_S188_L001_R1_001.fastq.gz,forward
188-120TAM-CIMI-CR-23-JL,/nfs/turbo/lsa-jbeehner/jlucore/CAT_GM_seqs/final_16S/188-120TAM-CIMI-CR-23-JL_S188_L001_R2_001.fastq.gz,reverse
189-PCR1NegPlt211-20-23-CIMI-CR-23-JL,/nfs/turbo/lsa-jbeehner/jlucore/CAT_GM_seqs/final_16S/189-PCR1NegPlt211-20-23-CIMI-CR-23-JL_S189_L001_R1_001.fastq.gz,forward
189-PCR1NegPlt211-20-23-CIMI-CR-23-JL,/nfs/turbo/lsa-jbeehner/jlucore/CAT_GM_seqs/final_16S/189-PCR1NegPlt211-20-23-CIMI-CR-23-JL_S189_L001_R2_001.fastq.gz,reverse
190-Neg10-30-23-CIMI-CR-23-JL,/nfs/turbo/lsa-jbeehner/jlucore/CAT_GM_seqs/final_16S/190-Neg10-30-23-CIMI-CR-23-JL_S190_L001_R1_001.fastq.gz,forward
190-Neg10-30-23-CIMI-CR-23-JL,/nfs/turbo/lsa-jbeehner/jlucore/CAT_GM_seqs/final_16S/190-Neg10-30-23-CIMI-CR-23-JL_S190_L001_R2_001.fastq.gz,reverse
191-9IRE-CIMI-CR-23-JL,/nfs/turbo/lsa-jbeehner/jlucore/CAT_GM_seqs/final_16S/191-9IRE-CIMI-CR-23-JL_S191_L001_R1_001.fastq.gz,forward
191-9IRE-CIMI-CR-23-JL,/nfs/turbo/lsa-jbeehner/jlucore/CAT_GM_seqs/final_16S/191-9IRE-CIMI-CR-23-JL_S191_L001_R2_001.fastq.gz,reverse
192-PCR2Plt2Neg-CIMI-CR-23-JL,/nfs/turbo/lsa-jbeehner/jlucore/CAT_GM_seqs/final_16S/192-PCR2Plt2Neg-CIMI-CR-23-JL_S192_L001_R1_001.fastq.gz,forward
192-PCR2Plt2Neg-CIMI-CR-23-JL,/nfs/turbo/lsa-jbeehner/jlucore/CAT_GM_seqs/final_16S/192-PCR2Plt2Neg-CIMI-CR-23-JL_S192_L001_R2_001.fastq.gz,reverse
193-168TAM-CIMI-CR-23-JL,/nfs/turbo/lsa-jbeehner/jlucore/CAT_GM_seqs/final_16S/193-168TAM-CIMI-CR-23-JL_S193_L001_R1_001.fastq.gz,forward
193-168TAM-CIMI-CR-23-JL,/nfs/turbo/lsa-jbeehner/jlucore/CAT_GM_seqs/final_16S/193-168TAM-CIMI-CR-23-JL_S193_L001_R2_001.fastq.gz,reverse
194-249TAM-CIMI-CR-23-JL,/nfs/turbo/lsa-jbeehner/jlucore/CAT_GM_seqs/final_16S/194-249TAM-CIMI-CR-23-JL_S194_L001_R1_001.fastq.gz,forward
194-249TAM-CIMI-CR-23-JL,/nfs/turbo/lsa-jbeehner/jlucore/CAT_GM_seqs/final_16S/194-249TAM-CIMI-CR-23-JL_S194_L001_R2_001.fastq.gz,reverse
195-371TAM-CIMI-CR-23-JL,/nfs/turbo/lsa-jbeehner/jlucore/CAT_GM_seqs/final_16S/195-371TAM-CIMI-CR-23-JL_S195_L001_R1_001.fastq.gz,forward
195-371TAM-CIMI-CR-23-JL,/nfs/turbo/lsa-jbeehner/jlucore/CAT_GM_seqs/final_16S/195-371TAM-CIMI-CR-23-JL_S195_L001_R2_001.fastq.gz,reverse
196-435TAM-CIMI-CR-23-JL,/nfs/turbo/lsa-jbeehner/jlucore/CAT_GM_seqs/final_16S/196-435TAM-CIMI-CR-23-JL_S196_L001_R1_001.fastq.gz,forward
196-435TAM-CIMI-CR-23-JL,/nfs/turbo/lsa-jbeehner/jlucore/CAT_GM_seqs/final_16S/196-435TAM-CIMI-CR-23-JL_S196_L001_R2_001.fastq.gz,reverse
197-504TAM-CIMI-CR-23-JL,/nfs/turbo/lsa-jbeehner/jlucore/CAT_GM_seqs/final_16S/197-504TAM-CIMI-CR-23-JL_S197_L001_R1_001.fastq.gz,forward
197-504TAM-CIMI-CR-23-JL,/nfs/turbo/lsa-jbeehner/jlucore/CAT_GM_seqs/final_16S/197-504TAM-CIMI-CR-23-JL_S197_L001_R2_001.fastq.gz,reverse
198-661TAM-CIMI-CR-23-JL,/nfs/turbo/lsa-jbeehner/jlucore/CAT_GM_seqs/final_16S/198-661TAM-CIMI-CR-23-JL_S198_L001_R1_001.fastq.gz,forward
198-661TAM-CIMI-CR-23-JL,/nfs/turbo/lsa-jbeehner/jlucore/CAT_GM_seqs/final_16S/198-661TAM-CIMI-CR-23-JL_S198_L001_R2_001.fastq.gz,reverse
199-Neg11-09-23-CIMI-CR-23-JL,/nfs/turbo/lsa-jbeehner/jlucore/CAT_GM_seqs/final_16S/199-Neg11-09-23-CIMI-CR-23-JL_S199_L001_R1_001.fastq.gz,forward
199-Neg11-09-23-CIMI-CR-23-JL,/nfs/turbo/lsa-jbeehner/jlucore/CAT_GM_seqs/final_16S/199-Neg11-09-23-CIMI-CR-23-JL_S199_L001_R2_001.fastq.gz,reverse
200-733TAM-CIMI-CR-23-JL,/nfs/turbo/lsa-jbeehner/jlucore/CAT_GM_seqs/final_16S/200-733TAM-CIMI-CR-23-JL_S200_L001_R1_001.fastq.gz,forward
200-733TAM-CIMI-CR-23-JL,/nfs/turbo/lsa-jbeehner/jlucore/CAT_GM_seqs/final_16S/200-733TAM-CIMI-CR-23-JL_S200_L001_R2_001.fastq.gz,reverse
201-814TAM-CIMI-CR-23-JL,/nfs/turbo/lsa-jbeehner/jlucore/CAT_GM_seqs/final_16S/201-814TAM-CIMI-CR-23-JL_S201_L001_R1_001.fastq.gz,forward
201-814TAM-CIMI-CR-23-JL,/nfs/turbo/lsa-jbeehner/jlucore/CAT_GM_seqs/final_16S/201-814TAM-CIMI-CR-23-JL_S201_L001_R2_001.fastq.gz,reverse
202-892TAM-CIMI-CR-23-JL,/nfs/turbo/lsa-jbeehner/jlucore/CAT_GM_seqs/final_16S/202-892TAM-CIMI-CR-23-JL_S202_L001_R1_001.fastq.gz,forward
202-892TAM-CIMI-CR-23-JL,/nfs/turbo/lsa-jbeehner/jlucore/CAT_GM_seqs/final_16S/202-892TAM-CIMI-CR-23-JL_S202_L001_R2_001.fastq.gz,reverse
203-1038TAM-CIMI-CR-23-JL,/nfs/turbo/lsa-jbeehner/jlucore/CAT_GM_seqs/final_16S/203-1038TAM-CIMI-CR-23-JL_S203_L001_R1_001.fastq.gz,forward
203-1038TAM-CIMI-CR-23-JL,/nfs/turbo/lsa-jbeehner/jlucore/CAT_GM_seqs/final_16S/203-1038TAM-CIMI-CR-23-JL_S203_L001_R2_001.fastq.gz,reverse
204-1092TAM-CIMI-CR-23-JL,/nfs/turbo/lsa-jbeehner/jlucore/CAT_GM_seqs/final_16S/204-1092TAM-CIMI-CR-23-JL_S204_L001_R1_001.fastq.gz,forward
204-1092TAM-CIMI-CR-23-JL,/nfs/turbo/lsa-jbeehner/jlucore/CAT_GM_seqs/final_16S/204-1092TAM-CIMI-CR-23-JL_S204_L001_R2_001.fastq.gz,reverse
205-Neg11-10-23-CIMI-CR-23-JL,/nfs/turbo/lsa-jbeehner/jlucore/CAT_GM_seqs/final_16S/205-Neg11-10-23-CIMI-CR-23-JL_S205_L001_R1_001.fastq.gz,forward
205-Neg11-10-23-CIMI-CR-23-JL,/nfs/turbo/lsa-jbeehner/jlucore/CAT_GM_seqs/final_16S/205-Neg11-10-23-CIMI-CR-23-JL_S205_L001_R2_001.fastq.gz,reverse
206-1202TAM-CIMI-CR-23-JL,/nfs/turbo/lsa-jbeehner/jlucore/CAT_GM_seqs/final_16S/206-1202TAM-CIMI-CR-23-JL_S206_L001_R1_001.fastq.gz,forward
206-1202TAM-CIMI-CR-23-JL,/nfs/turbo/lsa-jbeehner/jlucore/CAT_GM_seqs/final_16S/206-1202TAM-CIMI-CR-23-JL_S206_L001_R2_001.fastq.gz,reverse
207-1265TAM-CIMI-CR-23-JL,/nfs/turbo/lsa-jbeehner/jlucore/CAT_GM_seqs/final_16S/207-1265TAM-CIMI-CR-23-JL_S207_L001_R1_001.fastq.gz,forward
207-1265TAM-CIMI-CR-23-JL,/nfs/turbo/lsa-jbeehner/jlucore/CAT_GM_seqs/final_16S/207-1265TAM-CIMI-CR-23-JL_S207_L001_R2_001.fastq.gz,reverse
208-1331TAM-CIMI-CR-23-JL,/nfs/turbo/lsa-jbeehner/jlucore/CAT_GM_seqs/final_16S/208-1331TAM-CIMI-CR-23-JL_S208_L001_R1_001.fastq.gz,forward
208-1331TAM-CIMI-CR-23-JL,/nfs/turbo/lsa-jbeehner/jlucore/CAT_GM_seqs/final_16S/208-1331TAM-CIMI-CR-23-JL_S208_L001_R2_001.fastq.gz,reverse
209-Neg11-14-23-CIMI-CR-23-JL,/nfs/turbo/lsa-jbeehner/jlucore/CAT_GM_seqs/final_16S/209-Neg11-14-23-CIMI-CR-23-JL_S209_L001_R1_001.fastq.gz,forward
209-Neg11-14-23-CIMI-CR-23-JL,/nfs/turbo/lsa-jbeehner/jlucore/CAT_GM_seqs/final_16S/209-Neg11-14-23-CIMI-CR-23-JL_S209_L001_R2_001.fastq.gz,reverse
210-1407TAM-CIMI-CR-23-JL,/nfs/turbo/lsa-jbeehner/jlucore/CAT_GM_seqs/final_16S/210-1407TAM-CIMI-CR-23-JL_S210_L001_R1_001.fastq.gz,forward
210-1407TAM-CIMI-CR-23-JL,/nfs/turbo/lsa-jbeehner/jlucore/CAT_GM_seqs/final_16S/210-1407TAM-CIMI-CR-23-JL_S210_L001_R2_001.fastq.gz,reverse
211-1493TAM-CIMI-CR-23-JL,/nfs/turbo/lsa-jbeehner/jlucore/CAT_GM_seqs/final_16S/211-1493TAM-CIMI-CR-23-JL_S211_L001_R1_001.fastq.gz,forward
211-1493TAM-CIMI-CR-23-JL,/nfs/turbo/lsa-jbeehner/jlucore/CAT_GM_seqs/final_16S/211-1493TAM-CIMI-CR-23-JL_S211_L001_R2_001.fastq.gz,reverse
212-271TAN-CIMI-CR-23-JL,/nfs/turbo/lsa-jbeehner/jlucore/CAT_GM_seqs/final_16S/212-271TAN-CIMI-CR-23-JL_S212_L001_R1_001.fastq.gz,forward
212-271TAN-CIMI-CR-23-JL,/nfs/turbo/lsa-jbeehner/jlucore/CAT_GM_seqs/final_16S/212-271TAN-CIMI-CR-23-JL_S212_L001_R2_001.fastq.gz,reverse
213-345TAN-CIMI-CR-23-JL,/nfs/turbo/lsa-jbeehner/jlucore/CAT_GM_seqs/final_16S/213-345TAN-CIMI-CR-23-JL_S213_L001_R1_001.fastq.gz,forward
213-345TAN-CIMI-CR-23-JL,/nfs/turbo/lsa-jbeehner/jlucore/CAT_GM_seqs/final_16S/213-345TAN-CIMI-CR-23-JL_S213_L001_R2_001.fastq.gz,reverse
214-403TAN-CIMI-CR-23-JL,/nfs/turbo/lsa-jbeehner/jlucore/CAT_GM_seqs/final_16S/214-403TAN-CIMI-CR-23-JL_S214_L001_R1_001.fastq.gz,forward
214-403TAN-CIMI-CR-23-JL,/nfs/turbo/lsa-jbeehner/jlucore/CAT_GM_seqs/final_16S/214-403TAN-CIMI-CR-23-JL_S214_L001_R2_001.fastq.gz,reverse
215-485TAN-CIMI-CR-23-JL,/nfs/turbo/lsa-jbeehner/jlucore/CAT_GM_seqs/final_16S/215-485TAN-CIMI-CR-23-JL_S215_L001_R1_001.fastq.gz,forward
215-485TAN-CIMI-CR-23-JL,/nfs/turbo/lsa-jbeehner/jlucore/CAT_GM_seqs/final_16S/215-485TAN-CIMI-CR-23-JL_S215_L001_R2_001.fastq.gz,reverse
216-578TAN-CIMI-CR-23-JL,/nfs/turbo/lsa-jbeehner/jlucore/CAT_GM_seqs/final_16S/216-578TAN-CIMI-CR-23-JL_S216_L001_R1_001.fastq.gz,forward
216-578TAN-CIMI-CR-23-JL,/nfs/turbo/lsa-jbeehner/jlucore/CAT_GM_seqs/final_16S/216-578TAN-CIMI-CR-23-JL_S216_L001_R2_001.fastq.gz,reverse
217-660TAN-CIMI-CR-23-JL,/nfs/turbo/lsa-jbeehner/jlucore/CAT_GM_seqs/final_16S/217-660TAN-CIMI-CR-23-JL_S217_L001_R1_001.fastq.gz,forward
217-660TAN-CIMI-CR-23-JL,/nfs/turbo/lsa-jbeehner/jlucore/CAT_GM_seqs/final_16S/217-660TAN-CIMI-CR-23-JL_S217_L001_R2_001.fastq.gz,reverse
218-718TAN-CIMI-CR-23-JL,/nfs/turbo/lsa-jbeehner/jlucore/CAT_GM_seqs/final_16S/218-718TAN-CIMI-CR-23-JL_S218_L001_R1_001.fastq.gz,forward
218-718TAN-CIMI-CR-23-JL,/nfs/turbo/lsa-jbeehner/jlucore/CAT_GM_seqs/final_16S/218-718TAN-CIMI-CR-23-JL_S218_L001_R2_001.fastq.gz,reverse
219-829TAN-CIMI-CR-23-JL,/nfs/turbo/lsa-jbeehner/jlucore/CAT_GM_seqs/final_16S/219-829TAN-CIMI-CR-23-JL_S219_L001_R1_001.fastq.gz,forward
219-829TAN-CIMI-CR-23-JL,/nfs/turbo/lsa-jbeehner/jlucore/CAT_GM_seqs/final_16S/219-829TAN-CIMI-CR-23-JL_S219_L001_R2_001.fastq.gz,reverse
220-902TAN-CIMI-CR-23-JL,/nfs/turbo/lsa-jbeehner/jlucore/CAT_GM_seqs/final_16S/220-902TAN-CIMI-CR-23-JL_S220_L001_R1_001.fastq.gz,forward
220-902TAN-CIMI-CR-23-JL,/nfs/turbo/lsa-jbeehner/jlucore/CAT_GM_seqs/final_16S/220-902TAN-CIMI-CR-23-JL_S220_L001_R2_001.fastq.gz,reverse
221-1121TAN-CIMI-CR-23-JL,/nfs/turbo/lsa-jbeehner/jlucore/CAT_GM_seqs/final_16S/221-1121TAN-CIMI-CR-23-JL_S221_L001_R1_001.fastq.gz,forward
221-1121TAN-CIMI-CR-23-JL,/nfs/turbo/lsa-jbeehner/jlucore/CAT_GM_seqs/final_16S/221-1121TAN-CIMI-CR-23-JL_S221_L001_R2_001.fastq.gz,reverse
222-1198TAN-CIMI-CR-23-JL,/nfs/turbo/lsa-jbeehner/jlucore/CAT_GM_seqs/final_16S/222-1198TAN-CIMI-CR-23-JL_S222_L001_R1_001.fastq.gz,forward
222-1198TAN-CIMI-CR-23-JL,/nfs/turbo/lsa-jbeehner/jlucore/CAT_GM_seqs/final_16S/222-1198TAN-CIMI-CR-23-JL_S222_L001_R2_001.fastq.gz,reverse
223-1257TAN-CIMI-CR-23-JL,/nfs/turbo/lsa-jbeehner/jlucore/CAT_GM_seqs/final_16S/223-1257TAN-CIMI-CR-23-JL_S223_L001_R1_001.fastq.gz,forward
223-1257TAN-CIMI-CR-23-JL,/nfs/turbo/lsa-jbeehner/jlucore/CAT_GM_seqs/final_16S/223-1257TAN-CIMI-CR-23-JL_S223_L001_R2_001.fastq.gz,reverse
224-1334TAN-CIMI-CR-23-JL,/nfs/turbo/lsa-jbeehner/jlucore/CAT_GM_seqs/final_16S/224-1334TAN-CIMI-CR-23-JL_S224_L001_R1_001.fastq.gz,forward
224-1334TAN-CIMI-CR-23-JL,/nfs/turbo/lsa-jbeehner/jlucore/CAT_GM_seqs/final_16S/224-1334TAN-CIMI-CR-23-JL_S224_L001_R2_001.fastq.gz,reverse
225-Neg11-21-23-CIMI-CR-23-JL,/nfs/turbo/lsa-jbeehner/jlucore/CAT_GM_seqs/final_16S/225-Neg11-21-23-CIMI-CR-23-JL_S225_L001_R1_001.fastq.gz,forward
225-Neg11-21-23-CIMI-CR-23-JL,/nfs/turbo/lsa-jbeehner/jlucore/CAT_GM_seqs/final_16S/225-Neg11-21-23-CIMI-CR-23-JL_S225_L001_R2_001.fastq.gz,reverse
226-1378TAN-CIMI-CR-23-JL,/nfs/turbo/lsa-jbeehner/jlucore/CAT_GM_seqs/final_16S/226-1378TAN-CIMI-CR-23-JL_S226_L001_R1_001.fastq.gz,forward
226-1378TAN-CIMI-CR-23-JL,/nfs/turbo/lsa-jbeehner/jlucore/CAT_GM_seqs/final_16S/226-1378TAN-CIMI-CR-23-JL_S226_L001_R2_001.fastq.gz,reverse
227-1490TAN-CIMI-CR-23-JL,/nfs/turbo/lsa-jbeehner/jlucore/CAT_GM_seqs/final_16S/227-1490TAN-CIMI-CR-23-JL_S227_L001_R1_001.fastq.gz,forward
227-1490TAN-CIMI-CR-23-JL,/nfs/turbo/lsa-jbeehner/jlucore/CAT_GM_seqs/final_16S/227-1490TAN-CIMI-CR-23-JL_S227_L001_R2_001.fastq.gz,reverse
228-1538TAN-CIMI-CR-23-JL,/nfs/turbo/lsa-jbeehner/jlucore/CAT_GM_seqs/final_16S/228-1538TAN-CIMI-CR-23-JL_S228_L001_R1_001.fastq.gz,forward
228-1538TAN-CIMI-CR-23-JL,/nfs/turbo/lsa-jbeehner/jlucore/CAT_GM_seqs/final_16S/228-1538TAN-CIMI-CR-23-JL_S228_L001_R2_001.fastq.gz,reverse
229-678TAN-CIMI-CR-23-JL,/nfs/turbo/lsa-jbeehner/jlucore/CAT_GM_seqs/final_16S/229-678TAN-CIMI-CR-23-JL_S229_L001_R1_001.fastq.gz,forward
229-678TAN-CIMI-CR-23-JL,/nfs/turbo/lsa-jbeehner/jlucore/CAT_GM_seqs/final_16S/229-678TAN-CIMI-CR-23-JL_S229_L001_R2_001.fastq.gz,reverse
230-Neg11-22-23-CIMI-CR-23-JL,/nfs/turbo/lsa-jbeehner/jlucore/CAT_GM_seqs/final_16S/230-Neg11-22-23-CIMI-CR-23-JL_S230_L001_R1_001.fastq.gz,forward
230-Neg11-22-23-CIMI-CR-23-JL,/nfs/turbo/lsa-jbeehner/jlucore/CAT_GM_seqs/final_16S/230-Neg11-22-23-CIMI-CR-23-JL_S230_L001_R2_001.fastq.gz,reverse
231-466TEM-CIMI-CR-23-JL,/nfs/turbo/lsa-jbeehner/jlucore/CAT_GM_seqs/final_16S/231-466TEM-CIMI-CR-23-JL_S231_L001_R1_001.fastq.gz,forward
231-466TEM-CIMI-CR-23-JL,/nfs/turbo/lsa-jbeehner/jlucore/CAT_GM_seqs/final_16S/231-466TEM-CIMI-CR-23-JL_S231_L001_R2_001.fastq.gz,reverse
232-726TEM-CIMI-CR-23-JL,/nfs/turbo/lsa-jbeehner/jlucore/CAT_GM_seqs/final_16S/232-726TEM-CIMI-CR-23-JL_S232_L001_R1_001.fastq.gz,forward
232-726TEM-CIMI-CR-23-JL,/nfs/turbo/lsa-jbeehner/jlucore/CAT_GM_seqs/final_16S/232-726TEM-CIMI-CR-23-JL_S232_L001_R2_001.fastq.gz,reverse
233-1109TEM-CIMI-CR-23-JL,/nfs/turbo/lsa-jbeehner/jlucore/CAT_GM_seqs/final_16S/233-1109TEM-CIMI-CR-23-JL_S233_L001_R1_001.fastq.gz,forward
233-1109TEM-CIMI-CR-23-JL,/nfs/turbo/lsa-jbeehner/jlucore/CAT_GM_seqs/final_16S/233-1109TEM-CIMI-CR-23-JL_S233_L001_R2_001.fastq.gz,reverse
234-1175TEM-CIMI-CR-23-JL,/nfs/turbo/lsa-jbeehner/jlucore/CAT_GM_seqs/final_16S/234-1175TEM-CIMI-CR-23-JL_S234_L001_R1_001.fastq.gz,forward
234-1175TEM-CIMI-CR-23-JL,/nfs/turbo/lsa-jbeehner/jlucore/CAT_GM_seqs/final_16S/234-1175TEM-CIMI-CR-23-JL_S234_L001_R2_001.fastq.gz,reverse
235-1262TEM-CIMI-CR-23-JL,/nfs/turbo/lsa-jbeehner/jlucore/CAT_GM_seqs/final_16S/235-1262TEM-CIMI-CR-23-JL_S235_L001_R1_001.fastq.gz,forward
235-1262TEM-CIMI-CR-23-JL,/nfs/turbo/lsa-jbeehner/jlucore/CAT_GM_seqs/final_16S/235-1262TEM-CIMI-CR-23-JL_S235_L001_R2_001.fastq.gz,reverse
236-1339TEM-CIMI-CR-23-JL,/nfs/turbo/lsa-jbeehner/jlucore/CAT_GM_seqs/final_16S/236-1339TEM-CIMI-CR-23-JL_S236_L001_R1_001.fastq.gz,forward
236-1339TEM-CIMI-CR-23-JL,/nfs/turbo/lsa-jbeehner/jlucore/CAT_GM_seqs/final_16S/236-1339TEM-CIMI-CR-23-JL_S236_L001_R2_001.fastq.gz,reverse
237-1408TEM-CIMI-CR-23-JL,/nfs/turbo/lsa-jbeehner/jlucore/CAT_GM_seqs/final_16S/237-1408TEM-CIMI-CR-23-JL_S237_L001_R1_001.fastq.gz,forward
237-1408TEM-CIMI-CR-23-JL,/nfs/turbo/lsa-jbeehner/jlucore/CAT_GM_seqs/final_16S/237-1408TEM-CIMI-CR-23-JL_S237_L001_R2_001.fastq.gz,reverse
238-1470TEM-CIMI-CR-23-JL,/nfs/turbo/lsa-jbeehner/jlucore/CAT_GM_seqs/final_16S/238-1470TEM-CIMI-CR-23-JL_S238_L001_R1_001.fastq.gz,forward
238-1470TEM-CIMI-CR-23-JL,/nfs/turbo/lsa-jbeehner/jlucore/CAT_GM_seqs/final_16S/238-1470TEM-CIMI-CR-23-JL_S238_L001_R2_001.fastq.gz,reverse
239-1522TEM-CIMI-CR-23-JL,/nfs/turbo/lsa-jbeehner/jlucore/CAT_GM_seqs/final_16S/239-1522TEM-CIMI-CR-23-JL_S239_L001_R1_001.fastq.gz,forward
239-1522TEM-CIMI-CR-23-JL,/nfs/turbo/lsa-jbeehner/jlucore/CAT_GM_seqs/final_16S/239-1522TEM-CIMI-CR-23-JL_S239_L001_R2_001.fastq.gz,reverse
240-Neg11-27-23-CIMI-CR-23-JL,/nfs/turbo/lsa-jbeehner/jlucore/CAT_GM_seqs/final_16S/240-Neg11-27-23-CIMI-CR-23-JL_S240_L001_R1_001.fastq.gz,forward
240-Neg11-27-23-CIMI-CR-23-JL,/nfs/turbo/lsa-jbeehner/jlucore/CAT_GM_seqs/final_16S/240-Neg11-27-23-CIMI-CR-23-JL_S240_L001_R2_001.fastq.gz,reverse
241-PCR1NegPltA11-30-23-CIMI-CR-23-JL,/nfs/turbo/lsa-jbeehner/jlucore/CAT_GM_seqs/final_16S/241-PCR1NegPltA11-30-23-CIMI-CR-23-JL_S241_L001_R1_001.fastq.gz,forward
241-PCR1NegPltA11-30-23-CIMI-CR-23-JL,/nfs/turbo/lsa-jbeehner/jlucore/CAT_GM_seqs/final_16S/241-PCR1NegPltA11-30-23-CIMI-CR-23-JL_S241_L001_R2_001.fastq.gz,reverse
242-139TER-CIMI-CR-23-JL,/nfs/turbo/lsa-jbeehner/jlucore/CAT_GM_seqs/final_16S/242-139TER-CIMI-CR-23-JL_S242_L001_R1_001.fastq.gz,forward
242-139TER-CIMI-CR-23-JL,/nfs/turbo/lsa-jbeehner/jlucore/CAT_GM_seqs/final_16S/242-139TER-CIMI-CR-23-JL_S242_L001_R2_001.fastq.gz,reverse
243-245TER-CIMI-CR-23-JL,/nfs/turbo/lsa-jbeehner/jlucore/CAT_GM_seqs/final_16S/243-245TER-CIMI-CR-23-JL_S243_L001_R1_001.fastq.gz,forward
243-245TER-CIMI-CR-23-JL,/nfs/turbo/lsa-jbeehner/jlucore/CAT_GM_seqs/final_16S/243-245TER-CIMI-CR-23-JL_S243_L001_R2_001.fastq.gz,reverse
244-328TER-CIMI-CR-23-JL,/nfs/turbo/lsa-jbeehner/jlucore/CAT_GM_seqs/final_16S/244-328TER-CIMI-CR-23-JL_S244_L001_R1_001.fastq.gz,forward
244-328TER-CIMI-CR-23-JL,/nfs/turbo/lsa-jbeehner/jlucore/CAT_GM_seqs/final_16S/244-328TER-CIMI-CR-23-JL_S244_L001_R2_001.fastq.gz,reverse
245-445TER-CIMI-CR-23-JL,/nfs/turbo/lsa-jbeehner/jlucore/CAT_GM_seqs/final_16S/245-445TER-CIMI-CR-23-JL_S245_L001_R1_001.fastq.gz,forward
245-445TER-CIMI-CR-23-JL,/nfs/turbo/lsa-jbeehner/jlucore/CAT_GM_seqs/final_16S/245-445TER-CIMI-CR-23-JL_S245_L001_R2_001.fastq.gz,reverse
246-508TER-CIMI-CR-23-JL,/nfs/turbo/lsa-jbeehner/jlucore/CAT_GM_seqs/final_16S/246-508TER-CIMI-CR-23-JL_S246_L001_R1_001.fastq.gz,forward
246-508TER-CIMI-CR-23-JL,/nfs/turbo/lsa-jbeehner/jlucore/CAT_GM_seqs/final_16S/246-508TER-CIMI-CR-23-JL_S246_L001_R2_001.fastq.gz,reverse
247-721TER-CIMI-CR-23-JL,/nfs/turbo/lsa-jbeehner/jlucore/CAT_GM_seqs/final_16S/247-721TER-CIMI-CR-23-JL_S247_L001_R1_001.fastq.gz,forward
247-721TER-CIMI-CR-23-JL,/nfs/turbo/lsa-jbeehner/jlucore/CAT_GM_seqs/final_16S/247-721TER-CIMI-CR-23-JL_S247_L001_R2_001.fastq.gz,reverse
248-813TER-CIMI-CR-23-JL,/nfs/turbo/lsa-jbeehner/jlucore/CAT_GM_seqs/final_16S/248-813TER-CIMI-CR-23-JL_S248_L001_R1_001.fastq.gz,forward
248-813TER-CIMI-CR-23-JL,/nfs/turbo/lsa-jbeehner/jlucore/CAT_GM_seqs/final_16S/248-813TER-CIMI-CR-23-JL_S248_L001_R2_001.fastq.gz,reverse
249-910TER-CIMI-CR-23-JL,/nfs/turbo/lsa-jbeehner/jlucore/CAT_GM_seqs/final_16S/249-910TER-CIMI-CR-23-JL_S249_L001_R1_001.fastq.gz,forward
249-910TER-CIMI-CR-23-JL,/nfs/turbo/lsa-jbeehner/jlucore/CAT_GM_seqs/final_16S/249-910TER-CIMI-CR-23-JL_S249_L001_R2_001.fastq.gz,reverse
250-1469TES-CIMI-CR-23-JL,/nfs/turbo/lsa-jbeehner/jlucore/CAT_GM_seqs/final_16S/250-1469TES-CIMI-CR-23-JL_S250_L001_R1_001.fastq.gz,forward
250-1469TES-CIMI-CR-23-JL,/nfs/turbo/lsa-jbeehner/jlucore/CAT_GM_seqs/final_16S/250-1469TES-CIMI-CR-23-JL_S250_L001_R2_001.fastq.gz,reverse
251-1537TES-CIMI-CR-23-JL,/nfs/turbo/lsa-jbeehner/jlucore/CAT_GM_seqs/final_16S/251-1537TES-CIMI-CR-23-JL_S251_L001_R1_001.fastq.gz,forward
251-1537TES-CIMI-CR-23-JL,/nfs/turbo/lsa-jbeehner/jlucore/CAT_GM_seqs/final_16S/251-1537TES-CIMI-CR-23-JL_S251_L001_R2_001.fastq.gz,reverse
252-872TEM-CIMI-CR-23-JL,/nfs/turbo/lsa-jbeehner/jlucore/CAT_GM_seqs/final_16S/252-872TEM-CIMI-CR-23-JL_S252_L001_R1_001.fastq.gz,forward
252-872TEM-CIMI-CR-23-JL,/nfs/turbo/lsa-jbeehner/jlucore/CAT_GM_seqs/final_16S/252-872TEM-CIMI-CR-23-JL_S252_L001_R2_001.fastq.gz,reverse
253-1173TER-CIMI-CR-23-JL,/nfs/turbo/lsa-jbeehner/jlucore/CAT_GM_seqs/final_16S/253-1173TER-CIMI-CR-23-JL_S253_L001_R1_001.fastq.gz,forward
253-1173TER-CIMI-CR-23-JL,/nfs/turbo/lsa-jbeehner/jlucore/CAT_GM_seqs/final_16S/253-1173TER-CIMI-CR-23-JL_S253_L001_R2_001.fastq.gz,reverse
254-1268TER-CIMI-CR-23-JL,/nfs/turbo/lsa-jbeehner/jlucore/CAT_GM_seqs/final_16S/254-1268TER-CIMI-CR-23-JL_S254_L001_R1_001.fastq.gz,forward
254-1268TER-CIMI-CR-23-JL,/nfs/turbo/lsa-jbeehner/jlucore/CAT_GM_seqs/final_16S/254-1268TER-CIMI-CR-23-JL_S254_L001_R2_001.fastq.gz,reverse
255-1379TER-CIMI-CR-23-JL,/nfs/turbo/lsa-jbeehner/jlucore/CAT_GM_seqs/final_16S/255-1379TER-CIMI-CR-23-JL_S255_L001_R1_001.fastq.gz,forward
255-1379TER-CIMI-CR-23-JL,/nfs/turbo/lsa-jbeehner/jlucore/CAT_GM_seqs/final_16S/255-1379TER-CIMI-CR-23-JL_S255_L001_R2_001.fastq.gz,reverse
256-1507TER-CIMI-CR-23-JL,/nfs/turbo/lsa-jbeehner/jlucore/CAT_GM_seqs/final_16S/256-1507TER-CIMI-CR-23-JL_S256_L001_R1_001.fastq.gz,forward
256-1507TER-CIMI-CR-23-JL,/nfs/turbo/lsa-jbeehner/jlucore/CAT_GM_seqs/final_16S/256-1507TER-CIMI-CR-23-JL_S256_L001_R2_001.fastq.gz,reverse
257-126TES-CIMI-CR-23-JL,/nfs/turbo/lsa-jbeehner/jlucore/CAT_GM_seqs/final_16S/257-126TES-CIMI-CR-23-JL_S257_L001_R1_001.fastq.gz,forward
257-126TES-CIMI-CR-23-JL,/nfs/turbo/lsa-jbeehner/jlucore/CAT_GM_seqs/final_16S/257-126TES-CIMI-CR-23-JL_S257_L001_R2_001.fastq.gz,reverse
258-243TES-CIMI-CR-23-JL,/nfs/turbo/lsa-jbeehner/jlucore/CAT_GM_seqs/final_16S/258-243TES-CIMI-CR-23-JL_S258_L001_R1_001.fastq.gz,forward
258-243TES-CIMI-CR-23-JL,/nfs/turbo/lsa-jbeehner/jlucore/CAT_GM_seqs/final_16S/258-243TES-CIMI-CR-23-JL_S258_L001_R2_001.fastq.gz,reverse
259-326TES-CIMI-CR-23-JL,/nfs/turbo/lsa-jbeehner/jlucore/CAT_GM_seqs/final_16S/259-326TES-CIMI-CR-23-JL_S259_L001_R1_001.fastq.gz,forward
259-326TES-CIMI-CR-23-JL,/nfs/turbo/lsa-jbeehner/jlucore/CAT_GM_seqs/final_16S/259-326TES-CIMI-CR-23-JL_S259_L001_R2_001.fastq.gz,reverse
260-401TES-CIMI-CR-23-JL,/nfs/turbo/lsa-jbeehner/jlucore/CAT_GM_seqs/final_16S/260-401TES-CIMI-CR-23-JL_S260_L001_R1_001.fastq.gz,forward
260-401TES-CIMI-CR-23-JL,/nfs/turbo/lsa-jbeehner/jlucore/CAT_GM_seqs/final_16S/260-401TES-CIMI-CR-23-JL_S260_L001_R2_001.fastq.gz,reverse
261-670TES-CIMI-CR-23-JL,/nfs/turbo/lsa-jbeehner/jlucore/CAT_GM_seqs/final_16S/261-670TES-CIMI-CR-23-JL_S261_L001_R1_001.fastq.gz,forward
261-670TES-CIMI-CR-23-JL,/nfs/turbo/lsa-jbeehner/jlucore/CAT_GM_seqs/final_16S/261-670TES-CIMI-CR-23-JL_S261_L001_R2_001.fastq.gz,reverse
262-720TES-CIMI-CR-23-JL,/nfs/turbo/lsa-jbeehner/jlucore/CAT_GM_seqs/final_16S/262-720TES-CIMI-CR-23-JL_S262_L001_R1_001.fastq.gz,forward
262-720TES-CIMI-CR-23-JL,/nfs/turbo/lsa-jbeehner/jlucore/CAT_GM_seqs/final_16S/262-720TES-CIMI-CR-23-JL_S262_L001_R2_001.fastq.gz,reverse
263-816TES-CIMI-CR-23-JL,/nfs/turbo/lsa-jbeehner/jlucore/CAT_GM_seqs/final_16S/263-816TES-CIMI-CR-23-JL_S263_L001_R1_001.fastq.gz,forward
263-816TES-CIMI-CR-23-JL,/nfs/turbo/lsa-jbeehner/jlucore/CAT_GM_seqs/final_16S/263-816TES-CIMI-CR-23-JL_S263_L001_R2_001.fastq.gz,reverse
264-919TES-CIMI-CR-23-JL,/nfs/turbo/lsa-jbeehner/jlucore/CAT_GM_seqs/final_16S/264-919TES-CIMI-CR-23-JL_S264_L001_R1_001.fastq.gz,forward
264-919TES-CIMI-CR-23-JL,/nfs/turbo/lsa-jbeehner/jlucore/CAT_GM_seqs/final_16S/264-919TES-CIMI-CR-23-JL_S264_L001_R2_001.fastq.gz,reverse
265-1043TES-CIMI-CR-23-JL,/nfs/turbo/lsa-jbeehner/jlucore/CAT_GM_seqs/final_16S/265-1043TES-CIMI-CR-23-JL_S265_L001_R1_001.fastq.gz,forward
265-1043TES-CIMI-CR-23-JL,/nfs/turbo/lsa-jbeehner/jlucore/CAT_GM_seqs/final_16S/265-1043TES-CIMI-CR-23-JL_S265_L001_R2_001.fastq.gz,reverse
266-1087TES-CIMI-CR-23-JL,/nfs/turbo/lsa-jbeehner/jlucore/CAT_GM_seqs/final_16S/266-1087TES-CIMI-CR-23-JL_S266_L001_R1_001.fastq.gz,forward
266-1087TES-CIMI-CR-23-JL,/nfs/turbo/lsa-jbeehner/jlucore/CAT_GM_seqs/final_16S/266-1087TES-CIMI-CR-23-JL_S266_L001_R2_001.fastq.gz,reverse
267-1157TES-CIMI-CR-23-JL,/nfs/turbo/lsa-jbeehner/jlucore/CAT_GM_seqs/final_16S/267-1157TES-CIMI-CR-23-JL_S267_L001_R1_001.fastq.gz,forward
267-1157TES-CIMI-CR-23-JL,/nfs/turbo/lsa-jbeehner/jlucore/CAT_GM_seqs/final_16S/267-1157TES-CIMI-CR-23-JL_S267_L001_R2_001.fastq.gz,reverse
268-1269TES-CIMI-CR-23-JL,/nfs/turbo/lsa-jbeehner/jlucore/CAT_GM_seqs/final_16S/268-1269TES-CIMI-CR-23-JL_S268_L001_R1_001.fastq.gz,forward
268-1269TES-CIMI-CR-23-JL,/nfs/turbo/lsa-jbeehner/jlucore/CAT_GM_seqs/final_16S/268-1269TES-CIMI-CR-23-JL_S268_L001_R2_001.fastq.gz,reverse
269-1324TES-CIMI-CR-23-JL,/nfs/turbo/lsa-jbeehner/jlucore/CAT_GM_seqs/final_16S/269-1324TES-CIMI-CR-23-JL_S269_L001_R1_001.fastq.gz,forward
269-1324TES-CIMI-CR-23-JL,/nfs/turbo/lsa-jbeehner/jlucore/CAT_GM_seqs/final_16S/269-1324TES-CIMI-CR-23-JL_S269_L001_R2_001.fastq.gz,reverse
270-Neg11-27-23B-CIMI-CR-23-JL,/nfs/turbo/lsa-jbeehner/jlucore/CAT_GM_seqs/final_16S/270-Neg11-27-23B-CIMI-CR-23-JL_S270_L001_R1_001.fastq.gz,forward
270-Neg11-27-23B-CIMI-CR-23-JL,/nfs/turbo/lsa-jbeehner/jlucore/CAT_GM_seqs/final_16S/270-Neg11-27-23B-CIMI-CR-23-JL_S270_L001_R2_001.fastq.gz,reverse
271-1387TES-CIMI-CR-23-JL,/nfs/turbo/lsa-jbeehner/jlucore/CAT_GM_seqs/final_16S/271-1387TES-CIMI-CR-23-JL_S271_L001_R1_001.fastq.gz,forward
271-1387TES-CIMI-CR-23-JL,/nfs/turbo/lsa-jbeehner/jlucore/CAT_GM_seqs/final_16S/271-1387TES-CIMI-CR-23-JL_S271_L001_R2_001.fastq.gz,reverse
272-Neg11-28-23A-CIMI-CR-23-JL,/nfs/turbo/lsa-jbeehner/jlucore/CAT_GM_seqs/final_16S/272-Neg11-28-23A-CIMI-CR-23-JL_S272_L001_R1_001.fastq.gz,forward
272-Neg11-28-23A-CIMI-CR-23-JL,/nfs/turbo/lsa-jbeehner/jlucore/CAT_GM_seqs/final_16S/272-Neg11-28-23A-CIMI-CR-23-JL_S272_L001_R2_001.fastq.gz,reverse
273-PCR1NegPltB11-30-23-CIMI-CR-23-JL,/nfs/turbo/lsa-jbeehner/jlucore/CAT_GM_seqs/final_16S/273-PCR1NegPltB11-30-23-CIMI-CR-23-JL_S273_L001_R1_001.fastq.gz,forward
273-PCR1NegPltB11-30-23-CIMI-CR-23-JL,/nfs/turbo/lsa-jbeehner/jlucore/CAT_GM_seqs/final_16S/273-PCR1NegPltB11-30-23-CIMI-CR-23-JL_S273_L001_R2_001.fastq.gz,reverse
274-103TET-CIMI-CR-23-JL,/nfs/turbo/lsa-jbeehner/jlucore/CAT_GM_seqs/final_16S/274-103TET-CIMI-CR-23-JL_S274_L001_R1_001.fastq.gz,forward
274-103TET-CIMI-CR-23-JL,/nfs/turbo/lsa-jbeehner/jlucore/CAT_GM_seqs/final_16S/274-103TET-CIMI-CR-23-JL_S274_L001_R2_001.fastq.gz,reverse
275-142TET-CIMI-CR-23-JL,/nfs/turbo/lsa-jbeehner/jlucore/CAT_GM_seqs/final_16S/275-142TET-CIMI-CR-23-JL_S275_L001_R1_001.fastq.gz,forward
275-142TET-CIMI-CR-23-JL,/nfs/turbo/lsa-jbeehner/jlucore/CAT_GM_seqs/final_16S/275-142TET-CIMI-CR-23-JL_S275_L001_R2_001.fastq.gz,reverse
276-385TET-CIMI-CR-23-JL,/nfs/turbo/lsa-jbeehner/jlucore/CAT_GM_seqs/final_16S/276-385TET-CIMI-CR-23-JL_S276_L001_R1_001.fastq.gz,forward
276-385TET-CIMI-CR-23-JL,/nfs/turbo/lsa-jbeehner/jlucore/CAT_GM_seqs/final_16S/276-385TET-CIMI-CR-23-JL_S276_L001_R2_001.fastq.gz,reverse
277-484TET-CIMI-CR-23-JL,/nfs/turbo/lsa-jbeehner/jlucore/CAT_GM_seqs/final_16S/277-484TET-CIMI-CR-23-JL_S277_L001_R1_001.fastq.gz,forward
277-484TET-CIMI-CR-23-JL,/nfs/turbo/lsa-jbeehner/jlucore/CAT_GM_seqs/final_16S/277-484TET-CIMI-CR-23-JL_S277_L001_R2_001.fastq.gz,reverse
278-588TET-CIMI-CR-23-JL,/nfs/turbo/lsa-jbeehner/jlucore/CAT_GM_seqs/final_16S/278-588TET-CIMI-CR-23-JL_S278_L001_R1_001.fastq.gz,forward
278-588TET-CIMI-CR-23-JL,/nfs/turbo/lsa-jbeehner/jlucore/CAT_GM_seqs/final_16S/278-588TET-CIMI-CR-23-JL_S278_L001_R2_001.fastq.gz,reverse
279-669TET-CIMI-CR-23-JL,/nfs/turbo/lsa-jbeehner/jlucore/CAT_GM_seqs/final_16S/279-669TET-CIMI-CR-23-JL_S279_L001_R1_001.fastq.gz,forward
279-669TET-CIMI-CR-23-JL,/nfs/turbo/lsa-jbeehner/jlucore/CAT_GM_seqs/final_16S/279-669TET-CIMI-CR-23-JL_S279_L001_R2_001.fastq.gz,reverse
280-732TET-CIMI-CR-23-JL,/nfs/turbo/lsa-jbeehner/jlucore/CAT_GM_seqs/final_16S/280-732TET-CIMI-CR-23-JL_S280_L001_R1_001.fastq.gz,forward
280-732TET-CIMI-CR-23-JL,/nfs/turbo/lsa-jbeehner/jlucore/CAT_GM_seqs/final_16S/280-732TET-CIMI-CR-23-JL_S280_L001_R2_001.fastq.gz,reverse
281-842TET-CIMI-CR-23-JL,/nfs/turbo/lsa-jbeehner/jlucore/CAT_GM_seqs/final_16S/281-842TET-CIMI-CR-23-JL_S281_L001_R1_001.fastq.gz,forward
281-842TET-CIMI-CR-23-JL,/nfs/turbo/lsa-jbeehner/jlucore/CAT_GM_seqs/final_16S/281-842TET-CIMI-CR-23-JL_S281_L001_R2_001.fastq.gz,reverse
282-952TET-CIMI-CR-23-JL,/nfs/turbo/lsa-jbeehner/jlucore/CAT_GM_seqs/final_16S/282-952TET-CIMI-CR-23-JL_S282_L001_R1_001.fastq.gz,forward
282-952TET-CIMI-CR-23-JL,/nfs/turbo/lsa-jbeehner/jlucore/CAT_GM_seqs/final_16S/282-952TET-CIMI-CR-23-JL_S282_L001_R2_001.fastq.gz,reverse
283-1073TET-CIMI-CR-23-JL,/nfs/turbo/lsa-jbeehner/jlucore/CAT_GM_seqs/final_16S/283-1073TET-CIMI-CR-23-JL_S283_L001_R1_001.fastq.gz,forward
283-1073TET-CIMI-CR-23-JL,/nfs/turbo/lsa-jbeehner/jlucore/CAT_GM_seqs/final_16S/283-1073TET-CIMI-CR-23-JL_S283_L001_R2_001.fastq.gz,reverse
284-1204TET-CIMI-CR-23-JL,/nfs/turbo/lsa-jbeehner/jlucore/CAT_GM_seqs/final_16S/284-1204TET-CIMI-CR-23-JL_S284_L001_R1_001.fastq.gz,forward
284-1204TET-CIMI-CR-23-JL,/nfs/turbo/lsa-jbeehner/jlucore/CAT_GM_seqs/final_16S/284-1204TET-CIMI-CR-23-JL_S284_L001_R2_001.fastq.gz,reverse
285-1404TET-CIMI-CR-23-JL,/nfs/turbo/lsa-jbeehner/jlucore/CAT_GM_seqs/final_16S/285-1404TET-CIMI-CR-23-JL_S285_L001_R1_001.fastq.gz,forward
285-1404TET-CIMI-CR-23-JL,/nfs/turbo/lsa-jbeehner/jlucore/CAT_GM_seqs/final_16S/285-1404TET-CIMI-CR-23-JL_S285_L001_R2_001.fastq.gz,reverse
286-123THO-CIMI-CR-23-JL,/nfs/turbo/lsa-jbeehner/jlucore/CAT_GM_seqs/final_16S/286-123THO-CIMI-CR-23-JL_S286_L001_R1_001.fastq.gz,forward
286-123THO-CIMI-CR-23-JL,/nfs/turbo/lsa-jbeehner/jlucore/CAT_GM_seqs/final_16S/286-123THO-CIMI-CR-23-JL_S286_L001_R2_001.fastq.gz,reverse
287-PCR1Neg12-01-23-CIMI-CR-23-JL,/nfs/turbo/lsa-jbeehner/jlucore/CAT_GM_seqs/final_16S/287-PCR1Neg12-01-23-CIMI-CR-23-JL_S287_L001_R1_001.fastq.gz,forward
287-PCR1Neg12-01-23-CIMI-CR-23-JL,/nfs/turbo/lsa-jbeehner/jlucore/CAT_GM_seqs/final_16S/287-PCR1Neg12-01-23-CIMI-CR-23-JL_S287_L001_R2_001.fastq.gz,reverse
288-PCR2Plt3Neg-CIMI-CR-23-JL,/nfs/turbo/lsa-jbeehner/jlucore/CAT_GM_seqs/final_16S/288-PCR2Plt3Neg-CIMI-CR-23-JL_S288_L001_R1_001.fastq.gz,forward
288-PCR2Plt3Neg-CIMI-CR-23-JL,/nfs/turbo/lsa-jbeehner/jlucore/CAT_GM_seqs/final_16S/288-PCR2Plt3Neg-CIMI-CR-23-JL_S288_L001_R2_001.fastq.gz,reverse
289-267THO-CIMI-CR-23-JL,/nfs/turbo/lsa-jbeehner/jlucore/CAT_GM_seqs/final_16S/289-267THO-CIMI-CR-23-JL_S289_L001_R1_001.fastq.gz,forward
289-267THO-CIMI-CR-23-JL,/nfs/turbo/lsa-jbeehner/jlucore/CAT_GM_seqs/final_16S/289-267THO-CIMI-CR-23-JL_S289_L001_R2_001.fastq.gz,reverse
290-375THO-CIMI-CR-23-JL,/nfs/turbo/lsa-jbeehner/jlucore/CAT_GM_seqs/final_16S/290-375THO-CIMI-CR-23-JL_S290_L001_R1_001.fastq.gz,forward
290-375THO-CIMI-CR-23-JL,/nfs/turbo/lsa-jbeehner/jlucore/CAT_GM_seqs/final_16S/290-375THO-CIMI-CR-23-JL_S290_L001_R2_001.fastq.gz,reverse
291-192TIL-CIMI-CR-23-JL,/nfs/turbo/lsa-jbeehner/jlucore/CAT_GM_seqs/final_16S/291-192TIL-CIMI-CR-23-JL_S291_L001_R1_001.fastq.gz,forward
291-192TIL-CIMI-CR-23-JL,/nfs/turbo/lsa-jbeehner/jlucore/CAT_GM_seqs/final_16S/291-192TIL-CIMI-CR-23-JL_S291_L001_R2_001.fastq.gz,reverse
292-533TIL-CIMI-CR-23-JL,/nfs/turbo/lsa-jbeehner/jlucore/CAT_GM_seqs/final_16S/292-533TIL-CIMI-CR-23-JL_S292_L001_R1_001.fastq.gz,forward
292-533TIL-CIMI-CR-23-JL,/nfs/turbo/lsa-jbeehner/jlucore/CAT_GM_seqs/final_16S/292-533TIL-CIMI-CR-23-JL_S292_L001_R2_001.fastq.gz,reverse
293-611TIL-CIMI-CR-23-JL,/nfs/turbo/lsa-jbeehner/jlucore/CAT_GM_seqs/final_16S/293-611TIL-CIMI-CR-23-JL_S293_L001_R1_001.fastq.gz,forward
293-611TIL-CIMI-CR-23-JL,/nfs/turbo/lsa-jbeehner/jlucore/CAT_GM_seqs/final_16S/293-611TIL-CIMI-CR-23-JL_S293_L001_R2_001.fastq.gz,reverse
294-722TIL-CIMI-CR-23-JL,/nfs/turbo/lsa-jbeehner/jlucore/CAT_GM_seqs/final_16S/294-722TIL-CIMI-CR-23-JL_S294_L001_R1_001.fastq.gz,forward
294-722TIL-CIMI-CR-23-JL,/nfs/turbo/lsa-jbeehner/jlucore/CAT_GM_seqs/final_16S/294-722TIL-CIMI-CR-23-JL_S294_L001_R2_001.fastq.gz,reverse
295-817TIL-CIMI-CR-23-JL,/nfs/turbo/lsa-jbeehner/jlucore/CAT_GM_seqs/final_16S/295-817TIL-CIMI-CR-23-JL_S295_L001_R1_001.fastq.gz,forward
295-817TIL-CIMI-CR-23-JL,/nfs/turbo/lsa-jbeehner/jlucore/CAT_GM_seqs/final_16S/295-817TIL-CIMI-CR-23-JL_S295_L001_R2_001.fastq.gz,reverse
296-904TIL-CIMI-CR-23-JL,/nfs/turbo/lsa-jbeehner/jlucore/CAT_GM_seqs/final_16S/296-904TIL-CIMI-CR-23-JL_S296_L001_R1_001.fastq.gz,forward
296-904TIL-CIMI-CR-23-JL,/nfs/turbo/lsa-jbeehner/jlucore/CAT_GM_seqs/final_16S/296-904TIL-CIMI-CR-23-JL_S296_L001_R2_001.fastq.gz,reverse
297-1131TIL-CIMI-CR-23-JL,/nfs/turbo/lsa-jbeehner/jlucore/CAT_GM_seqs/final_16S/297-1131TIL-CIMI-CR-23-JL_S297_L001_R1_001.fastq.gz,forward
297-1131TIL-CIMI-CR-23-JL,/nfs/turbo/lsa-jbeehner/jlucore/CAT_GM_seqs/final_16S/297-1131TIL-CIMI-CR-23-JL_S297_L001_R2_001.fastq.gz,reverse
298-1282TIL-CIMI-CR-23-JL,/nfs/turbo/lsa-jbeehner/jlucore/CAT_GM_seqs/final_16S/298-1282TIL-CIMI-CR-23-JL_S298_L001_R1_001.fastq.gz,forward
298-1282TIL-CIMI-CR-23-JL,/nfs/turbo/lsa-jbeehner/jlucore/CAT_GM_seqs/final_16S/298-1282TIL-CIMI-CR-23-JL_S298_L001_R2_001.fastq.gz,reverse
299-1462TIL-CIMI-CR-23-JL,/nfs/turbo/lsa-jbeehner/jlucore/CAT_GM_seqs/final_16S/299-1462TIL-CIMI-CR-23-JL_S299_L001_R1_001.fastq.gz,forward
299-1462TIL-CIMI-CR-23-JL,/nfs/turbo/lsa-jbeehner/jlucore/CAT_GM_seqs/final_16S/299-1462TIL-CIMI-CR-23-JL_S299_L001_R2_001.fastq.gz,reverse
300-128TIN-CIMI-CR-23-JL,/nfs/turbo/lsa-jbeehner/jlucore/CAT_GM_seqs/final_16S/300-128TIN-CIMI-CR-23-JL_S300_L001_R1_001.fastq.gz,forward
300-128TIN-CIMI-CR-23-JL,/nfs/turbo/lsa-jbeehner/jlucore/CAT_GM_seqs/final_16S/300-128TIN-CIMI-CR-23-JL_S300_L001_R2_001.fastq.gz,reverse
301-382TIN-CIMI-CR-23-JL,/nfs/turbo/lsa-jbeehner/jlucore/CAT_GM_seqs/final_16S/301-382TIN-CIMI-CR-23-JL_S301_L001_R1_001.fastq.gz,forward
301-382TIN-CIMI-CR-23-JL,/nfs/turbo/lsa-jbeehner/jlucore/CAT_GM_seqs/final_16S/301-382TIN-CIMI-CR-23-JL_S301_L001_R2_001.fastq.gz,reverse
302-450TIN-CIMI-CR-23-JL,/nfs/turbo/lsa-jbeehner/jlucore/CAT_GM_seqs/final_16S/302-450TIN-CIMI-CR-23-JL_S302_L001_R1_001.fastq.gz,forward
302-450TIN-CIMI-CR-23-JL,/nfs/turbo/lsa-jbeehner/jlucore/CAT_GM_seqs/final_16S/302-450TIN-CIMI-CR-23-JL_S302_L001_R2_001.fastq.gz,reverse
303-486TIN-CIMI-CR-23-JL,/nfs/turbo/lsa-jbeehner/jlucore/CAT_GM_seqs/final_16S/303-486TIN-CIMI-CR-23-JL_S303_L001_R1_001.fastq.gz,forward
303-486TIN-CIMI-CR-23-JL,/nfs/turbo/lsa-jbeehner/jlucore/CAT_GM_seqs/final_16S/303-486TIN-CIMI-CR-23-JL_S303_L001_R2_001.fastq.gz,reverse
304-633TIN-CIMI-CR-23-JL,/nfs/turbo/lsa-jbeehner/jlucore/CAT_GM_seqs/final_16S/304-633TIN-CIMI-CR-23-JL_S304_L001_R1_001.fastq.gz,forward
304-633TIN-CIMI-CR-23-JL,/nfs/turbo/lsa-jbeehner/jlucore/CAT_GM_seqs/final_16S/304-633TIN-CIMI-CR-23-JL_S304_L001_R2_001.fastq.gz,reverse
305-719TIN-CIMI-CR-23-JL,/nfs/turbo/lsa-jbeehner/jlucore/CAT_GM_seqs/final_16S/305-719TIN-CIMI-CR-23-JL_S305_L001_R1_001.fastq.gz,forward
305-719TIN-CIMI-CR-23-JL,/nfs/turbo/lsa-jbeehner/jlucore/CAT_GM_seqs/final_16S/305-719TIN-CIMI-CR-23-JL_S305_L001_R2_001.fastq.gz,reverse
306-Neg11-28-23B-CIMI-CR-23-JL,/nfs/turbo/lsa-jbeehner/jlucore/CAT_GM_seqs/final_16S/306-Neg11-28-23B-CIMI-CR-23-JL_S306_L001_R1_001.fastq.gz,forward
306-Neg11-28-23B-CIMI-CR-23-JL,/nfs/turbo/lsa-jbeehner/jlucore/CAT_GM_seqs/final_16S/306-Neg11-28-23B-CIMI-CR-23-JL_S306_L001_R2_001.fastq.gz,reverse
351-891TIN-CIMI-CR-23-JL,/nfs/turbo/lsa-jbeehner/jlucore/CAT_GM_seqs/final_16S/351-891TIN-CIMI-CR-23-JL_S351_L001_R1_001.fastq.gz,forward
351-891TIN-CIMI-CR-23-JL,/nfs/turbo/lsa-jbeehner/jlucore/CAT_GM_seqs/final_16S/351-891TIN-CIMI-CR-23-JL_S351_L001_R2_001.fastq.gz,reverse
352-981TIN-CIMI-CR-23-JL,/nfs/turbo/lsa-jbeehner/jlucore/CAT_GM_seqs/final_16S/352-981TIN-CIMI-CR-23-JL_S352_L001_R1_001.fastq.gz,forward
352-981TIN-CIMI-CR-23-JL,/nfs/turbo/lsa-jbeehner/jlucore/CAT_GM_seqs/final_16S/352-981TIN-CIMI-CR-23-JL_S352_L001_R2_001.fastq.gz,reverse
353-1048TIN-CIMI-CR-23-JL,/nfs/turbo/lsa-jbeehner/jlucore/CAT_GM_seqs/final_16S/353-1048TIN-CIMI-CR-23-JL_S353_L001_R1_001.fastq.gz,forward
353-1048TIN-CIMI-CR-23-JL,/nfs/turbo/lsa-jbeehner/jlucore/CAT_GM_seqs/final_16S/353-1048TIN-CIMI-CR-23-JL_S353_L001_R2_001.fastq.gz,reverse
354-1086TIN-CIMI-CR-23-JL,/nfs/turbo/lsa-jbeehner/jlucore/CAT_GM_seqs/final_16S/354-1086TIN-CIMI-CR-23-JL_S354_L001_R1_001.fastq.gz,forward
354-1086TIN-CIMI-CR-23-JL,/nfs/turbo/lsa-jbeehner/jlucore/CAT_GM_seqs/final_16S/354-1086TIN-CIMI-CR-23-JL_S354_L001_R2_001.fastq.gz,reverse
355-1176TIN-CIMI-CR-23-JL,/nfs/turbo/lsa-jbeehner/jlucore/CAT_GM_seqs/final_16S/355-1176TIN-CIMI-CR-23-JL_S355_L001_R1_001.fastq.gz,forward
355-1176TIN-CIMI-CR-23-JL,/nfs/turbo/lsa-jbeehner/jlucore/CAT_GM_seqs/final_16S/355-1176TIN-CIMI-CR-23-JL_S355_L001_R2_001.fastq.gz,reverse
356-1260TIN-CIMI-CR-23-JL,/nfs/turbo/lsa-jbeehner/jlucore/CAT_GM_seqs/final_16S/356-1260TIN-CIMI-CR-23-JL_S356_L001_R1_001.fastq.gz,forward
356-1260TIN-CIMI-CR-23-JL,/nfs/turbo/lsa-jbeehner/jlucore/CAT_GM_seqs/final_16S/356-1260TIN-CIMI-CR-23-JL_S356_L001_R2_001.fastq.gz,reverse
357-1338TIN-CIMI-CR-23-JL,/nfs/turbo/lsa-jbeehner/jlucore/CAT_GM_seqs/final_16S/357-1338TIN-CIMI-CR-23-JL_S357_L001_R1_001.fastq.gz,forward
357-1338TIN-CIMI-CR-23-JL,/nfs/turbo/lsa-jbeehner/jlucore/CAT_GM_seqs/final_16S/357-1338TIN-CIMI-CR-23-JL_S357_L001_R2_001.fastq.gz,reverse
358-1400TIN-CIMI-CR-23-JL,/nfs/turbo/lsa-jbeehner/jlucore/CAT_GM_seqs/final_16S/358-1400TIN-CIMI-CR-23-JL_S358_L001_R1_001.fastq.gz,forward
358-1400TIN-CIMI-CR-23-JL,/nfs/turbo/lsa-jbeehner/jlucore/CAT_GM_seqs/final_16S/358-1400TIN-CIMI-CR-23-JL_S358_L001_R2_001.fastq.gz,reverse
359-1461TIN-CIMI-CR-23-JL,/nfs/turbo/lsa-jbeehner/jlucore/CAT_GM_seqs/final_16S/359-1461TIN-CIMI-CR-23-JL_S359_L001_R1_001.fastq.gz,forward
359-1461TIN-CIMI-CR-23-JL,/nfs/turbo/lsa-jbeehner/jlucore/CAT_GM_seqs/final_16S/359-1461TIN-CIMI-CR-23-JL_S359_L001_R2_001.fastq.gz,reverse
360-331TIQ-CIMI-CR-23-JL,/nfs/turbo/lsa-jbeehner/jlucore/CAT_GM_seqs/final_16S/360-331TIQ-CIMI-CR-23-JL_S360_L001_R1_001.fastq.gz,forward
360-331TIQ-CIMI-CR-23-JL,/nfs/turbo/lsa-jbeehner/jlucore/CAT_GM_seqs/final_16S/360-331TIQ-CIMI-CR-23-JL_S360_L001_R2_001.fastq.gz,reverse
361-369TIQ-CIMI-CR-23-JL,/nfs/turbo/lsa-jbeehner/jlucore/CAT_GM_seqs/final_16S/361-369TIQ-CIMI-CR-23-JL_S361_L001_R1_001.fastq.gz,forward
361-369TIQ-CIMI-CR-23-JL,/nfs/turbo/lsa-jbeehner/jlucore/CAT_GM_seqs/final_16S/361-369TIQ-CIMI-CR-23-JL_S361_L001_R2_001.fastq.gz,reverse
362-579TIQ-CIMI-CR-23-JL,/nfs/turbo/lsa-jbeehner/jlucore/CAT_GM_seqs/final_16S/362-579TIQ-CIMI-CR-23-JL_S362_L001_R1_001.fastq.gz,forward
362-579TIQ-CIMI-CR-23-JL,/nfs/turbo/lsa-jbeehner/jlucore/CAT_GM_seqs/final_16S/362-579TIQ-CIMI-CR-23-JL_S362_L001_R2_001.fastq.gz,reverse
363-634TIQ-CIMI-CR-23-JL,/nfs/turbo/lsa-jbeehner/jlucore/CAT_GM_seqs/final_16S/363-634TIQ-CIMI-CR-23-JL_S363_L001_R1_001.fastq.gz,forward
363-634TIQ-CIMI-CR-23-JL,/nfs/turbo/lsa-jbeehner/jlucore/CAT_GM_seqs/final_16S/363-634TIQ-CIMI-CR-23-JL_S363_L001_R2_001.fastq.gz,reverse
364-707TIQ-CIMI-CR-23-JL,/nfs/turbo/lsa-jbeehner/jlucore/CAT_GM_seqs/final_16S/364-707TIQ-CIMI-CR-23-JL_S364_L001_R1_001.fastq.gz,forward
364-707TIQ-CIMI-CR-23-JL,/nfs/turbo/lsa-jbeehner/jlucore/CAT_GM_seqs/final_16S/364-707TIQ-CIMI-CR-23-JL_S364_L001_R2_001.fastq.gz,reverse
365-854TIQ-CIMI-CR-23-JL,/nfs/turbo/lsa-jbeehner/jlucore/CAT_GM_seqs/final_16S/365-854TIQ-CIMI-CR-23-JL_S365_L001_R1_001.fastq.gz,forward
365-854TIQ-CIMI-CR-23-JL,/nfs/turbo/lsa-jbeehner/jlucore/CAT_GM_seqs/final_16S/365-854TIQ-CIMI-CR-23-JL_S365_L001_R2_001.fastq.gz,reverse
366-970TIQ-CIMI-CR-23-JL,/nfs/turbo/lsa-jbeehner/jlucore/CAT_GM_seqs/final_16S/366-970TIQ-CIMI-CR-23-JL_S366_L001_R1_001.fastq.gz,forward
366-970TIQ-CIMI-CR-23-JL,/nfs/turbo/lsa-jbeehner/jlucore/CAT_GM_seqs/final_16S/366-970TIQ-CIMI-CR-23-JL_S366_L001_R2_001.fastq.gz,reverse
367-1358TIZ-CIMI-CR-23-JL,/nfs/turbo/lsa-jbeehner/jlucore/CAT_GM_seqs/final_16S/367-1358TIZ-CIMI-CR-23-JL_S367_L001_R1_001.fastq.gz,forward
367-1358TIZ-CIMI-CR-23-JL,/nfs/turbo/lsa-jbeehner/jlucore/CAT_GM_seqs/final_16S/367-1358TIZ-CIMI-CR-23-JL_S367_L001_R2_001.fastq.gz,reverse
368-Neg11-29-23A-CIMI-CR-23-JL,/nfs/turbo/lsa-jbeehner/jlucore/CAT_GM_seqs/final_16S/368-Neg11-29-23A-CIMI-CR-23-JL_S368_L001_R1_001.fastq.gz,forward
368-Neg11-29-23A-CIMI-CR-23-JL,/nfs/turbo/lsa-jbeehner/jlucore/CAT_GM_seqs/final_16S/368-Neg11-29-23A-CIMI-CR-23-JL_S368_L001_R2_001.fastq.gz,reverse
369-PCR1Neg12-04-23-CIMI-CR-23-JL,/nfs/turbo/lsa-jbeehner/jlucore/CAT_GM_seqs/final_16S/369-PCR1Neg12-04-23-CIMI-CR-23-JL_S369_L001_R1_001.fastq.gz,forward
369-PCR1Neg12-04-23-CIMI-CR-23-JL,/nfs/turbo/lsa-jbeehner/jlucore/CAT_GM_seqs/final_16S/369-PCR1Neg12-04-23-CIMI-CR-23-JL_S369_L001_R2_001.fastq.gz,reverse
370-1138TIQ-CIMI-CR-23-JL,/nfs/turbo/lsa-jbeehner/jlucore/CAT_GM_seqs/final_16S/370-1138TIQ-CIMI-CR-23-JL_S370_L001_R1_001.fastq.gz,forward
370-1138TIQ-CIMI-CR-23-JL,/nfs/turbo/lsa-jbeehner/jlucore/CAT_GM_seqs/final_16S/370-1138TIQ-CIMI-CR-23-JL_S370_L001_R2_001.fastq.gz,reverse
371-1332TIQ-CIMI-CR-23-JL,/nfs/turbo/lsa-jbeehner/jlucore/CAT_GM_seqs/final_16S/371-1332TIQ-CIMI-CR-23-JL_S371_L001_R1_001.fastq.gz,forward
371-1332TIQ-CIMI-CR-23-JL,/nfs/turbo/lsa-jbeehner/jlucore/CAT_GM_seqs/final_16S/371-1332TIQ-CIMI-CR-23-JL_S371_L001_R2_001.fastq.gz,reverse
372-1402TIQ-CIMI-CR-23-JL,/nfs/turbo/lsa-jbeehner/jlucore/CAT_GM_seqs/final_16S/372-1402TIQ-CIMI-CR-23-JL_S372_L001_R1_001.fastq.gz,forward
372-1402TIQ-CIMI-CR-23-JL,/nfs/turbo/lsa-jbeehner/jlucore/CAT_GM_seqs/final_16S/372-1402TIQ-CIMI-CR-23-JL_S372_L001_R2_001.fastq.gz,reverse
373-1536TIQ-CIMI-CR-23-JL,/nfs/turbo/lsa-jbeehner/jlucore/CAT_GM_seqs/final_16S/373-1536TIQ-CIMI-CR-23-JL_S373_L001_R1_001.fastq.gz,forward
373-1536TIQ-CIMI-CR-23-JL,/nfs/turbo/lsa-jbeehner/jlucore/CAT_GM_seqs/final_16S/373-1536TIQ-CIMI-CR-23-JL_S373_L001_R2_001.fastq.gz,reverse
374-575TIZ-CIMI-CR-23-JL,/nfs/turbo/lsa-jbeehner/jlucore/CAT_GM_seqs/final_16S/374-575TIZ-CIMI-CR-23-JL_S374_L001_R1_001.fastq.gz,forward
374-575TIZ-CIMI-CR-23-JL,/nfs/turbo/lsa-jbeehner/jlucore/CAT_GM_seqs/final_16S/374-575TIZ-CIMI-CR-23-JL_S374_L001_R2_001.fastq.gz,reverse
375-765TIZ-CIMI-CR-23-JL,/nfs/turbo/lsa-jbeehner/jlucore/CAT_GM_seqs/final_16S/375-765TIZ-CIMI-CR-23-JL_S375_L001_R1_001.fastq.gz,forward
375-765TIZ-CIMI-CR-23-JL,/nfs/turbo/lsa-jbeehner/jlucore/CAT_GM_seqs/final_16S/375-765TIZ-CIMI-CR-23-JL_S375_L001_R2_001.fastq.gz,reverse
376-832TIZ-CIMI-CR-23-JL,/nfs/turbo/lsa-jbeehner/jlucore/CAT_GM_seqs/final_16S/376-832TIZ-CIMI-CR-23-JL_S376_L001_R1_001.fastq.gz,forward
376-832TIZ-CIMI-CR-23-JL,/nfs/turbo/lsa-jbeehner/jlucore/CAT_GM_seqs/final_16S/376-832TIZ-CIMI-CR-23-JL_S376_L001_R2_001.fastq.gz,reverse
377-973TIZ-CIMI-CR-23-JL,/nfs/turbo/lsa-jbeehner/jlucore/CAT_GM_seqs/final_16S/377-973TIZ-CIMI-CR-23-JL_S377_L001_R1_001.fastq.gz,forward
377-973TIZ-CIMI-CR-23-JL,/nfs/turbo/lsa-jbeehner/jlucore/CAT_GM_seqs/final_16S/377-973TIZ-CIMI-CR-23-JL_S377_L001_R2_001.fastq.gz,reverse
378-1054TIZ-CIMI-CR-23-JL,/nfs/turbo/lsa-jbeehner/jlucore/CAT_GM_seqs/final_16S/378-1054TIZ-CIMI-CR-23-JL_S378_L001_R1_001.fastq.gz,forward
378-1054TIZ-CIMI-CR-23-JL,/nfs/turbo/lsa-jbeehner/jlucore/CAT_GM_seqs/final_16S/378-1054TIZ-CIMI-CR-23-JL_S378_L001_R2_001.fastq.gz,reverse
379-1155TIZ-CIMI-CR-23-JL,/nfs/turbo/lsa-jbeehner/jlucore/CAT_GM_seqs/final_16S/379-1155TIZ-CIMI-CR-23-JL_S379_L001_R1_001.fastq.gz,forward
379-1155TIZ-CIMI-CR-23-JL,/nfs/turbo/lsa-jbeehner/jlucore/CAT_GM_seqs/final_16S/379-1155TIZ-CIMI-CR-23-JL_S379_L001_R2_001.fastq.gz,reverse
380-831TIN-CIMI-CR-23-JL,/nfs/turbo/lsa-jbeehner/jlucore/CAT_GM_seqs/final_16S/380-831TIN-CIMI-CR-23-JL_S380_L001_R1_001.fastq.gz,forward
380-831TIN-CIMI-CR-23-JL,/nfs/turbo/lsa-jbeehner/jlucore/CAT_GM_seqs/final_16S/380-831TIN-CIMI-CR-23-JL_S380_L001_R2_001.fastq.gz,reverse
381-1403TIZ-CIMI-CR-23-JL,/nfs/turbo/lsa-jbeehner/jlucore/CAT_GM_seqs/final_16S/381-1403TIZ-CIMI-CR-23-JL_S381_L001_R1_001.fastq.gz,forward
381-1403TIZ-CIMI-CR-23-JL,/nfs/turbo/lsa-jbeehner/jlucore/CAT_GM_seqs/final_16S/381-1403TIZ-CIMI-CR-23-JL_S381_L001_R2_001.fastq.gz,reverse
382-1466TIZ-CIMI-CR-23-JL,/nfs/turbo/lsa-jbeehner/jlucore/CAT_GM_seqs/final_16S/382-1466TIZ-CIMI-CR-23-JL_S382_L001_R1_001.fastq.gz,forward
382-1466TIZ-CIMI-CR-23-JL,/nfs/turbo/lsa-jbeehner/jlucore/CAT_GM_seqs/final_16S/382-1466TIZ-CIMI-CR-23-JL_S382_L001_R2_001.fastq.gz,reverse
383-PCR1NegPltA12-05-23-CIMI-CR-23-JL,/nfs/turbo/lsa-jbeehner/jlucore/CAT_GM_seqs/final_16S/383-PCR1NegPltA12-05-23-CIMI-CR-23-JL_S383_L001_R1_001.fastq.gz,forward
383-PCR1NegPltA12-05-23-CIMI-CR-23-JL,/nfs/turbo/lsa-jbeehner/jlucore/CAT_GM_seqs/final_16S/383-PCR1NegPltA12-05-23-CIMI-CR-23-JL_S383_L001_R2_001.fastq.gz,reverse
001-1491TIZ-CIMI-CR-23-JL,/nfs/turbo/lsa-jbeehner/jlucore/CAT_GM_seqs/final_16S/001-1491TIZ-CIMI-CR-23-JL_S1_L001_R1_001.fastq.gz,forward
001-1491TIZ-CIMI-CR-23-JL,/nfs/turbo/lsa-jbeehner/jlucore/CAT_GM_seqs/final_16S/001-1491TIZ-CIMI-CR-23-JL_S1_L001_R2_001.fastq.gz,reverse
002-1542TIZ-CIMI-CR-23-JL,/nfs/turbo/lsa-jbeehner/jlucore/CAT_GM_seqs/final_16S/002-1542TIZ-CIMI-CR-23-JL_S2_L001_R1_001.fastq.gz,forward
002-1542TIZ-CIMI-CR-23-JL,/nfs/turbo/lsa-jbeehner/jlucore/CAT_GM_seqs/final_16S/002-1542TIZ-CIMI-CR-23-JL_S2_L001_R2_001.fastq.gz,reverse
003-934TOB-CIMI-CR-23-JL,/nfs/turbo/lsa-jbeehner/jlucore/CAT_GM_seqs/final_16S/003-934TOB-CIMI-CR-23-JL_S3_L001_R1_001.fastq.gz,forward
003-934TOB-CIMI-CR-23-JL,/nfs/turbo/lsa-jbeehner/jlucore/CAT_GM_seqs/final_16S/003-934TOB-CIMI-CR-23-JL_S3_L001_R2_001.fastq.gz,reverse
004-953TOB-CIMI-CR-23-JL,/nfs/turbo/lsa-jbeehner/jlucore/CAT_GM_seqs/final_16S/004-953TOB-CIMI-CR-23-JL_S4_L001_R1_001.fastq.gz,forward
004-953TOB-CIMI-CR-23-JL,/nfs/turbo/lsa-jbeehner/jlucore/CAT_GM_seqs/final_16S/004-953TOB-CIMI-CR-23-JL_S4_L001_R2_001.fastq.gz,reverse
005-127TOT-CIMI-CR-23-JL,/nfs/turbo/lsa-jbeehner/jlucore/CAT_GM_seqs/final_16S/005-127TOT-CIMI-CR-23-JL_S5_L001_R1_001.fastq.gz,forward
005-127TOT-CIMI-CR-23-JL,/nfs/turbo/lsa-jbeehner/jlucore/CAT_GM_seqs/final_16S/005-127TOT-CIMI-CR-23-JL_S5_L001_R2_001.fastq.gz,reverse
006-165TOT-CIMI-CR-23-JL,/nfs/turbo/lsa-jbeehner/jlucore/CAT_GM_seqs/final_16S/006-165TOT-CIMI-CR-23-JL_S6_L001_R1_001.fastq.gz,forward
006-165TOT-CIMI-CR-23-JL,/nfs/turbo/lsa-jbeehner/jlucore/CAT_GM_seqs/final_16S/006-165TOT-CIMI-CR-23-JL_S6_L001_R2_001.fastq.gz,reverse
007-244TOT-CIMI-CR-23-JL,/nfs/turbo/lsa-jbeehner/jlucore/CAT_GM_seqs/final_16S/007-244TOT-CIMI-CR-23-JL_S7_L001_R1_001.fastq.gz,forward
007-244TOT-CIMI-CR-23-JL,/nfs/turbo/lsa-jbeehner/jlucore/CAT_GM_seqs/final_16S/007-244TOT-CIMI-CR-23-JL_S7_L001_R2_001.fastq.gz,reverse
008-332TOT-CIMI-CR-23-JL,/nfs/turbo/lsa-jbeehner/jlucore/CAT_GM_seqs/final_16S/008-332TOT-CIMI-CR-23-JL_S8_L001_R1_001.fastq.gz,forward
008-332TOT-CIMI-CR-23-JL,/nfs/turbo/lsa-jbeehner/jlucore/CAT_GM_seqs/final_16S/008-332TOT-CIMI-CR-23-JL_S8_L001_R2_001.fastq.gz,reverse
009-402TOT-CIMI-CR-23-JL,/nfs/turbo/lsa-jbeehner/jlucore/CAT_GM_seqs/final_16S/009-402TOT-CIMI-CR-23-JL_S9_L001_R1_001.fastq.gz,forward
009-402TOT-CIMI-CR-23-JL,/nfs/turbo/lsa-jbeehner/jlucore/CAT_GM_seqs/final_16S/009-402TOT-CIMI-CR-23-JL_S9_L001_R2_001.fastq.gz,reverse
010-507TOT-CIMI-CR-23-JL,/nfs/turbo/lsa-jbeehner/jlucore/CAT_GM_seqs/final_16S/010-507TOT-CIMI-CR-23-JL_S10_L001_R1_001.fastq.gz,forward
010-507TOT-CIMI-CR-23-JL,/nfs/turbo/lsa-jbeehner/jlucore/CAT_GM_seqs/final_16S/010-507TOT-CIMI-CR-23-JL_S10_L001_R2_001.fastq.gz,reverse
011-640TOT-CIMI-CR-23-JL,/nfs/turbo/lsa-jbeehner/jlucore/CAT_GM_seqs/final_16S/011-640TOT-CIMI-CR-23-JL_S11_L001_R1_001.fastq.gz,forward
011-640TOT-CIMI-CR-23-JL,/nfs/turbo/lsa-jbeehner/jlucore/CAT_GM_seqs/final_16S/011-640TOT-CIMI-CR-23-JL_S11_L001_R2_001.fastq.gz,reverse
012-785TOT-CIMI-CR-23-JL,/nfs/turbo/lsa-jbeehner/jlucore/CAT_GM_seqs/final_16S/012-785TOT-CIMI-CR-23-JL_S12_L001_R1_001.fastq.gz,forward
012-785TOT-CIMI-CR-23-JL,/nfs/turbo/lsa-jbeehner/jlucore/CAT_GM_seqs/final_16S/012-785TOT-CIMI-CR-23-JL_S12_L001_R2_001.fastq.gz,reverse
013-894TOT-CIMI-CR-23-JL,/nfs/turbo/lsa-jbeehner/jlucore/CAT_GM_seqs/final_16S/013-894TOT-CIMI-CR-23-JL_S13_L001_R1_001.fastq.gz,forward
013-894TOT-CIMI-CR-23-JL,/nfs/turbo/lsa-jbeehner/jlucore/CAT_GM_seqs/final_16S/013-894TOT-CIMI-CR-23-JL_S13_L001_R2_001.fastq.gz,reverse
014-971TOT-CIMI-CR-23-JL,/nfs/turbo/lsa-jbeehner/jlucore/CAT_GM_seqs/final_16S/014-971TOT-CIMI-CR-23-JL_S14_L001_R1_001.fastq.gz,forward
014-971TOT-CIMI-CR-23-JL,/nfs/turbo/lsa-jbeehner/jlucore/CAT_GM_seqs/final_16S/014-971TOT-CIMI-CR-23-JL_S14_L001_R2_001.fastq.gz,reverse
015-1083TOT-CIMI-CR-23-JL,/nfs/turbo/lsa-jbeehner/jlucore/CAT_GM_seqs/final_16S/015-1083TOT-CIMI-CR-23-JL_S15_L001_R1_001.fastq.gz,forward
015-1083TOT-CIMI-CR-23-JL,/nfs/turbo/lsa-jbeehner/jlucore/CAT_GM_seqs/final_16S/015-1083TOT-CIMI-CR-23-JL_S15_L001_R2_001.fastq.gz,reverse
016-1110TOT-CIMI-CR-23-JL,/nfs/turbo/lsa-jbeehner/jlucore/CAT_GM_seqs/final_16S/016-1110TOT-CIMI-CR-23-JL_S16_L001_R1_001.fastq.gz,forward
016-1110TOT-CIMI-CR-23-JL,/nfs/turbo/lsa-jbeehner/jlucore/CAT_GM_seqs/final_16S/016-1110TOT-CIMI-CR-23-JL_S16_L001_R2_001.fastq.gz,reverse
017-1232TOT-CIMI-CR-23-JL,/nfs/turbo/lsa-jbeehner/jlucore/CAT_GM_seqs/final_16S/017-1232TOT-CIMI-CR-23-JL_S17_L001_R1_001.fastq.gz,forward
017-1232TOT-CIMI-CR-23-JL,/nfs/turbo/lsa-jbeehner/jlucore/CAT_GM_seqs/final_16S/017-1232TOT-CIMI-CR-23-JL_S17_L001_R2_001.fastq.gz,reverse
018-Neg11-29-23B-CIMI-CR-23-JL,/nfs/turbo/lsa-jbeehner/jlucore/CAT_GM_seqs/final_16S/018-Neg11-29-23B-CIMI-CR-23-JL_S18_L001_R1_001.fastq.gz,forward
018-Neg11-29-23B-CIMI-CR-23-JL,/nfs/turbo/lsa-jbeehner/jlucore/CAT_GM_seqs/final_16S/018-Neg11-29-23B-CIMI-CR-23-JL_S18_L001_R2_001.fastq.gz,reverse
019-1347TOT-CIMI-CR-23-JL,/nfs/turbo/lsa-jbeehner/jlucore/CAT_GM_seqs/final_16S/019-1347TOT-CIMI-CR-23-JL_S19_L001_R1_001.fastq.gz,forward
019-1347TOT-CIMI-CR-23-JL,/nfs/turbo/lsa-jbeehner/jlucore/CAT_GM_seqs/final_16S/019-1347TOT-CIMI-CR-23-JL_S19_L001_R2_001.fastq.gz,reverse
020-1386TOT-CIMI-CR-23-JL,/nfs/turbo/lsa-jbeehner/jlucore/CAT_GM_seqs/final_16S/020-1386TOT-CIMI-CR-23-JL_S20_L001_R1_001.fastq.gz,forward
020-1386TOT-CIMI-CR-23-JL,/nfs/turbo/lsa-jbeehner/jlucore/CAT_GM_seqs/final_16S/020-1386TOT-CIMI-CR-23-JL_S20_L001_R2_001.fastq.gz,reverse
021-1464TOT-CIMI-CR-23-JL,/nfs/turbo/lsa-jbeehner/jlucore/CAT_GM_seqs/final_16S/021-1464TOT-CIMI-CR-23-JL_S21_L001_R1_001.fastq.gz,forward
021-1464TOT-CIMI-CR-23-JL,/nfs/turbo/lsa-jbeehner/jlucore/CAT_GM_seqs/final_16S/021-1464TOT-CIMI-CR-23-JL_S21_L001_R2_001.fastq.gz,reverse
022-1523TOT-CIMI-CR-23-JL,/nfs/turbo/lsa-jbeehner/jlucore/CAT_GM_seqs/final_16S/022-1523TOT-CIMI-CR-23-JL_S22_L001_R1_001.fastq.gz,forward
022-1523TOT-CIMI-CR-23-JL,/nfs/turbo/lsa-jbeehner/jlucore/CAT_GM_seqs/final_16S/022-1523TOT-CIMI-CR-23-JL_S22_L001_R2_001.fastq.gz,reverse
023-527TRO-CIMI-CR-23-JL,/nfs/turbo/lsa-jbeehner/jlucore/CAT_GM_seqs/final_16S/023-527TRO-CIMI-CR-23-JL_S23_L001_R1_001.fastq.gz,forward
023-527TRO-CIMI-CR-23-JL,/nfs/turbo/lsa-jbeehner/jlucore/CAT_GM_seqs/final_16S/023-527TRO-CIMI-CR-23-JL_S23_L001_R2_001.fastq.gz,reverse
024-638TRO-CIMI-CR-23-JL,/nfs/turbo/lsa-jbeehner/jlucore/CAT_GM_seqs/final_16S/024-638TRO-CIMI-CR-23-JL_S24_L001_R1_001.fastq.gz,forward
024-638TRO-CIMI-CR-23-JL,/nfs/turbo/lsa-jbeehner/jlucore/CAT_GM_seqs/final_16S/024-638TRO-CIMI-CR-23-JL_S24_L001_R2_001.fastq.gz,reverse
025-741TRO-CIMI-CR-23-JL,/nfs/turbo/lsa-jbeehner/jlucore/CAT_GM_seqs/final_16S/025-741TRO-CIMI-CR-23-JL_S25_L001_R1_001.fastq.gz,forward
025-741TRO-CIMI-CR-23-JL,/nfs/turbo/lsa-jbeehner/jlucore/CAT_GM_seqs/final_16S/025-741TRO-CIMI-CR-23-JL_S25_L001_R2_001.fastq.gz,reverse
026-868TRO-CIMI-CR-23-JL,/nfs/turbo/lsa-jbeehner/jlucore/CAT_GM_seqs/final_16S/026-868TRO-CIMI-CR-23-JL_S26_L001_R1_001.fastq.gz,forward
026-868TRO-CIMI-CR-23-JL,/nfs/turbo/lsa-jbeehner/jlucore/CAT_GM_seqs/final_16S/026-868TRO-CIMI-CR-23-JL_S26_L001_R2_001.fastq.gz,reverse
027-893TRO-CIMI-CR-23-JL,/nfs/turbo/lsa-jbeehner/jlucore/CAT_GM_seqs/final_16S/027-893TRO-CIMI-CR-23-JL_S27_L001_R1_001.fastq.gz,forward
027-893TRO-CIMI-CR-23-JL,/nfs/turbo/lsa-jbeehner/jlucore/CAT_GM_seqs/final_16S/027-893TRO-CIMI-CR-23-JL_S27_L001_R2_001.fastq.gz,reverse
028-974TRO-CIMI-CR-23-JL,/nfs/turbo/lsa-jbeehner/jlucore/CAT_GM_seqs/final_16S/028-974TRO-CIMI-CR-23-JL_S28_L001_R1_001.fastq.gz,forward
028-974TRO-CIMI-CR-23-JL,/nfs/turbo/lsa-jbeehner/jlucore/CAT_GM_seqs/final_16S/028-974TRO-CIMI-CR-23-JL_S28_L001_R2_001.fastq.gz,reverse
029-1081TRO-CIMI-CR-23-JL,/nfs/turbo/lsa-jbeehner/jlucore/CAT_GM_seqs/final_16S/029-1081TRO-CIMI-CR-23-JL_S29_L001_R1_001.fastq.gz,forward
029-1081TRO-CIMI-CR-23-JL,/nfs/turbo/lsa-jbeehner/jlucore/CAT_GM_seqs/final_16S/029-1081TRO-CIMI-CR-23-JL_S29_L001_R2_001.fastq.gz,reverse
030-1158TRO-CIMI-CR-23-JL,/nfs/turbo/lsa-jbeehner/jlucore/CAT_GM_seqs/final_16S/030-1158TRO-CIMI-CR-23-JL_S30_L001_R1_001.fastq.gz,forward
030-1158TRO-CIMI-CR-23-JL,/nfs/turbo/lsa-jbeehner/jlucore/CAT_GM_seqs/final_16S/030-1158TRO-CIMI-CR-23-JL_S30_L001_R2_001.fastq.gz,reverse
031-1279TRO-CIMI-CR-23-JL,/nfs/turbo/lsa-jbeehner/jlucore/CAT_GM_seqs/final_16S/031-1279TRO-CIMI-CR-23-JL_S31_L001_R1_001.fastq.gz,forward
031-1279TRO-CIMI-CR-23-JL,/nfs/turbo/lsa-jbeehner/jlucore/CAT_GM_seqs/final_16S/031-1279TRO-CIMI-CR-23-JL_S31_L001_R2_001.fastq.gz,reverse
032-1361TRO-CIMI-CR-23-JL,/nfs/turbo/lsa-jbeehner/jlucore/CAT_GM_seqs/final_16S/032-1361TRO-CIMI-CR-23-JL_S32_L001_R1_001.fastq.gz,forward
032-1361TRO-CIMI-CR-23-JL,/nfs/turbo/lsa-jbeehner/jlucore/CAT_GM_seqs/final_16S/032-1361TRO-CIMI-CR-23-JL_S32_L001_R2_001.fastq.gz,reverse
033-1505TRO-CIMI-CR-23-JL,/nfs/turbo/lsa-jbeehner/jlucore/CAT_GM_seqs/final_16S/033-1505TRO-CIMI-CR-23-JL_S33_L001_R1_001.fastq.gz,forward
033-1505TRO-CIMI-CR-23-JL,/nfs/turbo/lsa-jbeehner/jlucore/CAT_GM_seqs/final_16S/033-1505TRO-CIMI-CR-23-JL_S33_L001_R2_001.fastq.gz,reverse
034-1543TRO-CIMI-CR-23-JL,/nfs/turbo/lsa-jbeehner/jlucore/CAT_GM_seqs/final_16S/034-1543TRO-CIMI-CR-23-JL_S34_L001_R1_001.fastq.gz,forward
034-1543TRO-CIMI-CR-23-JL,/nfs/turbo/lsa-jbeehner/jlucore/CAT_GM_seqs/final_16S/034-1543TRO-CIMI-CR-23-JL_S34_L001_R2_001.fastq.gz,reverse
035-106TRU-CIMI-CR-23-JL,/nfs/turbo/lsa-jbeehner/jlucore/CAT_GM_seqs/final_16S/035-106TRU-CIMI-CR-23-JL_S35_L001_R1_001.fastq.gz,forward
035-106TRU-CIMI-CR-23-JL,/nfs/turbo/lsa-jbeehner/jlucore/CAT_GM_seqs/final_16S/035-106TRU-CIMI-CR-23-JL_S35_L001_R2_001.fastq.gz,reverse
036-143TRU-CIMI-CR-23-JL,/nfs/turbo/lsa-jbeehner/jlucore/CAT_GM_seqs/final_16S/036-143TRU-CIMI-CR-23-JL_S36_L001_R1_001.fastq.gz,forward
036-143TRU-CIMI-CR-23-JL,/nfs/turbo/lsa-jbeehner/jlucore/CAT_GM_seqs/final_16S/036-143TRU-CIMI-CR-23-JL_S36_L001_R2_001.fastq.gz,reverse
037-173TRU-CIMI-CR-23-JL,/nfs/turbo/lsa-jbeehner/jlucore/CAT_GM_seqs/final_16S/037-173TRU-CIMI-CR-23-JL_S37_L001_R1_001.fastq.gz,forward
037-173TRU-CIMI-CR-23-JL,/nfs/turbo/lsa-jbeehner/jlucore/CAT_GM_seqs/final_16S/037-173TRU-CIMI-CR-23-JL_S37_L001_R2_001.fastq.gz,reverse
038-258TRU-CIMI-CR-23-JL,/nfs/turbo/lsa-jbeehner/jlucore/CAT_GM_seqs/final_16S/038-258TRU-CIMI-CR-23-JL_S38_L001_R1_001.fastq.gz,forward
038-258TRU-CIMI-CR-23-JL,/nfs/turbo/lsa-jbeehner/jlucore/CAT_GM_seqs/final_16S/038-258TRU-CIMI-CR-23-JL_S38_L001_R2_001.fastq.gz,reverse
039-321TRU-CIMI-CR-23-JL,/nfs/turbo/lsa-jbeehner/jlucore/CAT_GM_seqs/final_16S/039-321TRU-CIMI-CR-23-JL_S39_L001_R1_001.fastq.gz,forward
039-321TRU-CIMI-CR-23-JL,/nfs/turbo/lsa-jbeehner/jlucore/CAT_GM_seqs/final_16S/039-321TRU-CIMI-CR-23-JL_S39_L001_R2_001.fastq.gz,reverse
040-353TRU-CIMI-CR-23-JL,/nfs/turbo/lsa-jbeehner/jlucore/CAT_GM_seqs/final_16S/040-353TRU-CIMI-CR-23-JL_S40_L001_R1_001.fastq.gz,forward
040-353TRU-CIMI-CR-23-JL,/nfs/turbo/lsa-jbeehner/jlucore/CAT_GM_seqs/final_16S/040-353TRU-CIMI-CR-23-JL_S40_L001_R2_001.fastq.gz,reverse
041-453TRU-CIMI-CR-23-JL,/nfs/turbo/lsa-jbeehner/jlucore/CAT_GM_seqs/final_16S/041-453TRU-CIMI-CR-23-JL_S41_L001_R1_001.fastq.gz,forward
041-453TRU-CIMI-CR-23-JL,/nfs/turbo/lsa-jbeehner/jlucore/CAT_GM_seqs/final_16S/041-453TRU-CIMI-CR-23-JL_S41_L001_R2_001.fastq.gz,reverse
042-574TRU-CIMI-CR-23-JL,/nfs/turbo/lsa-jbeehner/jlucore/CAT_GM_seqs/final_16S/042-574TRU-CIMI-CR-23-JL_S42_L001_R1_001.fastq.gz,forward
042-574TRU-CIMI-CR-23-JL,/nfs/turbo/lsa-jbeehner/jlucore/CAT_GM_seqs/final_16S/042-574TRU-CIMI-CR-23-JL_S42_L001_R2_001.fastq.gz,reverse
043-751TRU-CIMI-CR-23-JL,/nfs/turbo/lsa-jbeehner/jlucore/CAT_GM_seqs/final_16S/043-751TRU-CIMI-CR-23-JL_S43_L001_R1_001.fastq.gz,forward
043-751TRU-CIMI-CR-23-JL,/nfs/turbo/lsa-jbeehner/jlucore/CAT_GM_seqs/final_16S/043-751TRU-CIMI-CR-23-JL_S43_L001_R2_001.fastq.gz,reverse
044-830TRU-CIMI-CR-23-JL,/nfs/turbo/lsa-jbeehner/jlucore/CAT_GM_seqs/final_16S/044-830TRU-CIMI-CR-23-JL_S44_L001_R1_001.fastq.gz,forward
044-830TRU-CIMI-CR-23-JL,/nfs/turbo/lsa-jbeehner/jlucore/CAT_GM_seqs/final_16S/044-830TRU-CIMI-CR-23-JL_S44_L001_R2_001.fastq.gz,reverse
045-946TRU-CIMI-CR-23-JL,/nfs/turbo/lsa-jbeehner/jlucore/CAT_GM_seqs/final_16S/045-946TRU-CIMI-CR-23-JL_S45_L001_R1_001.fastq.gz,forward
045-946TRU-CIMI-CR-23-JL,/nfs/turbo/lsa-jbeehner/jlucore/CAT_GM_seqs/final_16S/045-946TRU-CIMI-CR-23-JL_S45_L001_R2_001.fastq.gz,reverse
046-1047TRU-CIMI-CR-23-JL,/nfs/turbo/lsa-jbeehner/jlucore/CAT_GM_seqs/final_16S/046-1047TRU-CIMI-CR-23-JL_S46_L001_R1_001.fastq.gz,forward
046-1047TRU-CIMI-CR-23-JL,/nfs/turbo/lsa-jbeehner/jlucore/CAT_GM_seqs/final_16S/046-1047TRU-CIMI-CR-23-JL_S46_L001_R2_001.fastq.gz,reverse
047-1118TRU-CIMI-CR-23-JL,/nfs/turbo/lsa-jbeehner/jlucore/CAT_GM_seqs/final_16S/047-1118TRU-CIMI-CR-23-JL_S47_L001_R1_001.fastq.gz,forward
047-1118TRU-CIMI-CR-23-JL,/nfs/turbo/lsa-jbeehner/jlucore/CAT_GM_seqs/final_16S/047-1118TRU-CIMI-CR-23-JL_S47_L001_R2_001.fastq.gz,reverse
048-Neg12-01-23-CIMI-CR-23-JL,/nfs/turbo/lsa-jbeehner/jlucore/CAT_GM_seqs/final_16S/048-Neg12-01-23-CIMI-CR-23-JL_S48_L001_R1_001.fastq.gz,forward
048-Neg12-01-23-CIMI-CR-23-JL,/nfs/turbo/lsa-jbeehner/jlucore/CAT_GM_seqs/final_16S/048-Neg12-01-23-CIMI-CR-23-JL_S48_L001_R2_001.fastq.gz,reverse
049-PCR1PltBNeg12-05-23-CIMI-CR-23-JL,/nfs/turbo/lsa-jbeehner/jlucore/CAT_GM_seqs/final_16S/049-PCR1PltBNeg12-05-23-CIMI-CR-23-JL_S49_L001_R1_001.fastq.gz,forward
049-PCR1PltBNeg12-05-23-CIMI-CR-23-JL,/nfs/turbo/lsa-jbeehner/jlucore/CAT_GM_seqs/final_16S/049-PCR1PltBNeg12-05-23-CIMI-CR-23-JL_S49_L001_R2_001.fastq.gz,reverse
050-1201TRU-CIMI-CR-23-JL,/nfs/turbo/lsa-jbeehner/jlucore/CAT_GM_seqs/final_16S/050-1201TRU-CIMI-CR-23-JL_S50_L001_R1_001.fastq.gz,forward
050-1201TRU-CIMI-CR-23-JL,/nfs/turbo/lsa-jbeehner/jlucore/CAT_GM_seqs/final_16S/050-1201TRU-CIMI-CR-23-JL_S50_L001_R2_001.fastq.gz,reverse
051-1278TRU-CIMI-CR-23-JL,/nfs/turbo/lsa-jbeehner/jlucore/CAT_GM_seqs/final_16S/051-1278TRU-CIMI-CR-23-JL_S51_L001_R1_001.fastq.gz,forward
051-1278TRU-CIMI-CR-23-JL,/nfs/turbo/lsa-jbeehner/jlucore/CAT_GM_seqs/final_16S/051-1278TRU-CIMI-CR-23-JL_S51_L001_R2_001.fastq.gz,reverse
052-1333TRU-CIMI-CR-23-JL,/nfs/turbo/lsa-jbeehner/jlucore/CAT_GM_seqs/final_16S/052-1333TRU-CIMI-CR-23-JL_S52_L001_R1_001.fastq.gz,forward
052-1333TRU-CIMI-CR-23-JL,/nfs/turbo/lsa-jbeehner/jlucore/CAT_GM_seqs/final_16S/052-1333TRU-CIMI-CR-23-JL_S52_L001_R2_001.fastq.gz,reverse
053-1365TRU-CIMI-CR-23-JL,/nfs/turbo/lsa-jbeehner/jlucore/CAT_GM_seqs/final_16S/053-1365TRU-CIMI-CR-23-JL_S53_L001_R1_001.fastq.gz,forward
053-1365TRU-CIMI-CR-23-JL,/nfs/turbo/lsa-jbeehner/jlucore/CAT_GM_seqs/final_16S/053-1365TRU-CIMI-CR-23-JL_S53_L001_R2_001.fastq.gz,reverse
054-1411TRU-CIMI-CR-23-JL,/nfs/turbo/lsa-jbeehner/jlucore/CAT_GM_seqs/final_16S/054-1411TRU-CIMI-CR-23-JL_S54_L001_R1_001.fastq.gz,forward
054-1411TRU-CIMI-CR-23-JL,/nfs/turbo/lsa-jbeehner/jlucore/CAT_GM_seqs/final_16S/054-1411TRU-CIMI-CR-23-JL_S54_L001_R2_001.fastq.gz,reverse
055-1459TRU-CIMI-CR-23-JL,/nfs/turbo/lsa-jbeehner/jlucore/CAT_GM_seqs/final_16S/055-1459TRU-CIMI-CR-23-JL_S55_L001_R1_001.fastq.gz,forward
055-1459TRU-CIMI-CR-23-JL,/nfs/turbo/lsa-jbeehner/jlucore/CAT_GM_seqs/final_16S/055-1459TRU-CIMI-CR-23-JL_S55_L001_R2_001.fastq.gz,reverse
056-193TSU-CIMI-CR-23-JL,/nfs/turbo/lsa-jbeehner/jlucore/CAT_GM_seqs/final_16S/056-193TSU-CIMI-CR-23-JL_S56_L001_R1_001.fastq.gz,forward
056-193TSU-CIMI-CR-23-JL,/nfs/turbo/lsa-jbeehner/jlucore/CAT_GM_seqs/final_16S/056-193TSU-CIMI-CR-23-JL_S56_L001_R2_001.fastq.gz,reverse
057-250TSU-CIMI-CR-23-JL,/nfs/turbo/lsa-jbeehner/jlucore/CAT_GM_seqs/final_16S/057-250TSU-CIMI-CR-23-JL_S57_L001_R1_001.fastq.gz,forward
057-250TSU-CIMI-CR-23-JL,/nfs/turbo/lsa-jbeehner/jlucore/CAT_GM_seqs/final_16S/057-250TSU-CIMI-CR-23-JL_S57_L001_R2_001.fastq.gz,reverse
058-338TSU-CIMI-CR-23-JL,/nfs/turbo/lsa-jbeehner/jlucore/CAT_GM_seqs/final_16S/058-338TSU-CIMI-CR-23-JL_S58_L001_R1_001.fastq.gz,forward
058-338TSU-CIMI-CR-23-JL,/nfs/turbo/lsa-jbeehner/jlucore/CAT_GM_seqs/final_16S/058-338TSU-CIMI-CR-23-JL_S58_L001_R2_001.fastq.gz,reverse
059-503TSU-CIMI-CR-23-JL,/nfs/turbo/lsa-jbeehner/jlucore/CAT_GM_seqs/final_16S/059-503TSU-CIMI-CR-23-JL_S59_L001_R1_001.fastq.gz,forward
059-503TSU-CIMI-CR-23-JL,/nfs/turbo/lsa-jbeehner/jlucore/CAT_GM_seqs/final_16S/059-503TSU-CIMI-CR-23-JL_S59_L001_R2_001.fastq.gz,reverse
060-609TSU-CIMI-CR-23-JL,/nfs/turbo/lsa-jbeehner/jlucore/CAT_GM_seqs/final_16S/060-609TSU-CIMI-CR-23-JL_S60_L001_R1_001.fastq.gz,forward
060-609TSU-CIMI-CR-23-JL,/nfs/turbo/lsa-jbeehner/jlucore/CAT_GM_seqs/final_16S/060-609TSU-CIMI-CR-23-JL_S60_L001_R2_001.fastq.gz,reverse
061-683TSU-CIMI-CR-23-JL,/nfs/turbo/lsa-jbeehner/jlucore/CAT_GM_seqs/final_16S/061-683TSU-CIMI-CR-23-JL_S61_L001_R1_001.fastq.gz,forward
061-683TSU-CIMI-CR-23-JL,/nfs/turbo/lsa-jbeehner/jlucore/CAT_GM_seqs/final_16S/061-683TSU-CIMI-CR-23-JL_S61_L001_R2_001.fastq.gz,reverse
062-810TSU-CIMI-CR-23-JL,/nfs/turbo/lsa-jbeehner/jlucore/CAT_GM_seqs/final_16S/062-810TSU-CIMI-CR-23-JL_S62_L001_R1_001.fastq.gz,forward
062-810TSU-CIMI-CR-23-JL,/nfs/turbo/lsa-jbeehner/jlucore/CAT_GM_seqs/final_16S/062-810TSU-CIMI-CR-23-JL_S62_L001_R2_001.fastq.gz,reverse
063-890TSU-CIMI-CR-23-JL,/nfs/turbo/lsa-jbeehner/jlucore/CAT_GM_seqs/final_16S/063-890TSU-CIMI-CR-23-JL_S63_L001_R1_001.fastq.gz,forward
063-890TSU-CIMI-CR-23-JL,/nfs/turbo/lsa-jbeehner/jlucore/CAT_GM_seqs/final_16S/063-890TSU-CIMI-CR-23-JL_S63_L001_R2_001.fastq.gz,reverse
064-977TSU-CIMI-CR-23-JL,/nfs/turbo/lsa-jbeehner/jlucore/CAT_GM_seqs/final_16S/064-977TSU-CIMI-CR-23-JL_S64_L001_R1_001.fastq.gz,forward
064-977TSU-CIMI-CR-23-JL,/nfs/turbo/lsa-jbeehner/jlucore/CAT_GM_seqs/final_16S/064-977TSU-CIMI-CR-23-JL_S64_L001_R2_001.fastq.gz,reverse
065-1122TSU-CIMI-CR-23-JL,/nfs/turbo/lsa-jbeehner/jlucore/CAT_GM_seqs/final_16S/065-1122TSU-CIMI-CR-23-JL_S65_L001_R1_001.fastq.gz,forward
065-1122TSU-CIMI-CR-23-JL,/nfs/turbo/lsa-jbeehner/jlucore/CAT_GM_seqs/final_16S/065-1122TSU-CIMI-CR-23-JL_S65_L001_R2_001.fastq.gz,reverse
066-1259TSU-CIMI-CR-23-JL,/nfs/turbo/lsa-jbeehner/jlucore/CAT_GM_seqs/final_16S/066-1259TSU-CIMI-CR-23-JL_S66_L001_R1_001.fastq.gz,forward
066-1259TSU-CIMI-CR-23-JL,/nfs/turbo/lsa-jbeehner/jlucore/CAT_GM_seqs/final_16S/066-1259TSU-CIMI-CR-23-JL_S66_L001_R2_001.fastq.gz,reverse
067-1508TSU-CIMI-CR-23-JL,/nfs/turbo/lsa-jbeehner/jlucore/CAT_GM_seqs/final_16S/067-1508TSU-CIMI-CR-23-JL_S67_L001_R1_001.fastq.gz,forward
067-1508TSU-CIMI-CR-23-JL,/nfs/turbo/lsa-jbeehner/jlucore/CAT_GM_seqs/final_16S/067-1508TSU-CIMI-CR-23-JL_S67_L001_R2_001.fastq.gz,reverse
068-1545TSU-CIMI-CR-23-JL,/nfs/turbo/lsa-jbeehner/jlucore/CAT_GM_seqs/final_16S/068-1545TSU-CIMI-CR-23-JL_S68_L001_R1_001.fastq.gz,forward
068-1545TSU-CIMI-CR-23-JL,/nfs/turbo/lsa-jbeehner/jlucore/CAT_GM_seqs/final_16S/068-1545TSU-CIMI-CR-23-JL_S68_L001_R2_001.fastq.gz,reverse
069-330TUA-CIMI-CR-23-JL,/nfs/turbo/lsa-jbeehner/jlucore/CAT_GM_seqs/final_16S/069-330TUA-CIMI-CR-23-JL_S69_L001_R1_001.fastq.gz,forward
069-330TUA-CIMI-CR-23-JL,/nfs/turbo/lsa-jbeehner/jlucore/CAT_GM_seqs/final_16S/069-330TUA-CIMI-CR-23-JL_S69_L001_R2_001.fastq.gz,reverse
070-384TUA-CIMI-CR-23-JL,/nfs/turbo/lsa-jbeehner/jlucore/CAT_GM_seqs/final_16S/070-384TUA-CIMI-CR-23-JL_S70_L001_R1_001.fastq.gz,forward
070-384TUA-CIMI-CR-23-JL,/nfs/turbo/lsa-jbeehner/jlucore/CAT_GM_seqs/final_16S/070-384TUA-CIMI-CR-23-JL_S70_L001_R2_001.fastq.gz,reverse
071-509TUA-CIMI-CR-23-JL,/nfs/turbo/lsa-jbeehner/jlucore/CAT_GM_seqs/final_16S/071-509TUA-CIMI-CR-23-JL_S71_L001_R1_001.fastq.gz,forward
071-509TUA-CIMI-CR-23-JL,/nfs/turbo/lsa-jbeehner/jlucore/CAT_GM_seqs/final_16S/071-509TUA-CIMI-CR-23-JL_S71_L001_R2_001.fastq.gz,reverse
072-616TUA-CIMI-CR-23-JL,/nfs/turbo/lsa-jbeehner/jlucore/CAT_GM_seqs/final_16S/072-616TUA-CIMI-CR-23-JL_S72_L001_R1_001.fastq.gz,forward
072-616TUA-CIMI-CR-23-JL,/nfs/turbo/lsa-jbeehner/jlucore/CAT_GM_seqs/final_16S/072-616TUA-CIMI-CR-23-JL_S72_L001_R2_001.fastq.gz,reverse
073-Neg12-07-23-CIMI-CR-23-JL,/nfs/turbo/lsa-jbeehner/jlucore/CAT_GM_seqs/final_16S/073-Neg12-07-23-CIMI-CR-23-JL_S73_L001_R1_001.fastq.gz,forward
073-Neg12-07-23-CIMI-CR-23-JL,/nfs/turbo/lsa-jbeehner/jlucore/CAT_GM_seqs/final_16S/073-Neg12-07-23-CIMI-CR-23-JL_S73_L001_R2_001.fastq.gz,reverse
074-119TSU-CIMI-CR-23-JL,/nfs/turbo/lsa-jbeehner/jlucore/CAT_GM_seqs/final_16S/074-119TSU-CIMI-CR-23-JL_S74_L001_R1_001.fastq.gz,forward
074-119TSU-CIMI-CR-23-JL,/nfs/turbo/lsa-jbeehner/jlucore/CAT_GM_seqs/final_16S/074-119TSU-CIMI-CR-23-JL_S74_L001_R2_001.fastq.gz,reverse
075-672TUA-CIMI-CR-23-JL,/nfs/turbo/lsa-jbeehner/jlucore/CAT_GM_seqs/final_16S/075-672TUA-CIMI-CR-23-JL_S75_L001_R1_001.fastq.gz,forward
075-672TUA-CIMI-CR-23-JL,/nfs/turbo/lsa-jbeehner/jlucore/CAT_GM_seqs/final_16S/075-672TUA-CIMI-CR-23-JL_S75_L001_R2_001.fastq.gz,reverse
076-725TUA-CIMI-CR-23-JL,/nfs/turbo/lsa-jbeehner/jlucore/CAT_GM_seqs/final_16S/076-725TUA-CIMI-CR-23-JL_S76_L001_R1_001.fastq.gz,forward
076-725TUA-CIMI-CR-23-JL,/nfs/turbo/lsa-jbeehner/jlucore/CAT_GM_seqs/final_16S/076-725TUA-CIMI-CR-23-JL_S76_L001_R2_001.fastq.gz,reverse
077-841TUA-CIMI-CR-23-JL,/nfs/turbo/lsa-jbeehner/jlucore/CAT_GM_seqs/final_16S/077-841TUA-CIMI-CR-23-JL_S77_L001_R1_001.fastq.gz,forward
077-841TUA-CIMI-CR-23-JL,/nfs/turbo/lsa-jbeehner/jlucore/CAT_GM_seqs/final_16S/077-841TUA-CIMI-CR-23-JL_S77_L001_R2_001.fastq.gz,reverse
078-903TUA-CIMI-CR-23-JL,/nfs/turbo/lsa-jbeehner/jlucore/CAT_GM_seqs/final_16S/078-903TUA-CIMI-CR-23-JL_S78_L001_R1_001.fastq.gz,forward
078-903TUA-CIMI-CR-23-JL,/nfs/turbo/lsa-jbeehner/jlucore/CAT_GM_seqs/final_16S/078-903TUA-CIMI-CR-23-JL_S78_L001_R2_001.fastq.gz,reverse
079-972TUA-CIMI-CR-23-JL,/nfs/turbo/lsa-jbeehner/jlucore/CAT_GM_seqs/final_16S/079-972TUA-CIMI-CR-23-JL_S79_L001_R1_001.fastq.gz,forward
079-972TUA-CIMI-CR-23-JL,/nfs/turbo/lsa-jbeehner/jlucore/CAT_GM_seqs/final_16S/079-972TUA-CIMI-CR-23-JL_S79_L001_R2_001.fastq.gz,reverse
080-Neg12-11-23-CIMI-CR-23-JL,/nfs/turbo/lsa-jbeehner/jlucore/CAT_GM_seqs/final_16S/080-Neg12-11-23-CIMI-CR-23-JL_S80_L001_R1_001.fastq.gz,forward
080-Neg12-11-23-CIMI-CR-23-JL,/nfs/turbo/lsa-jbeehner/jlucore/CAT_GM_seqs/final_16S/080-Neg12-11-23-CIMI-CR-23-JL_S80_L001_R2_001.fastq.gz,reverse
081-PCR1Neg12-11-23-CIMI-CR-23-JL,/nfs/turbo/lsa-jbeehner/jlucore/CAT_GM_seqs/final_16S/081-PCR1Neg12-11-23-CIMI-CR-23-JL_S81_L001_R1_001.fastq.gz,forward
081-PCR1Neg12-11-23-CIMI-CR-23-JL,/nfs/turbo/lsa-jbeehner/jlucore/CAT_GM_seqs/final_16S/081-PCR1Neg12-11-23-CIMI-CR-23-JL_S81_L001_R2_001.fastq.gz,reverse
082-985TUA-CIMI-CR-23-JL,/nfs/turbo/lsa-jbeehner/jlucore/CAT_GM_seqs/final_16S/082-985TUA-CIMI-CR-23-JL_S82_L001_R1_001.fastq.gz,forward
082-985TUA-CIMI-CR-23-JL,/nfs/turbo/lsa-jbeehner/jlucore/CAT_GM_seqs/final_16S/082-985TUA-CIMI-CR-23-JL_S82_L001_R2_001.fastq.gz,reverse
083-1089TUA-CIMI-CR-23-JL,/nfs/turbo/lsa-jbeehner/jlucore/CAT_GM_seqs/final_16S/083-1089TUA-CIMI-CR-23-JL_S83_L001_R1_001.fastq.gz,forward
083-1089TUA-CIMI-CR-23-JL,/nfs/turbo/lsa-jbeehner/jlucore/CAT_GM_seqs/final_16S/083-1089TUA-CIMI-CR-23-JL_S83_L001_R2_001.fastq.gz,reverse
084-1135TUA-CIMI-CR-23-JL,/nfs/turbo/lsa-jbeehner/jlucore/CAT_GM_seqs/final_16S/084-1135TUA-CIMI-CR-23-JL_S84_L001_R1_001.fastq.gz,forward
084-1135TUA-CIMI-CR-23-JL,/nfs/turbo/lsa-jbeehner/jlucore/CAT_GM_seqs/final_16S/084-1135TUA-CIMI-CR-23-JL_S84_L001_R2_001.fastq.gz,reverse
085-1267TUA-CIMI-CR-23-JL,/nfs/turbo/lsa-jbeehner/jlucore/CAT_GM_seqs/final_16S/085-1267TUA-CIMI-CR-23-JL_S85_L001_R1_001.fastq.gz,forward
085-1267TUA-CIMI-CR-23-JL,/nfs/turbo/lsa-jbeehner/jlucore/CAT_GM_seqs/final_16S/085-1267TUA-CIMI-CR-23-JL_S85_L001_R2_001.fastq.gz,reverse
086-1375TUA-CIMI-CR-23-JL,/nfs/turbo/lsa-jbeehner/jlucore/CAT_GM_seqs/final_16S/086-1375TUA-CIMI-CR-23-JL_S86_L001_R1_001.fastq.gz,forward
086-1375TUA-CIMI-CR-23-JL,/nfs/turbo/lsa-jbeehner/jlucore/CAT_GM_seqs/final_16S/086-1375TUA-CIMI-CR-23-JL_S86_L001_R2_001.fastq.gz,reverse
087-1399TUA-CIMI-CR-23-JL,/nfs/turbo/lsa-jbeehner/jlucore/CAT_GM_seqs/final_16S/087-1399TUA-CIMI-CR-23-JL_S87_L001_R1_001.fastq.gz,forward
087-1399TUA-CIMI-CR-23-JL,/nfs/turbo/lsa-jbeehner/jlucore/CAT_GM_seqs/final_16S/087-1399TUA-CIMI-CR-23-JL_S87_L001_R2_001.fastq.gz,reverse
088-204MAN-CIMI-CR-23-JL,/nfs/turbo/lsa-jbeehner/jlucore/CAT_GM_seqs/final_16S/088-204MAN-CIMI-CR-23-JL_S88_L001_R1_001.fastq.gz,forward
088-204MAN-CIMI-CR-23-JL,/nfs/turbo/lsa-jbeehner/jlucore/CAT_GM_seqs/final_16S/088-204MAN-CIMI-CR-23-JL_S88_L001_R2_001.fastq.gz,reverse
089-414MAN-CIMI-CR-23-JL,/nfs/turbo/lsa-jbeehner/jlucore/CAT_GM_seqs/final_16S/089-414MAN-CIMI-CR-23-JL_S89_L001_R1_001.fastq.gz,forward
089-414MAN-CIMI-CR-23-JL,/nfs/turbo/lsa-jbeehner/jlucore/CAT_GM_seqs/final_16S/089-414MAN-CIMI-CR-23-JL_S89_L001_R2_001.fastq.gz,reverse
090-487MAN-CIMI-CR-23-JL,/nfs/turbo/lsa-jbeehner/jlucore/CAT_GM_seqs/final_16S/090-487MAN-CIMI-CR-23-JL_S90_L001_R1_001.fastq.gz,forward
090-487MAN-CIMI-CR-23-JL,/nfs/turbo/lsa-jbeehner/jlucore/CAT_GM_seqs/final_16S/090-487MAN-CIMI-CR-23-JL_S90_L001_R2_001.fastq.gz,reverse
091-558MAN-CIMI-CR-23-JL,/nfs/turbo/lsa-jbeehner/jlucore/CAT_GM_seqs/final_16S/091-558MAN-CIMI-CR-23-JL_S91_L001_R1_001.fastq.gz,forward
091-558MAN-CIMI-CR-23-JL,/nfs/turbo/lsa-jbeehner/jlucore/CAT_GM_seqs/final_16S/091-558MAN-CIMI-CR-23-JL_S91_L001_R2_001.fastq.gz,reverse
092-806MAN-CIMI-CR-23-JL,/nfs/turbo/lsa-jbeehner/jlucore/CAT_GM_seqs/final_16S/092-806MAN-CIMI-CR-23-JL_S92_L001_R1_001.fastq.gz,forward
092-806MAN-CIMI-CR-23-JL,/nfs/turbo/lsa-jbeehner/jlucore/CAT_GM_seqs/final_16S/092-806MAN-CIMI-CR-23-JL_S92_L001_R2_001.fastq.gz,reverse
093-978MAN-CIMI-CR-23-JL,/nfs/turbo/lsa-jbeehner/jlucore/CAT_GM_seqs/final_16S/093-978MAN-CIMI-CR-23-JL_S93_L001_R1_001.fastq.gz,forward
093-978MAN-CIMI-CR-23-JL,/nfs/turbo/lsa-jbeehner/jlucore/CAT_GM_seqs/final_16S/093-978MAN-CIMI-CR-23-JL_S93_L001_R2_001.fastq.gz,reverse
094-1017MAN-CIMI-CR-23-JL,/nfs/turbo/lsa-jbeehner/jlucore/CAT_GM_seqs/final_16S/094-1017MAN-CIMI-CR-23-JL_S94_L001_R1_001.fastq.gz,forward
094-1017MAN-CIMI-CR-23-JL,/nfs/turbo/lsa-jbeehner/jlucore/CAT_GM_seqs/final_16S/094-1017MAN-CIMI-CR-23-JL_S94_L001_R2_001.fastq.gz,reverse
095-PCR1Plt1Neg12-12-23-CIMI-CR-23-JL,/nfs/turbo/lsa-jbeehner/jlucore/CAT_GM_seqs/final_16S/095-PCR1Plt1Neg12-12-23-CIMI-CR-23-JL_S95_L001_R1_001.fastq.gz,forward
095-PCR1Plt1Neg12-12-23-CIMI-CR-23-JL,/nfs/turbo/lsa-jbeehner/jlucore/CAT_GM_seqs/final_16S/095-PCR1Plt1Neg12-12-23-CIMI-CR-23-JL_S95_L001_R2_001.fastq.gz,reverse
096-PCR2Plt1Neg-CIMI-CR-23-JL,/nfs/turbo/lsa-jbeehner/jlucore/CAT_GM_seqs/final_16S/096-PCR2Plt1Neg-CIMI-CR-23-JL_S96_L001_R1_001.fastq.gz,forward
096-PCR2Plt1Neg-CIMI-CR-23-JL,/nfs/turbo/lsa-jbeehner/jlucore/CAT_GM_seqs/final_16S/096-PCR2Plt1Neg-CIMI-CR-23-JL_S96_L001_R2_001.fastq.gz,reverse
097-391MAU-CIMI-CR-23-JL,/nfs/turbo/lsa-jbeehner/jlucore/CAT_GM_seqs/final_16S/097-391MAU-CIMI-CR-23-JL_S97_L001_R1_001.fastq.gz,forward
097-391MAU-CIMI-CR-23-JL,/nfs/turbo/lsa-jbeehner/jlucore/CAT_GM_seqs/final_16S/097-391MAU-CIMI-CR-23-JL_S97_L001_R2_001.fastq.gz,reverse
098-481MAU-CIMI-CR-23-JL,/nfs/turbo/lsa-jbeehner/jlucore/CAT_GM_seqs/final_16S/098-481MAU-CIMI-CR-23-JL_S98_L001_R1_001.fastq.gz,forward
098-481MAU-CIMI-CR-23-JL,/nfs/turbo/lsa-jbeehner/jlucore/CAT_GM_seqs/final_16S/098-481MAU-CIMI-CR-23-JL_S98_L001_R2_001.fastq.gz,reverse
099-495MAU-CIMI-CR-23-JL,/nfs/turbo/lsa-jbeehner/jlucore/CAT_GM_seqs/final_16S/099-495MAU-CIMI-CR-23-JL_S99_L001_R1_001.fastq.gz,forward
099-495MAU-CIMI-CR-23-JL,/nfs/turbo/lsa-jbeehner/jlucore/CAT_GM_seqs/final_16S/099-495MAU-CIMI-CR-23-JL_S99_L001_R2_001.fastq.gz,reverse
100-406MAY-CIMI-CR-23-JL,/nfs/turbo/lsa-jbeehner/jlucore/CAT_GM_seqs/final_16S/100-406MAY-CIMI-CR-23-JL_S100_L001_R1_001.fastq.gz,forward
100-406MAY-CIMI-CR-23-JL,/nfs/turbo/lsa-jbeehner/jlucore/CAT_GM_seqs/final_16S/100-406MAY-CIMI-CR-23-JL_S100_L001_R2_001.fastq.gz,reverse
101-515MAY-CIMI-CR-23-JL,/nfs/turbo/lsa-jbeehner/jlucore/CAT_GM_seqs/final_16S/101-515MAY-CIMI-CR-23-JL_S101_L001_R1_001.fastq.gz,forward
101-515MAY-CIMI-CR-23-JL,/nfs/turbo/lsa-jbeehner/jlucore/CAT_GM_seqs/final_16S/101-515MAY-CIMI-CR-23-JL_S101_L001_R2_001.fastq.gz,reverse
102-696MAY-CIMI-CR-23-JL,/nfs/turbo/lsa-jbeehner/jlucore/CAT_GM_seqs/final_16S/102-696MAY-CIMI-CR-23-JL_S102_L001_R1_001.fastq.gz,forward
102-696MAY-CIMI-CR-23-JL,/nfs/turbo/lsa-jbeehner/jlucore/CAT_GM_seqs/final_16S/102-696MAY-CIMI-CR-23-JL_S102_L001_R2_001.fastq.gz,reverse
103-776MAY-CIMI-CR-23-JL,/nfs/turbo/lsa-jbeehner/jlucore/CAT_GM_seqs/final_16S/103-776MAY-CIMI-CR-23-JL_S103_L001_R1_001.fastq.gz,forward
103-776MAY-CIMI-CR-23-JL,/nfs/turbo/lsa-jbeehner/jlucore/CAT_GM_seqs/final_16S/103-776MAY-CIMI-CR-23-JL_S103_L001_R2_001.fastq.gz,reverse
104-1016MAY-CIMI-CR-23-JL,/nfs/turbo/lsa-jbeehner/jlucore/CAT_GM_seqs/final_16S/104-1016MAY-CIMI-CR-23-JL_S104_L001_R1_001.fastq.gz,forward
104-1016MAY-CIMI-CR-23-JL,/nfs/turbo/lsa-jbeehner/jlucore/CAT_GM_seqs/final_16S/104-1016MAY-CIMI-CR-23-JL_S104_L001_R2_001.fastq.gz,reverse
105-1094MAY-CIMI-CR-23-JL,/nfs/turbo/lsa-jbeehner/jlucore/CAT_GM_seqs/final_16S/105-1094MAY-CIMI-CR-23-JL_S105_L001_R1_001.fastq.gz,forward
105-1094MAY-CIMI-CR-23-JL,/nfs/turbo/lsa-jbeehner/jlucore/CAT_GM_seqs/final_16S/105-1094MAY-CIMI-CR-23-JL_S105_L001_R2_001.fastq.gz,reverse
106-1265MAY-CIMI-CR-23-JL,/nfs/turbo/lsa-jbeehner/jlucore/CAT_GM_seqs/final_16S/106-1265MAY-CIMI-CR-23-JL_S106_L001_R1_001.fastq.gz,forward
106-1265MAY-CIMI-CR-23-JL,/nfs/turbo/lsa-jbeehner/jlucore/CAT_GM_seqs/final_16S/106-1265MAY-CIMI-CR-23-JL_S106_L001_R2_001.fastq.gz,reverse
107-1271MAY-CIMI-CR-23-JL,/nfs/turbo/lsa-jbeehner/jlucore/CAT_GM_seqs/final_16S/107-1271MAY-CIMI-CR-23-JL_S107_L001_R1_001.fastq.gz,forward
107-1271MAY-CIMI-CR-23-JL,/nfs/turbo/lsa-jbeehner/jlucore/CAT_GM_seqs/final_16S/107-1271MAY-CIMI-CR-23-JL_S107_L001_R2_001.fastq.gz,reverse
108-1320MAY-CIMI-CR-23-JL,/nfs/turbo/lsa-jbeehner/jlucore/CAT_GM_seqs/final_16S/108-1320MAY-CIMI-CR-23-JL_S108_L001_R1_001.fastq.gz,forward
108-1320MAY-CIMI-CR-23-JL,/nfs/turbo/lsa-jbeehner/jlucore/CAT_GM_seqs/final_16S/108-1320MAY-CIMI-CR-23-JL_S108_L001_R2_001.fastq.gz,reverse
109-155MEZ-CIMI-CR-23-JL,/nfs/turbo/lsa-jbeehner/jlucore/CAT_GM_seqs/final_16S/109-155MEZ-CIMI-CR-23-JL_S109_L001_R1_001.fastq.gz,forward
109-155MEZ-CIMI-CR-23-JL,/nfs/turbo/lsa-jbeehner/jlucore/CAT_GM_seqs/final_16S/109-155MEZ-CIMI-CR-23-JL_S109_L001_R2_001.fastq.gz,reverse
110-302MEZ-CIMI-CR-23-JL,/nfs/turbo/lsa-jbeehner/jlucore/CAT_GM_seqs/final_16S/110-302MEZ-CIMI-CR-23-JL_S110_L001_R1_001.fastq.gz,forward
110-302MEZ-CIMI-CR-23-JL,/nfs/turbo/lsa-jbeehner/jlucore/CAT_GM_seqs/final_16S/110-302MEZ-CIMI-CR-23-JL_S110_L001_R2_001.fastq.gz,reverse
111-NegA12-12-23-CIMI-CR-23-JL,/nfs/turbo/lsa-jbeehner/jlucore/CAT_GM_seqs/final_16S/111-NegA12-12-23-CIMI-CR-23-JL_S111_L001_R1_001.fastq.gz,forward
111-NegA12-12-23-CIMI-CR-23-JL,/nfs/turbo/lsa-jbeehner/jlucore/CAT_GM_seqs/final_16S/111-NegA12-12-23-CIMI-CR-23-JL_S111_L001_R2_001.fastq.gz,reverse
112-426MEZ-CIMI-CR-23-JL,/nfs/turbo/lsa-jbeehner/jlucore/CAT_GM_seqs/final_16S/112-426MEZ-CIMI-CR-23-JL_S112_L001_R1_001.fastq.gz,forward
112-426MEZ-CIMI-CR-23-JL,/nfs/turbo/lsa-jbeehner/jlucore/CAT_GM_seqs/final_16S/112-426MEZ-CIMI-CR-23-JL_S112_L001_R2_001.fastq.gz,reverse
113-492MEZ-CIMI-CR-23-JL,/nfs/turbo/lsa-jbeehner/jlucore/CAT_GM_seqs/final_16S/113-492MEZ-CIMI-CR-23-JL_S113_L001_R1_001.fastq.gz,forward
113-492MEZ-CIMI-CR-23-JL,/nfs/turbo/lsa-jbeehner/jlucore/CAT_GM_seqs/final_16S/113-492MEZ-CIMI-CR-23-JL_S113_L001_R2_001.fastq.gz,reverse
114-652MEZ-CIMI-CR-23-JL,/nfs/turbo/lsa-jbeehner/jlucore/CAT_GM_seqs/final_16S/114-652MEZ-CIMI-CR-23-JL_S114_L001_R1_001.fastq.gz,forward
114-652MEZ-CIMI-CR-23-JL,/nfs/turbo/lsa-jbeehner/jlucore/CAT_GM_seqs/final_16S/114-652MEZ-CIMI-CR-23-JL_S114_L001_R2_001.fastq.gz,reverse
115-757MEZ-CIMI-CR-23-JL,/nfs/turbo/lsa-jbeehner/jlucore/CAT_GM_seqs/final_16S/115-757MEZ-CIMI-CR-23-JL_S115_L001_R1_001.fastq.gz,forward
115-757MEZ-CIMI-CR-23-JL,/nfs/turbo/lsa-jbeehner/jlucore/CAT_GM_seqs/final_16S/115-757MEZ-CIMI-CR-23-JL_S115_L001_R2_001.fastq.gz,reverse
116-1019MEZ-CIMI-CR-23-JL,/nfs/turbo/lsa-jbeehner/jlucore/CAT_GM_seqs/final_16S/116-1019MEZ-CIMI-CR-23-JL_S116_L001_R1_001.fastq.gz,forward
116-1019MEZ-CIMI-CR-23-JL,/nfs/turbo/lsa-jbeehner/jlucore/CAT_GM_seqs/final_16S/116-1019MEZ-CIMI-CR-23-JL_S116_L001_R2_001.fastq.gz,reverse
117-1190MEZ-CIMI-CR-23-JL,/nfs/turbo/lsa-jbeehner/jlucore/CAT_GM_seqs/final_16S/117-1190MEZ-CIMI-CR-23-JL_S117_L001_R1_001.fastq.gz,forward
117-1190MEZ-CIMI-CR-23-JL,/nfs/turbo/lsa-jbeehner/jlucore/CAT_GM_seqs/final_16S/117-1190MEZ-CIMI-CR-23-JL_S117_L001_R2_001.fastq.gz,reverse
118-405MEZ-CIMI-CR-23-JL,/nfs/turbo/lsa-jbeehner/jlucore/CAT_GM_seqs/final_16S/118-405MEZ-CIMI-CR-23-JL_S118_L001_R1_001.fastq.gz,forward
118-405MEZ-CIMI-CR-23-JL,/nfs/turbo/lsa-jbeehner/jlucore/CAT_GM_seqs/final_16S/118-405MEZ-CIMI-CR-23-JL_S118_L001_R2_001.fastq.gz,reverse
119-484MEZ-CIMI-CR-23-JL,/nfs/turbo/lsa-jbeehner/jlucore/CAT_GM_seqs/final_16S/119-484MEZ-CIMI-CR-23-JL_S119_L001_R1_001.fastq.gz,forward
119-484MEZ-CIMI-CR-23-JL,/nfs/turbo/lsa-jbeehner/jlucore/CAT_GM_seqs/final_16S/119-484MEZ-CIMI-CR-23-JL_S119_L001_R2_001.fastq.gz,reverse
120-804MIL-CIMI-CR-23-JL,/nfs/turbo/lsa-jbeehner/jlucore/CAT_GM_seqs/final_16S/120-804MIL-CIMI-CR-23-JL_S120_L001_R1_001.fastq.gz,forward
120-804MIL-CIMI-CR-23-JL,/nfs/turbo/lsa-jbeehner/jlucore/CAT_GM_seqs/final_16S/120-804MIL-CIMI-CR-23-JL_S120_L001_R2_001.fastq.gz,reverse
121-964MIL-CIMI-CR-23-JL,/nfs/turbo/lsa-jbeehner/jlucore/CAT_GM_seqs/final_16S/121-964MIL-CIMI-CR-23-JL_S121_L001_R1_001.fastq.gz,forward
121-964MIL-CIMI-CR-23-JL,/nfs/turbo/lsa-jbeehner/jlucore/CAT_GM_seqs/final_16S/121-964MIL-CIMI-CR-23-JL_S121_L001_R2_001.fastq.gz,reverse
122-999MIL-CIMI-CR-23-JL,/nfs/turbo/lsa-jbeehner/jlucore/CAT_GM_seqs/final_16S/122-999MIL-CIMI-CR-23-JL_S122_L001_R1_001.fastq.gz,forward
122-999MIL-CIMI-CR-23-JL,/nfs/turbo/lsa-jbeehner/jlucore/CAT_GM_seqs/final_16S/122-999MIL-CIMI-CR-23-JL_S122_L001_R2_001.fastq.gz,reverse
123-1070MIL-CIMI-CR-23-JL,/nfs/turbo/lsa-jbeehner/jlucore/CAT_GM_seqs/final_16S/123-1070MIL-CIMI-CR-23-JL_S123_L001_R1_001.fastq.gz,forward
123-1070MIL-CIMI-CR-23-JL,/nfs/turbo/lsa-jbeehner/jlucore/CAT_GM_seqs/final_16S/123-1070MIL-CIMI-CR-23-JL_S123_L001_R2_001.fastq.gz,reverse
124-1327MIL-CIMI-CR-23-JL,/nfs/turbo/lsa-jbeehner/jlucore/CAT_GM_seqs/final_16S/124-1327MIL-CIMI-CR-23-JL_S124_L001_R1_001.fastq.gz,forward
124-1327MIL-CIMI-CR-23-JL,/nfs/turbo/lsa-jbeehner/jlucore/CAT_GM_seqs/final_16S/124-1327MIL-CIMI-CR-23-JL_S124_L001_R2_001.fastq.gz,reverse
125-211MIS-CIMI-CR-23-JL,/nfs/turbo/lsa-jbeehner/jlucore/CAT_GM_seqs/final_16S/125-211MIS-CIMI-CR-23-JL_S125_L001_R1_001.fastq.gz,forward
125-211MIS-CIMI-CR-23-JL,/nfs/turbo/lsa-jbeehner/jlucore/CAT_GM_seqs/final_16S/125-211MIS-CIMI-CR-23-JL_S125_L001_R2_001.fastq.gz,reverse
126-689MIS-CIMI-CR-23-JL,/nfs/turbo/lsa-jbeehner/jlucore/CAT_GM_seqs/final_16S/126-689MIS-CIMI-CR-23-JL_S126_L001_R1_001.fastq.gz,forward
126-689MIS-CIMI-CR-23-JL,/nfs/turbo/lsa-jbeehner/jlucore/CAT_GM_seqs/final_16S/126-689MIS-CIMI-CR-23-JL_S126_L001_R2_001.fastq.gz,reverse
127-899MIS-CIMI-CR-23-JL,/nfs/turbo/lsa-jbeehner/jlucore/CAT_GM_seqs/final_16S/127-899MIS-CIMI-CR-23-JL_S127_L001_R1_001.fastq.gz,forward
127-899MIS-CIMI-CR-23-JL,/nfs/turbo/lsa-jbeehner/jlucore/CAT_GM_seqs/final_16S/127-899MIS-CIMI-CR-23-JL_S127_L001_R2_001.fastq.gz,reverse
128-1022MIS-CIMI-CR-23-JL,/nfs/turbo/lsa-jbeehner/jlucore/CAT_GM_seqs/final_16S/128-1022MIS-CIMI-CR-23-JL_S128_L001_R1_001.fastq.gz,forward
128-1022MIS-CIMI-CR-23-JL,/nfs/turbo/lsa-jbeehner/jlucore/CAT_GM_seqs/final_16S/128-1022MIS-CIMI-CR-23-JL_S128_L001_R2_001.fastq.gz,reverse
129-1179MIS-CIMI-CR-23-JL,/nfs/turbo/lsa-jbeehner/jlucore/CAT_GM_seqs/final_16S/129-1179MIS-CIMI-CR-23-JL_S129_L001_R1_001.fastq.gz,forward
129-1179MIS-CIMI-CR-23-JL,/nfs/turbo/lsa-jbeehner/jlucore/CAT_GM_seqs/final_16S/129-1179MIS-CIMI-CR-23-JL_S129_L001_R2_001.fastq.gz,reverse
130-1285MIS-CIMI-CR-23-JL,/nfs/turbo/lsa-jbeehner/jlucore/CAT_GM_seqs/final_16S/130-1285MIS-CIMI-CR-23-JL_S130_L001_R1_001.fastq.gz,forward
130-1285MIS-CIMI-CR-23-JL,/nfs/turbo/lsa-jbeehner/jlucore/CAT_GM_seqs/final_16S/130-1285MIS-CIMI-CR-23-JL_S130_L001_R2_001.fastq.gz,reverse
131-1310MIS-CIMI-CR-23-JL,/nfs/turbo/lsa-jbeehner/jlucore/CAT_GM_seqs/final_16S/131-1310MIS-CIMI-CR-23-JL_S131_L001_R1_001.fastq.gz,forward
131-1310MIS-CIMI-CR-23-JL,/nfs/turbo/lsa-jbeehner/jlucore/CAT_GM_seqs/final_16S/131-1310MIS-CIMI-CR-23-JL_S131_L001_R2_001.fastq.gz,reverse
132-512MON-CIMI-CR-23-JL,/nfs/turbo/lsa-jbeehner/jlucore/CAT_GM_seqs/final_16S/132-512MON-CIMI-CR-23-JL_S132_L001_R1_001.fastq.gz,forward
132-512MON-CIMI-CR-23-JL,/nfs/turbo/lsa-jbeehner/jlucore/CAT_GM_seqs/final_16S/132-512MON-CIMI-CR-23-JL_S132_L001_R2_001.fastq.gz,reverse
133-1187MON-CIMI-CR-23-JL,/nfs/turbo/lsa-jbeehner/jlucore/CAT_GM_seqs/final_16S/133-1187MON-CIMI-CR-23-JL_S133_L001_R1_001.fastq.gz,forward
133-1187MON-CIMI-CR-23-JL,/nfs/turbo/lsa-jbeehner/jlucore/CAT_GM_seqs/final_16S/133-1187MON-CIMI-CR-23-JL_S133_L001_R2_001.fastq.gz,reverse
134-1325MON-CIMI-CR-23-JL,/nfs/turbo/lsa-jbeehner/jlucore/CAT_GM_seqs/final_16S/134-1325MON-CIMI-CR-23-JL_S134_L001_R1_001.fastq.gz,forward
134-1325MON-CIMI-CR-23-JL,/nfs/turbo/lsa-jbeehner/jlucore/CAT_GM_seqs/final_16S/134-1325MON-CIMI-CR-23-JL_S134_L001_R2_001.fastq.gz,reverse
135-801MOS-CIMI-CR-23-JL,/nfs/turbo/lsa-jbeehner/jlucore/CAT_GM_seqs/final_16S/135-801MOS-CIMI-CR-23-JL_S135_L001_R1_001.fastq.gz,forward
135-801MOS-CIMI-CR-23-JL,/nfs/turbo/lsa-jbeehner/jlucore/CAT_GM_seqs/final_16S/135-801MOS-CIMI-CR-23-JL_S135_L001_R2_001.fastq.gz,reverse
136-1192MOS-CIMI-CR-23-JL,/nfs/turbo/lsa-jbeehner/jlucore/CAT_GM_seqs/final_16S/136-1192MOS-CIMI-CR-23-JL_S136_L001_R1_001.fastq.gz,forward
136-1192MOS-CIMI-CR-23-JL,/nfs/turbo/lsa-jbeehner/jlucore/CAT_GM_seqs/final_16S/136-1192MOS-CIMI-CR-23-JL_S136_L001_R2_001.fastq.gz,reverse
137-1303MOS-CIMI-CR-23-JL,/nfs/turbo/lsa-jbeehner/jlucore/CAT_GM_seqs/final_16S/137-1303MOS-CIMI-CR-23-JL_S137_L001_R1_001.fastq.gz,forward
137-1303MOS-CIMI-CR-23-JL,/nfs/turbo/lsa-jbeehner/jlucore/CAT_GM_seqs/final_16S/137-1303MOS-CIMI-CR-23-JL_S137_L001_R2_001.fastq.gz,reverse
138-1447MOS-CIMI-CR-23-JL,/nfs/turbo/lsa-jbeehner/jlucore/CAT_GM_seqs/final_16S/138-1447MOS-CIMI-CR-23-JL_S138_L001_R1_001.fastq.gz,forward
138-1447MOS-CIMI-CR-23-JL,/nfs/turbo/lsa-jbeehner/jlucore/CAT_GM_seqs/final_16S/138-1447MOS-CIMI-CR-23-JL_S138_L001_R2_001.fastq.gz,reverse
139-200MOZ-CIMI-CR-23-JL,/nfs/turbo/lsa-jbeehner/jlucore/CAT_GM_seqs/final_16S/139-200MOZ-CIMI-CR-23-JL_S139_L001_R1_001.fastq.gz,forward
139-200MOZ-CIMI-CR-23-JL,/nfs/turbo/lsa-jbeehner/jlucore/CAT_GM_seqs/final_16S/139-200MOZ-CIMI-CR-23-JL_S139_L001_R2_001.fastq.gz,reverse
140-224MOZ-CIMI-CR-23-JL,/nfs/turbo/lsa-jbeehner/jlucore/CAT_GM_seqs/final_16S/140-224MOZ-CIMI-CR-23-JL_S140_L001_R1_001.fastq.gz,forward
140-224MOZ-CIMI-CR-23-JL,/nfs/turbo/lsa-jbeehner/jlucore/CAT_GM_seqs/final_16S/140-224MOZ-CIMI-CR-23-JL_S140_L001_R2_001.fastq.gz,reverse
141-359MOZ-CIMI-CR-23-JL,/nfs/turbo/lsa-jbeehner/jlucore/CAT_GM_seqs/final_16S/141-359MOZ-CIMI-CR-23-JL_S141_L001_R1_001.fastq.gz,forward
141-359MOZ-CIMI-CR-23-JL,/nfs/turbo/lsa-jbeehner/jlucore/CAT_GM_seqs/final_16S/141-359MOZ-CIMI-CR-23-JL_S141_L001_R2_001.fastq.gz,reverse
142-NegB12-12-23-CIMI-CR-23-JL,/nfs/turbo/lsa-jbeehner/jlucore/CAT_GM_seqs/final_16S/142-NegB12-12-23-CIMI-CR-23-JL_S142_L001_R1_001.fastq.gz,forward
142-NegB12-12-23-CIMI-CR-23-JL,/nfs/turbo/lsa-jbeehner/jlucore/CAT_GM_seqs/final_16S/142-NegB12-12-23-CIMI-CR-23-JL_S142_L001_R2_001.fastq.gz,reverse
143-PCR1NegPlt212-12-23-CIMI-CR-23-JL,/nfs/turbo/lsa-jbeehner/jlucore/CAT_GM_seqs/final_16S/143-PCR1NegPlt212-12-23-CIMI-CR-23-JL_S143_L001_R1_001.fastq.gz,forward
143-PCR1NegPlt212-12-23-CIMI-CR-23-JL,/nfs/turbo/lsa-jbeehner/jlucore/CAT_GM_seqs/final_16S/143-PCR1NegPlt212-12-23-CIMI-CR-23-JL_S143_L001_R2_001.fastq.gz,reverse
144-482MOZ-CIMI-CR-23-JL,/nfs/turbo/lsa-jbeehner/jlucore/CAT_GM_seqs/final_16S/144-482MOZ-CIMI-CR-23-JL_S144_L001_R1_001.fastq.gz,forward
144-482MOZ-CIMI-CR-23-JL,/nfs/turbo/lsa-jbeehner/jlucore/CAT_GM_seqs/final_16S/144-482MOZ-CIMI-CR-23-JL_S144_L001_R2_001.fastq.gz,reverse
145-560MIL-CIMI-CR-23-JL,/nfs/turbo/lsa-jbeehner/jlucore/CAT_GM_seqs/final_16S/145-560MIL-CIMI-CR-23-JL_S145_L001_R1_001.fastq.gz,forward
145-560MIL-CIMI-CR-23-JL,/nfs/turbo/lsa-jbeehner/jlucore/CAT_GM_seqs/final_16S/145-560MIL-CIMI-CR-23-JL_S145_L001_R2_001.fastq.gz,reverse
146-802MOZ-CIMI-CR-23-JL,/nfs/turbo/lsa-jbeehner/jlucore/CAT_GM_seqs/final_16S/146-802MOZ-CIMI-CR-23-JL_S146_L001_R1_001.fastq.gz,forward
146-802MOZ-CIMI-CR-23-JL,/nfs/turbo/lsa-jbeehner/jlucore/CAT_GM_seqs/final_16S/146-802MOZ-CIMI-CR-23-JL_S146_L001_R2_001.fastq.gz,reverse
147-993MOZ-CIMI-CR-23-JL,/nfs/turbo/lsa-jbeehner/jlucore/CAT_GM_seqs/final_16S/147-993MOZ-CIMI-CR-23-JL_S147_L001_R1_001.fastq.gz,forward
147-993MOZ-CIMI-CR-23-JL,/nfs/turbo/lsa-jbeehner/jlucore/CAT_GM_seqs/final_16S/147-993MOZ-CIMI-CR-23-JL_S147_L001_R2_001.fastq.gz,reverse
148-1066MOZ-CIMI-CR-23-JL,/nfs/turbo/lsa-jbeehner/jlucore/CAT_GM_seqs/final_16S/148-1066MOZ-CIMI-CR-23-JL_S148_L001_R1_001.fastq.gz,forward
148-1066MOZ-CIMI-CR-23-JL,/nfs/turbo/lsa-jbeehner/jlucore/CAT_GM_seqs/final_16S/148-1066MOZ-CIMI-CR-23-JL_S148_L001_R2_001.fastq.gz,reverse
149-116MUL-CIMI-CR-23-JL,/nfs/turbo/lsa-jbeehner/jlucore/CAT_GM_seqs/final_16S/149-116MUL-CIMI-CR-23-JL_S149_L001_R1_001.fastq.gz,forward
149-116MUL-CIMI-CR-23-JL,/nfs/turbo/lsa-jbeehner/jlucore/CAT_GM_seqs/final_16S/149-116MUL-CIMI-CR-23-JL_S149_L001_R2_001.fastq.gz,reverse
150-513MUL-CIMI-CR-23-JL,/nfs/turbo/lsa-jbeehner/jlucore/CAT_GM_seqs/final_16S/150-513MUL-CIMI-CR-23-JL_S150_L001_R1_001.fastq.gz,forward
150-513MUL-CIMI-CR-23-JL,/nfs/turbo/lsa-jbeehner/jlucore/CAT_GM_seqs/final_16S/150-513MUL-CIMI-CR-23-JL_S150_L001_R2_001.fastq.gz,reverse
151-552MUL-CIMI-CR-23-JL,/nfs/turbo/lsa-jbeehner/jlucore/CAT_GM_seqs/final_16S/151-552MUL-CIMI-CR-23-JL_S151_L001_R1_001.fastq.gz,forward
151-552MUL-CIMI-CR-23-JL,/nfs/turbo/lsa-jbeehner/jlucore/CAT_GM_seqs/final_16S/151-552MUL-CIMI-CR-23-JL_S151_L001_R2_001.fastq.gz,reverse
152-1015MUL-CIMI-CR-23-JL,/nfs/turbo/lsa-jbeehner/jlucore/CAT_GM_seqs/final_16S/152-1015MUL-CIMI-CR-23-JL_S152_L001_R1_001.fastq.gz,forward
152-1015MUL-CIMI-CR-23-JL,/nfs/turbo/lsa-jbeehner/jlucore/CAT_GM_seqs/final_16S/152-1015MUL-CIMI-CR-23-JL_S152_L001_R2_001.fastq.gz,reverse
153-1067MUL-CIMI-CR-23-JL,/nfs/turbo/lsa-jbeehner/jlucore/CAT_GM_seqs/final_16S/153-1067MUL-CIMI-CR-23-JL_S153_L001_R1_001.fastq.gz,forward
153-1067MUL-CIMI-CR-23-JL,/nfs/turbo/lsa-jbeehner/jlucore/CAT_GM_seqs/final_16S/153-1067MUL-CIMI-CR-23-JL_S153_L001_R2_001.fastq.gz,reverse
154-1306MUL-CIMI-CR-23-JL,/nfs/turbo/lsa-jbeehner/jlucore/CAT_GM_seqs/final_16S/154-1306MUL-CIMI-CR-23-JL_S154_L001_R1_001.fastq.gz,forward
154-1306MUL-CIMI-CR-23-JL,/nfs/turbo/lsa-jbeehner/jlucore/CAT_GM_seqs/final_16S/154-1306MUL-CIMI-CR-23-JL_S154_L001_R2_001.fastq.gz,reverse
155-1321MUL-CIMI-CR-23-JL,/nfs/turbo/lsa-jbeehner/jlucore/CAT_GM_seqs/final_16S/155-1321MUL-CIMI-CR-23-JL_S155_L001_R1_001.fastq.gz,forward
155-1321MUL-CIMI-CR-23-JL,/nfs/turbo/lsa-jbeehner/jlucore/CAT_GM_seqs/final_16S/155-1321MUL-CIMI-CR-23-JL_S155_L001_R2_001.fastq.gz,reverse
156-477MUL-CIMI-CR-23-JL,/nfs/turbo/lsa-jbeehner/jlucore/CAT_GM_seqs/final_16S/156-477MUL-CIMI-CR-23-JL_S156_L001_R1_001.fastq.gz,forward
156-477MUL-CIMI-CR-23-JL,/nfs/turbo/lsa-jbeehner/jlucore/CAT_GM_seqs/final_16S/156-477MUL-CIMI-CR-23-JL_S156_L001_R2_001.fastq.gz,reverse
157-865MUL-CIMI-CR-23-JL,/nfs/turbo/lsa-jbeehner/jlucore/CAT_GM_seqs/final_16S/157-865MUL-CIMI-CR-23-JL_S157_L001_R1_001.fastq.gz,forward
157-865MUL-CIMI-CR-23-JL,/nfs/turbo/lsa-jbeehner/jlucore/CAT_GM_seqs/final_16S/157-865MUL-CIMI-CR-23-JL_S157_L001_R2_001.fastq.gz,reverse
158-967MUL-CIMI-CR-23-JL,/nfs/turbo/lsa-jbeehner/jlucore/CAT_GM_seqs/final_16S/158-967MUL-CIMI-CR-23-JL_S158_L001_R1_001.fastq.gz,forward
158-967MUL-CIMI-CR-23-JL,/nfs/turbo/lsa-jbeehner/jlucore/CAT_GM_seqs/final_16S/158-967MUL-CIMI-CR-23-JL_S158_L001_R2_001.fastq.gz,reverse
159-990MUS-CIMI-CR-23-JL,/nfs/turbo/lsa-jbeehner/jlucore/CAT_GM_seqs/final_16S/159-990MUS-CIMI-CR-23-JL_S159_L001_R1_001.fastq.gz,forward
159-990MUS-CIMI-CR-23-JL,/nfs/turbo/lsa-jbeehner/jlucore/CAT_GM_seqs/final_16S/159-990MUS-CIMI-CR-23-JL_S159_L001_R2_001.fastq.gz,reverse
160-1014MUS-CIMI-CR-23-JL,/nfs/turbo/lsa-jbeehner/jlucore/CAT_GM_seqs/final_16S/160-1014MUS-CIMI-CR-23-JL_S160_L001_R1_001.fastq.gz,forward
160-1014MUS-CIMI-CR-23-JL,/nfs/turbo/lsa-jbeehner/jlucore/CAT_GM_seqs/final_16S/160-1014MUS-CIMI-CR-23-JL_S160_L001_R2_001.fastq.gz,reverse
161-1068MUS-CIMI-CR-23-JL,/nfs/turbo/lsa-jbeehner/jlucore/CAT_GM_seqs/final_16S/161-1068MUS-CIMI-CR-23-JL_S161_L001_R1_001.fastq.gz,forward
161-1068MUS-CIMI-CR-23-JL,/nfs/turbo/lsa-jbeehner/jlucore/CAT_GM_seqs/final_16S/161-1068MUS-CIMI-CR-23-JL_S161_L001_R2_001.fastq.gz,reverse
162-1077MUS-CIMI-CR-23-JL,/nfs/turbo/lsa-jbeehner/jlucore/CAT_GM_seqs/final_16S/162-1077MUS-CIMI-CR-23-JL_S162_L001_R1_001.fastq.gz,forward
162-1077MUS-CIMI-CR-23-JL,/nfs/turbo/lsa-jbeehner/jlucore/CAT_GM_seqs/final_16S/162-1077MUS-CIMI-CR-23-JL_S162_L001_R2_001.fastq.gz,reverse
163-1314MUS-CIMI-CR-23-JL,/nfs/turbo/lsa-jbeehner/jlucore/CAT_GM_seqs/final_16S/163-1314MUS-CIMI-CR-23-JL_S163_L001_R1_001.fastq.gz,forward
163-1314MUS-CIMI-CR-23-JL,/nfs/turbo/lsa-jbeehner/jlucore/CAT_GM_seqs/final_16S/163-1314MUS-CIMI-CR-23-JL_S163_L001_R2_001.fastq.gz,reverse
164-1510MUS-CIMI-CR-23-JL,/nfs/turbo/lsa-jbeehner/jlucore/CAT_GM_seqs/final_16S/164-1510MUS-CIMI-CR-23-JL_S164_L001_R1_001.fastq.gz,forward
164-1510MUS-CIMI-CR-23-JL,/nfs/turbo/lsa-jbeehner/jlucore/CAT_GM_seqs/final_16S/164-1510MUS-CIMI-CR-23-JL_S164_L001_R2_001.fastq.gz,reverse
165-153MYK-CIMI-CR-23-JL,/nfs/turbo/lsa-jbeehner/jlucore/CAT_GM_seqs/final_16S/165-153MYK-CIMI-CR-23-JL_S165_L001_R1_001.fastq.gz,forward
165-153MYK-CIMI-CR-23-JL,/nfs/turbo/lsa-jbeehner/jlucore/CAT_GM_seqs/final_16S/165-153MYK-CIMI-CR-23-JL_S165_L001_R2_001.fastq.gz,reverse
166-408MYK-CIMI-CR-23-JL,/nfs/turbo/lsa-jbeehner/jlucore/CAT_GM_seqs/final_16S/166-408MYK-CIMI-CR-23-JL_S166_L001_R1_001.fastq.gz,forward
166-408MYK-CIMI-CR-23-JL,/nfs/turbo/lsa-jbeehner/jlucore/CAT_GM_seqs/final_16S/166-408MYK-CIMI-CR-23-JL_S166_L001_R2_001.fastq.gz,reverse
167-510MYK-CIMI-CR-23-JL,/nfs/turbo/lsa-jbeehner/jlucore/CAT_GM_seqs/final_16S/167-510MYK-CIMI-CR-23-JL_S167_L001_R1_001.fastq.gz,forward
167-510MYK-CIMI-CR-23-JL,/nfs/turbo/lsa-jbeehner/jlucore/CAT_GM_seqs/final_16S/167-510MYK-CIMI-CR-23-JL_S167_L001_R2_001.fastq.gz,reverse
168-NegA12-13-23-CIMI-CR-23-JL,/nfs/turbo/lsa-jbeehner/jlucore/CAT_GM_seqs/final_16S/168-NegA12-13-23-CIMI-CR-23-JL_S168_L001_R1_001.fastq.gz,forward
168-NegA12-13-23-CIMI-CR-23-JL,/nfs/turbo/lsa-jbeehner/jlucore/CAT_GM_seqs/final_16S/168-NegA12-13-23-CIMI-CR-23-JL_S168_L001_R2_001.fastq.gz,reverse
169-797MYK-CIMI-CR-23-JL,/nfs/turbo/lsa-jbeehner/jlucore/CAT_GM_seqs/final_16S/169-797MYK-CIMI-CR-23-JL_S169_L001_R1_001.fastq.gz,forward
169-797MYK-CIMI-CR-23-JL,/nfs/turbo/lsa-jbeehner/jlucore/CAT_GM_seqs/final_16S/169-797MYK-CIMI-CR-23-JL_S169_L001_R2_001.fastq.gz,reverse
170-1023MYK-CIMI-CR-23-JL,/nfs/turbo/lsa-jbeehner/jlucore/CAT_GM_seqs/final_16S/170-1023MYK-CIMI-CR-23-JL_S170_L001_R1_001.fastq.gz,forward
170-1023MYK-CIMI-CR-23-JL,/nfs/turbo/lsa-jbeehner/jlucore/CAT_GM_seqs/final_16S/170-1023MYK-CIMI-CR-23-JL_S170_L001_R2_001.fastq.gz,reverse
171-1315MYK-CIMI-CR-23-JL,/nfs/turbo/lsa-jbeehner/jlucore/CAT_GM_seqs/final_16S/171-1315MYK-CIMI-CR-23-JL_S171_L001_R1_001.fastq.gz,forward
171-1315MYK-CIMI-CR-23-JL,/nfs/turbo/lsa-jbeehner/jlucore/CAT_GM_seqs/final_16S/171-1315MYK-CIMI-CR-23-JL_S171_L001_R2_001.fastq.gz,reverse
172-NegB12-13-23-CIMI-CR-23-JL,/nfs/turbo/lsa-jbeehner/jlucore/CAT_GM_seqs/final_16S/172-NegB12-13-23-CIMI-CR-23-JL_S172_L001_R1_001.fastq.gz,forward
172-NegB12-13-23-CIMI-CR-23-JL,/nfs/turbo/lsa-jbeehner/jlucore/CAT_GM_seqs/final_16S/172-NegB12-13-23-CIMI-CR-23-JL_S172_L001_R2_001.fastq.gz,reverse
173-PCR1Neg12-15-23-CIMI-CR-23-JL,/nfs/turbo/lsa-jbeehner/jlucore/CAT_GM_seqs/final_16S/173-PCR1Neg12-15-23-CIMI-CR-23-JL_S173_L001_R1_001.fastq.gz,forward
173-PCR1Neg12-15-23-CIMI-CR-23-JL,/nfs/turbo/lsa-jbeehner/jlucore/CAT_GM_seqs/final_16S/173-PCR1Neg12-15-23-CIMI-CR-23-JL_S173_L001_R2_001.fastq.gz,reverse
174-1319MYK-CIMI-CR-23-JL,/nfs/turbo/lsa-jbeehner/jlucore/CAT_GM_seqs/final_16S/174-1319MYK-CIMI-CR-23-JL_S174_L001_R1_001.fastq.gz,forward
174-1319MYK-CIMI-CR-23-JL,/nfs/turbo/lsa-jbeehner/jlucore/CAT_GM_seqs/final_16S/174-1319MYK-CIMI-CR-23-JL_S174_L001_R2_001.fastq.gz,reverse
175-334PAP-CIMI-CR-23-JL,/nfs/turbo/lsa-jbeehner/jlucore/CAT_GM_seqs/final_16S/175-334PAP-CIMI-CR-23-JL_S175_L001_R1_001.fastq.gz,forward
175-334PAP-CIMI-CR-23-JL,/nfs/turbo/lsa-jbeehner/jlucore/CAT_GM_seqs/final_16S/175-334PAP-CIMI-CR-23-JL_S175_L001_R2_001.fastq.gz,reverse
176-131PED-CIMI-CR-23-JL,/nfs/turbo/lsa-jbeehner/jlucore/CAT_GM_seqs/final_16S/176-131PED-CIMI-CR-23-JL_S176_L001_R1_001.fastq.gz,forward
176-131PED-CIMI-CR-23-JL,/nfs/turbo/lsa-jbeehner/jlucore/CAT_GM_seqs/final_16S/176-131PED-CIMI-CR-23-JL_S176_L001_R2_001.fastq.gz,reverse
177-166PED-CIMI-CR-23-JL,/nfs/turbo/lsa-jbeehner/jlucore/CAT_GM_seqs/final_16S/177-166PED-CIMI-CR-23-JL_S177_L001_R1_001.fastq.gz,forward
177-166PED-CIMI-CR-23-JL,/nfs/turbo/lsa-jbeehner/jlucore/CAT_GM_seqs/final_16S/177-166PED-CIMI-CR-23-JL_S177_L001_R2_001.fastq.gz,reverse
178-248PED-CIMI-CR-23-JL,/nfs/turbo/lsa-jbeehner/jlucore/CAT_GM_seqs/final_16S/178-248PED-CIMI-CR-23-JL_S178_L001_R1_001.fastq.gz,forward
178-248PED-CIMI-CR-23-JL,/nfs/turbo/lsa-jbeehner/jlucore/CAT_GM_seqs/final_16S/178-248PED-CIMI-CR-23-JL_S178_L001_R2_001.fastq.gz,reverse
179-254PED-CIMI-CR-23-JL,/nfs/turbo/lsa-jbeehner/jlucore/CAT_GM_seqs/final_16S/179-254PED-CIMI-CR-23-JL_S179_L001_R1_001.fastq.gz,forward
179-254PED-CIMI-CR-23-JL,/nfs/turbo/lsa-jbeehner/jlucore/CAT_GM_seqs/final_16S/179-254PED-CIMI-CR-23-JL_S179_L001_R2_001.fastq.gz,reverse
180-263PED-CIMI-CR-23-JL,/nfs/turbo/lsa-jbeehner/jlucore/CAT_GM_seqs/final_16S/180-263PED-CIMI-CR-23-JL_S180_L001_R1_001.fastq.gz,forward
180-263PED-CIMI-CR-23-JL,/nfs/turbo/lsa-jbeehner/jlucore/CAT_GM_seqs/final_16S/180-263PED-CIMI-CR-23-JL_S180_L001_R2_001.fastq.gz,reverse
181-322PED-CIMI-CR-23-JL,/nfs/turbo/lsa-jbeehner/jlucore/CAT_GM_seqs/final_16S/181-322PED-CIMI-CR-23-JL_S181_L001_R1_001.fastq.gz,forward
181-322PED-CIMI-CR-23-JL,/nfs/turbo/lsa-jbeehner/jlucore/CAT_GM_seqs/final_16S/181-322PED-CIMI-CR-23-JL_S181_L001_R2_001.fastq.gz,reverse
182-465PED-CIMI-CR-23-JL,/nfs/turbo/lsa-jbeehner/jlucore/CAT_GM_seqs/final_16S/182-465PED-CIMI-CR-23-JL_S182_L001_R1_001.fastq.gz,forward
182-465PED-CIMI-CR-23-JL,/nfs/turbo/lsa-jbeehner/jlucore/CAT_GM_seqs/final_16S/182-465PED-CIMI-CR-23-JL_S182_L001_R2_001.fastq.gz,reverse
183-714PED-CIMI-CR-23-JL,/nfs/turbo/lsa-jbeehner/jlucore/CAT_GM_seqs/final_16S/183-714PED-CIMI-CR-23-JL_S183_L001_R1_001.fastq.gz,forward
183-714PED-CIMI-CR-23-JL,/nfs/turbo/lsa-jbeehner/jlucore/CAT_GM_seqs/final_16S/183-714PED-CIMI-CR-23-JL_S183_L001_R2_001.fastq.gz,reverse
184-825PED-CIMI-CR-23-JL,/nfs/turbo/lsa-jbeehner/jlucore/CAT_GM_seqs/final_16S/184-825PED-CIMI-CR-23-JL_S184_L001_R1_001.fastq.gz,forward
184-825PED-CIMI-CR-23-JL,/nfs/turbo/lsa-jbeehner/jlucore/CAT_GM_seqs/final_16S/184-825PED-CIMI-CR-23-JL_S184_L001_R2_001.fastq.gz,reverse
185-873PED-CIMI-CR-23-JL,/nfs/turbo/lsa-jbeehner/jlucore/CAT_GM_seqs/final_16S/185-873PED-CIMI-CR-23-JL_S185_L001_R1_001.fastq.gz,forward
185-873PED-CIMI-CR-23-JL,/nfs/turbo/lsa-jbeehner/jlucore/CAT_GM_seqs/final_16S/185-873PED-CIMI-CR-23-JL_S185_L001_R2_001.fastq.gz,reverse
186-1082PED-CIMI-CR-23-JL,/nfs/turbo/lsa-jbeehner/jlucore/CAT_GM_seqs/final_16S/186-1082PED-CIMI-CR-23-JL_S186_L001_R1_001.fastq.gz,forward
186-1082PED-CIMI-CR-23-JL,/nfs/turbo/lsa-jbeehner/jlucore/CAT_GM_seqs/final_16S/186-1082PED-CIMI-CR-23-JL_S186_L001_R2_001.fastq.gz,reverse
187-1149PED-CIMI-CR-23-JL,/nfs/turbo/lsa-jbeehner/jlucore/CAT_GM_seqs/final_16S/187-1149PED-CIMI-CR-23-JL_S187_L001_R1_001.fastq.gz,forward
187-1149PED-CIMI-CR-23-JL,/nfs/turbo/lsa-jbeehner/jlucore/CAT_GM_seqs/final_16S/187-1149PED-CIMI-CR-23-JL_S187_L001_R2_001.fastq.gz,reverse
188-1182PED-CIMI-CR-23-JL,/nfs/turbo/lsa-jbeehner/jlucore/CAT_GM_seqs/final_16S/188-1182PED-CIMI-CR-23-JL_S188_L001_R1_001.fastq.gz,forward
188-1182PED-CIMI-CR-23-JL,/nfs/turbo/lsa-jbeehner/jlucore/CAT_GM_seqs/final_16S/188-1182PED-CIMI-CR-23-JL_S188_L001_R2_001.fastq.gz,reverse
189-1369PED-CIMI-CR-23-JL,/nfs/turbo/lsa-jbeehner/jlucore/CAT_GM_seqs/final_16S/189-1369PED-CIMI-CR-23-JL_S189_L001_R1_001.fastq.gz,forward
189-1369PED-CIMI-CR-23-JL,/nfs/turbo/lsa-jbeehner/jlucore/CAT_GM_seqs/final_16S/189-1369PED-CIMI-CR-23-JL_S189_L001_R2_001.fastq.gz,reverse
190-1416PED-CIMI-CR-23-JL,/nfs/turbo/lsa-jbeehner/jlucore/CAT_GM_seqs/final_16S/190-1416PED-CIMI-CR-23-JL_S190_L001_R1_001.fastq.gz,forward
190-1416PED-CIMI-CR-23-JL,/nfs/turbo/lsa-jbeehner/jlucore/CAT_GM_seqs/final_16S/190-1416PED-CIMI-CR-23-JL_S190_L001_R2_001.fastq.gz,reverse
191-PCR1NPltA12-16-23-CIMI-CR-23-JL,/nfs/turbo/lsa-jbeehner/jlucore/CAT_GM_seqs/final_16S/191-PCR1NPltA12-16-23-CIMI-CR-23-JL_S191_L001_R1_001.fastq.gz,forward
191-PCR1NPltA12-16-23-CIMI-CR-23-JL,/nfs/turbo/lsa-jbeehner/jlucore/CAT_GM_seqs/final_16S/191-PCR1NPltA12-16-23-CIMI-CR-23-JL_S191_L001_R2_001.fastq.gz,reverse
193-1494PED-CIMI-CR-23-JL,/nfs/turbo/lsa-jbeehner/jlucore/CAT_GM_seqs/final_16S/193-1494PED-CIMI-CR-23-JL_S193_L001_R1_001.fastq.gz,forward
193-1494PED-CIMI-CR-23-JL,/nfs/turbo/lsa-jbeehner/jlucore/CAT_GM_seqs/final_16S/193-1494PED-CIMI-CR-23-JL_S193_L001_R2_001.fastq.gz,reverse
194-1220PRU-CIMI-CR-23-JL,/nfs/turbo/lsa-jbeehner/jlucore/CAT_GM_seqs/final_16S/194-1220PRU-CIMI-CR-23-JL_S194_L001_R1_001.fastq.gz,forward
194-1220PRU-CIMI-CR-23-JL,/nfs/turbo/lsa-jbeehner/jlucore/CAT_GM_seqs/final_16S/194-1220PRU-CIMI-CR-23-JL_S194_L001_R2_001.fastq.gz,reverse
195-610TAB-CIMI-CR-23-JL,/nfs/turbo/lsa-jbeehner/jlucore/CAT_GM_seqs/final_16S/195-610TAB-CIMI-CR-23-JL_S195_L001_R1_001.fastq.gz,forward
195-610TAB-CIMI-CR-23-JL,/nfs/turbo/lsa-jbeehner/jlucore/CAT_GM_seqs/final_16S/195-610TAB-CIMI-CR-23-JL_S195_L001_R2_001.fastq.gz,reverse
196-827TAB-CIMI-CR-23-JL,/nfs/turbo/lsa-jbeehner/jlucore/CAT_GM_seqs/final_16S/196-827TAB-CIMI-CR-23-JL_S196_L001_R1_001.fastq.gz,forward
196-827TAB-CIMI-CR-23-JL,/nfs/turbo/lsa-jbeehner/jlucore/CAT_GM_seqs/final_16S/196-827TAB-CIMI-CR-23-JL_S196_L001_R2_001.fastq.gz,reverse
197-986TAB-CIMI-CR-23-JL,/nfs/turbo/lsa-jbeehner/jlucore/CAT_GM_seqs/final_16S/197-986TAB-CIMI-CR-23-JL_S197_L001_R1_001.fastq.gz,forward
197-986TAB-CIMI-CR-23-JL,/nfs/turbo/lsa-jbeehner/jlucore/CAT_GM_seqs/final_16S/197-986TAB-CIMI-CR-23-JL_S197_L001_R2_001.fastq.gz,reverse
198-141TAC-CIMI-CR-23-JL,/nfs/turbo/lsa-jbeehner/jlucore/CAT_GM_seqs/final_16S/198-141TAC-CIMI-CR-23-JL_S198_L001_R1_001.fastq.gz,forward
198-141TAC-CIMI-CR-23-JL,/nfs/turbo/lsa-jbeehner/jlucore/CAT_GM_seqs/final_16S/198-141TAC-CIMI-CR-23-JL_S198_L001_R2_001.fastq.gz,reverse
199-171TAC-CIMI-CR-23-JL,/nfs/turbo/lsa-jbeehner/jlucore/CAT_GM_seqs/final_16S/199-171TAC-CIMI-CR-23-JL_S199_L001_R1_001.fastq.gz,forward
199-171TAC-CIMI-CR-23-JL,/nfs/turbo/lsa-jbeehner/jlucore/CAT_GM_seqs/final_16S/199-171TAC-CIMI-CR-23-JL_S199_L001_R2_001.fastq.gz,reverse
200-383TAC-CIMI-CR-23-JL,/nfs/turbo/lsa-jbeehner/jlucore/CAT_GM_seqs/final_16S/200-383TAC-CIMI-CR-23-JL_S200_L001_R1_001.fastq.gz,forward
200-383TAC-CIMI-CR-23-JL,/nfs/turbo/lsa-jbeehner/jlucore/CAT_GM_seqs/final_16S/200-383TAC-CIMI-CR-23-JL_S200_L001_R2_001.fastq.gz,reverse
201-538TAC-CIMI-CR-23-JL,/nfs/turbo/lsa-jbeehner/jlucore/CAT_GM_seqs/final_16S/201-538TAC-CIMI-CR-23-JL_S201_L001_R1_001.fastq.gz,forward
201-538TAC-CIMI-CR-23-JL,/nfs/turbo/lsa-jbeehner/jlucore/CAT_GM_seqs/final_16S/201-538TAC-CIMI-CR-23-JL_S201_L001_R2_001.fastq.gz,reverse
202-584TAC-CIMI-CR-23-JL,/nfs/turbo/lsa-jbeehner/jlucore/CAT_GM_seqs/final_16S/202-584TAC-CIMI-CR-23-JL_S202_L001_R1_001.fastq.gz,forward
202-584TAC-CIMI-CR-23-JL,/nfs/turbo/lsa-jbeehner/jlucore/CAT_GM_seqs/final_16S/202-584TAC-CIMI-CR-23-JL_S202_L001_R2_001.fastq.gz,reverse
203-735TAC-CIMI-CR-23-JL,/nfs/turbo/lsa-jbeehner/jlucore/CAT_GM_seqs/final_16S/203-735TAC-CIMI-CR-23-JL_S203_L001_R1_001.fastq.gz,forward
203-735TAC-CIMI-CR-23-JL,/nfs/turbo/lsa-jbeehner/jlucore/CAT_GM_seqs/final_16S/203-735TAC-CIMI-CR-23-JL_S203_L001_R2_001.fastq.gz,reverse
204-877TAC-CIMI-CR-23-JL,/nfs/turbo/lsa-jbeehner/jlucore/CAT_GM_seqs/final_16S/204-877TAC-CIMI-CR-23-JL_S204_L001_R1_001.fastq.gz,forward
204-877TAC-CIMI-CR-23-JL,/nfs/turbo/lsa-jbeehner/jlucore/CAT_GM_seqs/final_16S/204-877TAC-CIMI-CR-23-JL_S204_L001_R2_001.fastq.gz,reverse
205-NegA12-14-24-CIMI-CR-23-JL,/nfs/turbo/lsa-jbeehner/jlucore/CAT_GM_seqs/final_16S/205-NegA12-14-24-CIMI-CR-23-JL_S205_L001_R1_001.fastq.gz,forward
205-NegA12-14-24-CIMI-CR-23-JL,/nfs/turbo/lsa-jbeehner/jlucore/CAT_GM_seqs/final_16S/205-NegA12-14-24-CIMI-CR-23-JL_S205_L001_R2_001.fastq.gz,reverse
206-984TAC-CIMI-CR-23-JL,/nfs/turbo/lsa-jbeehner/jlucore/CAT_GM_seqs/final_16S/206-984TAC-CIMI-CR-23-JL_S206_L001_R1_001.fastq.gz,forward
206-984TAC-CIMI-CR-23-JL,/nfs/turbo/lsa-jbeehner/jlucore/CAT_GM_seqs/final_16S/206-984TAC-CIMI-CR-23-JL_S206_L001_R2_001.fastq.gz,reverse
207-1139TAC-CIMI-CR-23-JL,/nfs/turbo/lsa-jbeehner/jlucore/CAT_GM_seqs/final_16S/207-1139TAC-CIMI-CR-23-JL_S207_L001_R1_001.fastq.gz,forward
207-1139TAC-CIMI-CR-23-JL,/nfs/turbo/lsa-jbeehner/jlucore/CAT_GM_seqs/final_16S/207-1139TAC-CIMI-CR-23-JL_S207_L001_R2_001.fastq.gz,reverse
208-1385TAC-CIMI-CR-23-JL,/nfs/turbo/lsa-jbeehner/jlucore/CAT_GM_seqs/final_16S/208-1385TAC-CIMI-CR-23-JL_S208_L001_R1_001.fastq.gz,forward
208-1385TAC-CIMI-CR-23-JL,/nfs/turbo/lsa-jbeehner/jlucore/CAT_GM_seqs/final_16S/208-1385TAC-CIMI-CR-23-JL_S208_L001_R2_001.fastq.gz,reverse
209-1465TAC-CIMI-CR-23-JL,/nfs/turbo/lsa-jbeehner/jlucore/CAT_GM_seqs/final_16S/209-1465TAC-CIMI-CR-23-JL_S209_L001_R1_001.fastq.gz,forward
209-1465TAC-CIMI-CR-23-JL,/nfs/turbo/lsa-jbeehner/jlucore/CAT_GM_seqs/final_16S/209-1465TAC-CIMI-CR-23-JL_S209_L001_R2_001.fastq.gz,reverse
210-1541TAC-CIMI-CR-23-JL,/nfs/turbo/lsa-jbeehner/jlucore/CAT_GM_seqs/final_16S/210-1541TAC-CIMI-CR-23-JL_S210_L001_R1_001.fastq.gz,forward
210-1541TAC-CIMI-CR-23-JL,/nfs/turbo/lsa-jbeehner/jlucore/CAT_GM_seqs/final_16S/210-1541TAC-CIMI-CR-23-JL_S210_L001_R2_001.fastq.gz,reverse
211-132TAM-CIMI-CR-23-JL,/nfs/turbo/lsa-jbeehner/jlucore/CAT_GM_seqs/final_16S/211-132TAM-CIMI-CR-23-JL_S211_L001_R1_001.fastq.gz,forward
211-132TAM-CIMI-CR-23-JL,/nfs/turbo/lsa-jbeehner/jlucore/CAT_GM_seqs/final_16S/211-132TAM-CIMI-CR-23-JL_S211_L001_R2_001.fastq.gz,reverse
212-1360TAM-CIMI-CR-23-JL,/nfs/turbo/lsa-jbeehner/jlucore/CAT_GM_seqs/final_16S/212-1360TAM-CIMI-CR-23-JL_S212_L001_R1_001.fastq.gz,forward
212-1360TAM-CIMI-CR-23-JL,/nfs/turbo/lsa-jbeehner/jlucore/CAT_GM_seqs/final_16S/212-1360TAM-CIMI-CR-23-JL_S212_L001_R2_001.fastq.gz,reverse
213-273TAM-CIMI-CR-23-JL,/nfs/turbo/lsa-jbeehner/jlucore/CAT_GM_seqs/final_16S/213-273TAM-CIMI-CR-23-JL_S213_L001_R1_001.fastq.gz,forward
213-273TAM-CIMI-CR-23-JL,/nfs/turbo/lsa-jbeehner/jlucore/CAT_GM_seqs/final_16S/213-273TAM-CIMI-CR-23-JL_S213_L001_R2_001.fastq.gz,reverse
214-381TAN-CIMI-CR-23-JL,/nfs/turbo/lsa-jbeehner/jlucore/CAT_GM_seqs/final_16S/214-381TAN-CIMI-CR-23-JL_S214_L001_R1_001.fastq.gz,forward
214-381TAN-CIMI-CR-23-JL,/nfs/turbo/lsa-jbeehner/jlucore/CAT_GM_seqs/final_16S/214-381TAN-CIMI-CR-23-JL_S214_L001_R2_001.fastq.gz,reverse
215-572TAM-CIMI-CR-23-JL,/nfs/turbo/lsa-jbeehner/jlucore/CAT_GM_seqs/final_16S/215-572TAM-CIMI-CR-23-JL_S215_L001_R1_001.fastq.gz,forward
215-572TAM-CIMI-CR-23-JL,/nfs/turbo/lsa-jbeehner/jlucore/CAT_GM_seqs/final_16S/215-572TAM-CIMI-CR-23-JL_S215_L001_R2_001.fastq.gz,reverse
216-705TAM-CIMI-CR-23-JL,/nfs/turbo/lsa-jbeehner/jlucore/CAT_GM_seqs/final_16S/216-705TAM-CIMI-CR-23-JL_S216_L001_R1_001.fastq.gz,forward
216-705TAM-CIMI-CR-23-JL,/nfs/turbo/lsa-jbeehner/jlucore/CAT_GM_seqs/final_16S/216-705TAM-CIMI-CR-23-JL_S216_L001_R2_001.fastq.gz,reverse
217-752TAM-CIMI-CR-23-JL,/nfs/turbo/lsa-jbeehner/jlucore/CAT_GM_seqs/final_16S/217-752TAM-CIMI-CR-23-JL_S217_L001_R1_001.fastq.gz,forward
217-752TAM-CIMI-CR-23-JL,/nfs/turbo/lsa-jbeehner/jlucore/CAT_GM_seqs/final_16S/217-752TAM-CIMI-CR-23-JL_S217_L001_R2_001.fastq.gz,reverse
218-936TAM-CIMI-CR-23-JL,/nfs/turbo/lsa-jbeehner/jlucore/CAT_GM_seqs/final_16S/218-936TAM-CIMI-CR-23-JL_S218_L001_R1_001.fastq.gz,forward
218-936TAM-CIMI-CR-23-JL,/nfs/turbo/lsa-jbeehner/jlucore/CAT_GM_seqs/final_16S/218-936TAM-CIMI-CR-23-JL_S218_L001_R2_001.fastq.gz,reverse
219-857TAN-CIMI-CR-23-JL,/nfs/turbo/lsa-jbeehner/jlucore/CAT_GM_seqs/final_16S/219-857TAN-CIMI-CR-23-JL_S219_L001_R1_001.fastq.gz,forward
219-857TAN-CIMI-CR-23-JL,/nfs/turbo/lsa-jbeehner/jlucore/CAT_GM_seqs/final_16S/219-857TAN-CIMI-CR-23-JL_S219_L001_R2_001.fastq.gz,reverse
220-874TAN-CIMI-CR-23-JL,/nfs/turbo/lsa-jbeehner/jlucore/CAT_GM_seqs/final_16S/220-874TAN-CIMI-CR-23-JL_S220_L001_R1_001.fastq.gz,forward
220-874TAN-CIMI-CR-23-JL,/nfs/turbo/lsa-jbeehner/jlucore/CAT_GM_seqs/final_16S/220-874TAN-CIMI-CR-23-JL_S220_L001_R2_001.fastq.gz,reverse
221-1168TAN-CIMI-CR-23-JL,/nfs/turbo/lsa-jbeehner/jlucore/CAT_GM_seqs/final_16S/221-1168TAN-CIMI-CR-23-JL_S221_L001_R1_001.fastq.gz,forward
221-1168TAN-CIMI-CR-23-JL,/nfs/turbo/lsa-jbeehner/jlucore/CAT_GM_seqs/final_16S/221-1168TAN-CIMI-CR-23-JL_S221_L001_R2_001.fastq.gz,reverse
222-1362TAN-CIMI-CR-23-JL,/nfs/turbo/lsa-jbeehner/jlucore/CAT_GM_seqs/final_16S/222-1362TAN-CIMI-CR-23-JL_S222_L001_R1_001.fastq.gz,forward
222-1362TAN-CIMI-CR-23-JL,/nfs/turbo/lsa-jbeehner/jlucore/CAT_GM_seqs/final_16S/222-1362TAN-CIMI-CR-23-JL_S222_L001_R2_001.fastq.gz,reverse
223-1074TEM-CIMI-CR-23-JL,/nfs/turbo/lsa-jbeehner/jlucore/CAT_GM_seqs/final_16S/223-1074TEM-CIMI-CR-23-JL_S223_L001_R1_001.fastq.gz,forward
223-1074TEM-CIMI-CR-23-JL,/nfs/turbo/lsa-jbeehner/jlucore/CAT_GM_seqs/final_16S/223-1074TEM-CIMI-CR-23-JL_S223_L001_R2_001.fastq.gz,reverse
224-1364TEM-CIMI-CR-23-JL,/nfs/turbo/lsa-jbeehner/jlucore/CAT_GM_seqs/final_16S/224-1364TEM-CIMI-CR-23-JL_S224_L001_R1_001.fastq.gz,forward
224-1364TEM-CIMI-CR-23-JL,/nfs/turbo/lsa-jbeehner/jlucore/CAT_GM_seqs/final_16S/224-1364TEM-CIMI-CR-23-JL_S224_L001_R2_001.fastq.gz,reverse
225-272TER-CIMI-CR-23-JL,/nfs/turbo/lsa-jbeehner/jlucore/CAT_GM_seqs/final_16S/225-272TER-CIMI-CR-23-JL_S225_L001_R1_001.fastq.gz,forward
225-272TER-CIMI-CR-23-JL,/nfs/turbo/lsa-jbeehner/jlucore/CAT_GM_seqs/final_16S/225-272TER-CIMI-CR-23-JL_S225_L001_R2_001.fastq.gz,reverse
226-676TER-CIMI-CR-23-JL,/nfs/turbo/lsa-jbeehner/jlucore/CAT_GM_seqs/final_16S/226-676TER-CIMI-CR-23-JL_S226_L001_R1_001.fastq.gz,forward
226-676TER-CIMI-CR-23-JL,/nfs/turbo/lsa-jbeehner/jlucore/CAT_GM_seqs/final_16S/226-676TER-CIMI-CR-23-JL_S226_L001_R2_001.fastq.gz,reverse
227-727TER-CIMI-CR-23-JL,/nfs/turbo/lsa-jbeehner/jlucore/CAT_GM_seqs/final_16S/227-727TER-CIMI-CR-23-JL_S227_L001_R1_001.fastq.gz,forward
227-727TER-CIMI-CR-23-JL,/nfs/turbo/lsa-jbeehner/jlucore/CAT_GM_seqs/final_16S/227-727TER-CIMI-CR-23-JL_S227_L001_R2_001.fastq.gz,reverse
228-764TER-CIMI-CR-23-JL,/nfs/turbo/lsa-jbeehner/jlucore/CAT_GM_seqs/final_16S/228-764TER-CIMI-CR-23-JL_S228_L001_R1_001.fastq.gz,forward
228-764TER-CIMI-CR-23-JL,/nfs/turbo/lsa-jbeehner/jlucore/CAT_GM_seqs/final_16S/228-764TER-CIMI-CR-23-JL_S228_L001_R2_001.fastq.gz,reverse
229-876TER-CIMI-CR-23-JL,/nfs/turbo/lsa-jbeehner/jlucore/CAT_GM_seqs/final_16S/229-876TER-CIMI-CR-23-JL_S229_L001_R1_001.fastq.gz,forward
229-876TER-CIMI-CR-23-JL,/nfs/turbo/lsa-jbeehner/jlucore/CAT_GM_seqs/final_16S/229-876TER-CIMI-CR-23-JL_S229_L001_R2_001.fastq.gz,reverse
230-982TER-CIMI-CR-23-JL,/nfs/turbo/lsa-jbeehner/jlucore/CAT_GM_seqs/final_16S/230-982TER-CIMI-CR-23-JL_S230_L001_R1_001.fastq.gz,forward
230-982TER-CIMI-CR-23-JL,/nfs/turbo/lsa-jbeehner/jlucore/CAT_GM_seqs/final_16S/230-982TER-CIMI-CR-23-JL_S230_L001_R2_001.fastq.gz,reverse
231-1062TER-CIMI-CR-23-JL,/nfs/turbo/lsa-jbeehner/jlucore/CAT_GM_seqs/final_16S/231-1062TER-CIMI-CR-23-JL_S231_L001_R1_001.fastq.gz,forward
231-1062TER-CIMI-CR-23-JL,/nfs/turbo/lsa-jbeehner/jlucore/CAT_GM_seqs/final_16S/231-1062TER-CIMI-CR-23-JL_S231_L001_R2_001.fastq.gz,reverse
232-1064TER-CIMI-CR-23-JL,/nfs/turbo/lsa-jbeehner/jlucore/CAT_GM_seqs/final_16S/232-1064TER-CIMI-CR-23-JL_S232_L001_R1_001.fastq.gz,forward
232-1064TER-CIMI-CR-23-JL,/nfs/turbo/lsa-jbeehner/jlucore/CAT_GM_seqs/final_16S/232-1064TER-CIMI-CR-23-JL_S232_L001_R2_001.fastq.gz,reverse
233-1090TER-CIMI-CR-23-JL,/nfs/turbo/lsa-jbeehner/jlucore/CAT_GM_seqs/final_16S/233-1090TER-CIMI-CR-23-JL_S233_L001_R1_001.fastq.gz,forward
233-1090TER-CIMI-CR-23-JL,/nfs/turbo/lsa-jbeehner/jlucore/CAT_GM_seqs/final_16S/233-1090TER-CIMI-CR-23-JL_S233_L001_R2_001.fastq.gz,reverse
234-1256TER-CIMI-CR-23-JL,/nfs/turbo/lsa-jbeehner/jlucore/CAT_GM_seqs/final_16S/234-1256TER-CIMI-CR-23-JL_S234_L001_R1_001.fastq.gz,forward
234-1256TER-CIMI-CR-23-JL,/nfs/turbo/lsa-jbeehner/jlucore/CAT_GM_seqs/final_16S/234-1256TER-CIMI-CR-23-JL_S234_L001_R2_001.fastq.gz,reverse
235-107TES-CIMI-CR-23-JL,/nfs/turbo/lsa-jbeehner/jlucore/CAT_GM_seqs/final_16S/235-107TES-CIMI-CR-23-JL_S235_L001_R1_001.fastq.gz,forward
235-107TES-CIMI-CR-23-JL,/nfs/turbo/lsa-jbeehner/jlucore/CAT_GM_seqs/final_16S/235-107TES-CIMI-CR-23-JL_S235_L001_R2_001.fastq.gz,reverse
236-NegB12-14-23-CIMI-CR-23-JL,/nfs/turbo/lsa-jbeehner/jlucore/CAT_GM_seqs/final_16S/236-NegB12-14-23-CIMI-CR-23-JL_S236_L001_R1_001.fastq.gz,forward
236-NegB12-14-23-CIMI-CR-23-JL,/nfs/turbo/lsa-jbeehner/jlucore/CAT_GM_seqs/final_16S/236-NegB12-14-23-CIMI-CR-23-JL_S236_L001_R2_001.fastq.gz,reverse
237-PCR1PltBNeg12-16-23-CIMI-CR-23-JL,/nfs/turbo/lsa-jbeehner/jlucore/CAT_GM_seqs/final_16S/237-PCR1PltBNeg12-16-23-CIMI-CR-23-JL_S237_L001_R1_001.fastq.gz,forward
237-PCR1PltBNeg12-16-23-CIMI-CR-23-JL,/nfs/turbo/lsa-jbeehner/jlucore/CAT_GM_seqs/final_16S/237-PCR1PltBNeg12-16-23-CIMI-CR-23-JL_S237_L001_R2_001.fastq.gz,reverse
238-352TES-CIMI-CR-23-JL,/nfs/turbo/lsa-jbeehner/jlucore/CAT_GM_seqs/final_16S/238-352TES-CIMI-CR-23-JL_S238_L001_R1_001.fastq.gz,forward
238-352TES-CIMI-CR-23-JL,/nfs/turbo/lsa-jbeehner/jlucore/CAT_GM_seqs/final_16S/238-352TES-CIMI-CR-23-JL_S238_L001_R2_001.fastq.gz,reverse
239-490TES-CIMI-CR-23-JL,/nfs/turbo/lsa-jbeehner/jlucore/CAT_GM_seqs/final_16S/239-490TES-CIMI-CR-23-JL_S239_L001_R1_001.fastq.gz,forward
239-490TES-CIMI-CR-23-JL,/nfs/turbo/lsa-jbeehner/jlucore/CAT_GM_seqs/final_16S/239-490TES-CIMI-CR-23-JL_S239_L001_R2_001.fastq.gz,reverse
240-760TES-CIMI-CR-23-JL,/nfs/turbo/lsa-jbeehner/jlucore/CAT_GM_seqs/final_16S/240-760TES-CIMI-CR-23-JL_S240_L001_R1_001.fastq.gz,forward
240-760TES-CIMI-CR-23-JL,/nfs/turbo/lsa-jbeehner/jlucore/CAT_GM_seqs/final_16S/240-760TES-CIMI-CR-23-JL_S240_L001_R2_001.fastq.gz,reverse
241-855TES-CIMI-CR-23-JL,/nfs/turbo/lsa-jbeehner/jlucore/CAT_GM_seqs/final_16S/241-855TES-CIMI-CR-23-JL_S241_L001_R1_001.fastq.gz,forward
241-855TES-CIMI-CR-23-JL,/nfs/turbo/lsa-jbeehner/jlucore/CAT_GM_seqs/final_16S/241-855TES-CIMI-CR-23-JL_S241_L001_R2_001.fastq.gz,reverse
242-1072TES-CIMI-CR-23-JL,/nfs/turbo/lsa-jbeehner/jlucore/CAT_GM_seqs/final_16S/242-1072TES-CIMI-CR-23-JL_S242_L001_R1_001.fastq.gz,forward
242-1072TES-CIMI-CR-23-JL,/nfs/turbo/lsa-jbeehner/jlucore/CAT_GM_seqs/final_16S/242-1072TES-CIMI-CR-23-JL_S242_L001_R2_001.fastq.gz,reverse
243-1363TES-CIMI-CR-23-JL,/nfs/turbo/lsa-jbeehner/jlucore/CAT_GM_seqs/final_16S/243-1363TES-CIMI-CR-23-JL_S243_L001_R1_001.fastq.gz,forward
243-1363TES-CIMI-CR-23-JL,/nfs/turbo/lsa-jbeehner/jlucore/CAT_GM_seqs/final_16S/243-1363TES-CIMI-CR-23-JL_S243_L001_R2_001.fastq.gz,reverse
244-351TET-CIMI-CR-23-JL,/nfs/turbo/lsa-jbeehner/jlucore/CAT_GM_seqs/final_16S/244-351TET-CIMI-CR-23-JL_S244_L001_R1_001.fastq.gz,forward
244-351TET-CIMI-CR-23-JL,/nfs/turbo/lsa-jbeehner/jlucore/CAT_GM_seqs/final_16S/244-351TET-CIMI-CR-23-JL_S244_L001_R2_001.fastq.gz,reverse
245-354TET-CIMI-CR-23-JL,/nfs/turbo/lsa-jbeehner/jlucore/CAT_GM_seqs/final_16S/245-354TET-CIMI-CR-23-JL_S245_L001_R1_001.fastq.gz,forward
245-354TET-CIMI-CR-23-JL,/nfs/turbo/lsa-jbeehner/jlucore/CAT_GM_seqs/final_16S/245-354TET-CIMI-CR-23-JL_S245_L001_R2_001.fastq.gz,reverse
246-461TET-CIMI-CR-23-JL,/nfs/turbo/lsa-jbeehner/jlucore/CAT_GM_seqs/final_16S/246-461TET-CIMI-CR-23-JL_S246_L001_R1_001.fastq.gz,forward
246-461TET-CIMI-CR-23-JL,/nfs/turbo/lsa-jbeehner/jlucore/CAT_GM_seqs/final_16S/246-461TET-CIMI-CR-23-JL_S246_L001_R2_001.fastq.gz,reverse
247-500TET-CIMI-CR-23-JL,/nfs/turbo/lsa-jbeehner/jlucore/CAT_GM_seqs/final_16S/247-500TET-CIMI-CR-23-JL_S247_L001_R1_001.fastq.gz,forward
247-500TET-CIMI-CR-23-JL,/nfs/turbo/lsa-jbeehner/jlucore/CAT_GM_seqs/final_16S/247-500TET-CIMI-CR-23-JL_S247_L001_R2_001.fastq.gz,reverse
248-789TET-CIMI-CR-23-JL,/nfs/turbo/lsa-jbeehner/jlucore/CAT_GM_seqs/final_16S/248-789TET-CIMI-CR-23-JL_S248_L001_R1_001.fastq.gz,forward
248-789TET-CIMI-CR-23-JL,/nfs/turbo/lsa-jbeehner/jlucore/CAT_GM_seqs/final_16S/248-789TET-CIMI-CR-23-JL_S248_L001_R2_001.fastq.gz,reverse
249-869TET-CIMI-CR-23-JL,/nfs/turbo/lsa-jbeehner/jlucore/CAT_GM_seqs/final_16S/249-869TET-CIMI-CR-23-JL_S249_L001_R1_001.fastq.gz,forward
249-869TET-CIMI-CR-23-JL,/nfs/turbo/lsa-jbeehner/jlucore/CAT_GM_seqs/final_16S/249-869TET-CIMI-CR-23-JL_S249_L001_R2_001.fastq.gz,reverse
250-920TET-CIMI-CR-23-JL,/nfs/turbo/lsa-jbeehner/jlucore/CAT_GM_seqs/final_16S/250-920TET-CIMI-CR-23-JL_S250_L001_R1_001.fastq.gz,forward
250-920TET-CIMI-CR-23-JL,/nfs/turbo/lsa-jbeehner/jlucore/CAT_GM_seqs/final_16S/250-920TET-CIMI-CR-23-JL_S250_L001_R2_001.fastq.gz,reverse
251-162THO-CIMI-CR-23-JL,/nfs/turbo/lsa-jbeehner/jlucore/CAT_GM_seqs/final_16S/251-162THO-CIMI-CR-23-JL_S251_L001_R1_001.fastq.gz,forward
251-162THO-CIMI-CR-23-JL,/nfs/turbo/lsa-jbeehner/jlucore/CAT_GM_seqs/final_16S/251-162THO-CIMI-CR-23-JL_S251_L001_R2_001.fastq.gz,reverse
252-172THO-CIMI-CR-23-JL,/nfs/turbo/lsa-jbeehner/jlucore/CAT_GM_seqs/final_16S/252-172THO-CIMI-CR-23-JL_S252_L001_R1_001.fastq.gz,forward
252-172THO-CIMI-CR-23-JL,/nfs/turbo/lsa-jbeehner/jlucore/CAT_GM_seqs/final_16S/252-172THO-CIMI-CR-23-JL_S252_L001_R2_001.fastq.gz,reverse
253-927TIL-CIMI-CR-23-JL,/nfs/turbo/lsa-jbeehner/jlucore/CAT_GM_seqs/final_16S/253-927TIL-CIMI-CR-23-JL_S253_L001_R1_001.fastq.gz,forward
253-927TIL-CIMI-CR-23-JL,/nfs/turbo/lsa-jbeehner/jlucore/CAT_GM_seqs/final_16S/253-927TIL-CIMI-CR-23-JL_S253_L001_R2_001.fastq.gz,reverse
254-268TIN-CIMI-CR-23-JL,/nfs/turbo/lsa-jbeehner/jlucore/CAT_GM_seqs/final_16S/254-268TIN-CIMI-CR-23-JL_S254_L001_R1_001.fastq.gz,forward
254-268TIN-CIMI-CR-23-JL,/nfs/turbo/lsa-jbeehner/jlucore/CAT_GM_seqs/final_16S/254-268TIN-CIMI-CR-23-JL_S254_L001_R2_001.fastq.gz,reverse
255-368TIN-CIMI-CR-23-JL,/nfs/turbo/lsa-jbeehner/jlucore/CAT_GM_seqs/final_16S/255-368TIN-CIMI-CR-23-JL_S255_L001_R1_001.fastq.gz,forward
255-368TIN-CIMI-CR-23-JL,/nfs/turbo/lsa-jbeehner/jlucore/CAT_GM_seqs/final_16S/255-368TIN-CIMI-CR-23-JL_S255_L001_R2_001.fastq.gz,reverse
256-387TIN-CIMI-CR-23-JL,/nfs/turbo/lsa-jbeehner/jlucore/CAT_GM_seqs/final_16S/256-387TIN-CIMI-CR-23-JL_S256_L001_R1_001.fastq.gz,forward
256-387TIN-CIMI-CR-23-JL,/nfs/turbo/lsa-jbeehner/jlucore/CAT_GM_seqs/final_16S/256-387TIN-CIMI-CR-23-JL_S256_L001_R2_001.fastq.gz,reverse
257-679TIN-CIMI-CR-23-JL,/nfs/turbo/lsa-jbeehner/jlucore/CAT_GM_seqs/final_16S/257-679TIN-CIMI-CR-23-JL_S257_L001_R1_001.fastq.gz,forward
257-679TIN-CIMI-CR-23-JL,/nfs/turbo/lsa-jbeehner/jlucore/CAT_GM_seqs/final_16S/257-679TIN-CIMI-CR-23-JL_S257_L001_R2_001.fastq.gz,reverse
258-1137TIN-CIMI-CR-23-JL,/nfs/turbo/lsa-jbeehner/jlucore/CAT_GM_seqs/final_16S/258-1137TIN-CIMI-CR-23-JL_S258_L001_R1_001.fastq.gz,forward
258-1137TIN-CIMI-CR-23-JL,/nfs/turbo/lsa-jbeehner/jlucore/CAT_GM_seqs/final_16S/258-1137TIN-CIMI-CR-23-JL_S258_L001_R2_001.fastq.gz,reverse
259-685TIQ-CIMI-CR-23-JL,/nfs/turbo/lsa-jbeehner/jlucore/CAT_GM_seqs/final_16S/259-685TIQ-CIMI-CR-23-JL_S259_L001_R1_001.fastq.gz,forward
259-685TIQ-CIMI-CR-23-JL,/nfs/turbo/lsa-jbeehner/jlucore/CAT_GM_seqs/final_16S/259-685TIQ-CIMI-CR-23-JL_S259_L001_R2_001.fastq.gz,reverse
260-913TIQ-CIMI-CR-23-JL,/nfs/turbo/lsa-jbeehner/jlucore/CAT_GM_seqs/final_16S/260-913TIQ-CIMI-CR-23-JL_S260_L001_R1_001.fastq.gz,forward
260-913TIQ-CIMI-CR-23-JL,/nfs/turbo/lsa-jbeehner/jlucore/CAT_GM_seqs/final_16S/260-913TIQ-CIMI-CR-23-JL_S260_L001_R2_001.fastq.gz,reverse
261-1088TIQ-CIMI-CR-23-JL,/nfs/turbo/lsa-jbeehner/jlucore/CAT_GM_seqs/final_16S/261-1088TIQ-CIMI-CR-23-JL_S261_L001_R1_001.fastq.gz,forward
261-1088TIQ-CIMI-CR-23-JL,/nfs/turbo/lsa-jbeehner/jlucore/CAT_GM_seqs/final_16S/261-1088TIQ-CIMI-CR-23-JL_S261_L001_R2_001.fastq.gz,reverse
262-1216TIQ-CIMI-CR-23-JL,/nfs/turbo/lsa-jbeehner/jlucore/CAT_GM_seqs/final_16S/262-1216TIQ-CIMI-CR-23-JL_S262_L001_R1_001.fastq.gz,forward
262-1216TIQ-CIMI-CR-23-JL,/nfs/turbo/lsa-jbeehner/jlucore/CAT_GM_seqs/final_16S/262-1216TIQ-CIMI-CR-23-JL_S262_L001_R2_001.fastq.gz,reverse
263-1341TIQ-CIMI-CR-23-JL,/nfs/turbo/lsa-jbeehner/jlucore/CAT_GM_seqs/final_16S/263-1341TIQ-CIMI-CR-23-JL_S263_L001_R1_001.fastq.gz,forward
263-1341TIQ-CIMI-CR-23-JL,/nfs/turbo/lsa-jbeehner/jlucore/CAT_GM_seqs/final_16S/263-1341TIQ-CIMI-CR-23-JL_S263_L001_R2_001.fastq.gz,reverse
264-870TIZ-CIMI-CR-23-JL,/nfs/turbo/lsa-jbeehner/jlucore/CAT_GM_seqs/final_16S/264-870TIZ-CIMI-CR-23-JL_S264_L001_R1_001.fastq.gz,forward
264-870TIZ-CIMI-CR-23-JL,/nfs/turbo/lsa-jbeehner/jlucore/CAT_GM_seqs/final_16S/264-870TIZ-CIMI-CR-23-JL_S264_L001_R2_001.fastq.gz,reverse
265-1108TIZ-CIMI-CR-23-JL,/nfs/turbo/lsa-jbeehner/jlucore/CAT_GM_seqs/final_16S/265-1108TIZ-CIMI-CR-23-JL_S265_L001_R1_001.fastq.gz,forward
265-1108TIZ-CIMI-CR-23-JL,/nfs/turbo/lsa-jbeehner/jlucore/CAT_GM_seqs/final_16S/265-1108TIZ-CIMI-CR-23-JL_S265_L001_R2_001.fastq.gz,reverse
266-270TOT-CIMI-CR-23-JL,/nfs/turbo/lsa-jbeehner/jlucore/CAT_GM_seqs/final_16S/266-270TOT-CIMI-CR-23-JL_S266_L001_R1_001.fastq.gz,forward
266-270TOT-CIMI-CR-23-JL,/nfs/turbo/lsa-jbeehner/jlucore/CAT_GM_seqs/final_16S/266-270TOT-CIMI-CR-23-JL_S266_L001_R2_001.fastq.gz,reverse
267-Neg12-17-13-CIMI-CR-23-JL,/nfs/turbo/lsa-jbeehner/jlucore/CAT_GM_seqs/final_16S/267-Neg12-17-13-CIMI-CR-23-JL_S267_L001_R1_001.fastq.gz,forward
267-Neg12-17-13-CIMI-CR-23-JL,/nfs/turbo/lsa-jbeehner/jlucore/CAT_GM_seqs/final_16S/267-Neg12-17-13-CIMI-CR-23-JL_S267_L001_R2_001.fastq.gz,reverse
268-NegA12-18-23-CIMI-CR-23-JL,/nfs/turbo/lsa-jbeehner/jlucore/CAT_GM_seqs/final_16S/268-NegA12-18-23-CIMI-CR-23-JL_S268_L001_R1_001.fastq.gz,forward
268-NegA12-18-23-CIMI-CR-23-JL,/nfs/turbo/lsa-jbeehner/jlucore/CAT_GM_seqs/final_16S/268-NegA12-18-23-CIMI-CR-23-JL_S268_L001_R2_001.fastq.gz,reverse
269-PCR1PltANeg12-18-23-CIMI-CR-23-JL,/nfs/turbo/lsa-jbeehner/jlucore/CAT_GM_seqs/final_16S/269-PCR1PltANeg12-18-23-CIMI-CR-23-JL_S269_L001_R1_001.fastq.gz,forward
269-PCR1PltANeg12-18-23-CIMI-CR-23-JL,/nfs/turbo/lsa-jbeehner/jlucore/CAT_GM_seqs/final_16S/269-PCR1PltANeg12-18-23-CIMI-CR-23-JL_S269_L001_R2_001.fastq.gz,reverse
270-319TOT-CIMI-CR-23-JL,/nfs/turbo/lsa-jbeehner/jlucore/CAT_GM_seqs/final_16S/270-319TOT-CIMI-CR-23-JL_S270_L001_R1_001.fastq.gz,forward
270-319TOT-CIMI-CR-23-JL,/nfs/turbo/lsa-jbeehner/jlucore/CAT_GM_seqs/final_16S/270-319TOT-CIMI-CR-23-JL_S270_L001_R2_001.fastq.gz,reverse
271-350TOT-CIMI-CR-23-JL,/nfs/turbo/lsa-jbeehner/jlucore/CAT_GM_seqs/final_16S/271-350TOT-CIMI-CR-23-JL_S271_L001_R1_001.fastq.gz,forward
271-350TOT-CIMI-CR-23-JL,/nfs/turbo/lsa-jbeehner/jlucore/CAT_GM_seqs/final_16S/271-350TOT-CIMI-CR-23-JL_S271_L001_R2_001.fastq.gz,reverse
272-446TOT-CIMI-CR-23-JL,/nfs/turbo/lsa-jbeehner/jlucore/CAT_GM_seqs/final_16S/272-446TOT-CIMI-CR-23-JL_S272_L001_R1_001.fastq.gz,forward
272-446TOT-CIMI-CR-23-JL,/nfs/turbo/lsa-jbeehner/jlucore/CAT_GM_seqs/final_16S/272-446TOT-CIMI-CR-23-JL_S272_L001_R2_001.fastq.gz,reverse
273-587TOT-CIMI-CR-23-JL,/nfs/turbo/lsa-jbeehner/jlucore/CAT_GM_seqs/final_16S/273-587TOT-CIMI-CR-23-JL_S273_L001_R1_001.fastq.gz,forward
273-587TOT-CIMI-CR-23-JL,/nfs/turbo/lsa-jbeehner/jlucore/CAT_GM_seqs/final_16S/273-587TOT-CIMI-CR-23-JL_S273_L001_R2_001.fastq.gz,reverse
274-778TOT-CIMI-CR-23-JL,/nfs/turbo/lsa-jbeehner/jlucore/CAT_GM_seqs/final_16S/274-778TOT-CIMI-CR-23-JL_S274_L001_R1_001.fastq.gz,forward
274-778TOT-CIMI-CR-23-JL,/nfs/turbo/lsa-jbeehner/jlucore/CAT_GM_seqs/final_16S/274-778TOT-CIMI-CR-23-JL_S274_L001_R2_001.fastq.gz,reverse
275-840TOT-CIMI-CR-23-JL,/nfs/turbo/lsa-jbeehner/jlucore/CAT_GM_seqs/final_16S/275-840TOT-CIMI-CR-23-JL_S275_L001_R1_001.fastq.gz,forward
275-840TOT-CIMI-CR-23-JL,/nfs/turbo/lsa-jbeehner/jlucore/CAT_GM_seqs/final_16S/275-840TOT-CIMI-CR-23-JL_S275_L001_R2_001.fastq.gz,reverse
276-945TOT-CIMI-CR-23-JL,/nfs/turbo/lsa-jbeehner/jlucore/CAT_GM_seqs/final_16S/276-945TOT-CIMI-CR-23-JL_S276_L001_R1_001.fastq.gz,forward
276-945TOT-CIMI-CR-23-JL,/nfs/turbo/lsa-jbeehner/jlucore/CAT_GM_seqs/final_16S/276-945TOT-CIMI-CR-23-JL_S276_L001_R2_001.fastq.gz,reverse
277-1044TOT-CIMI-CR-23-JL,/nfs/turbo/lsa-jbeehner/jlucore/CAT_GM_seqs/final_16S/277-1044TOT-CIMI-CR-23-JL_S277_L001_R1_001.fastq.gz,forward
277-1044TOT-CIMI-CR-23-JL,/nfs/turbo/lsa-jbeehner/jlucore/CAT_GM_seqs/final_16S/277-1044TOT-CIMI-CR-23-JL_S277_L001_R2_001.fastq.gz,reverse
278-1395TOT-CIMI-CR-23-JL,/nfs/turbo/lsa-jbeehner/jlucore/CAT_GM_seqs/final_16S/278-1395TOT-CIMI-CR-23-JL_S278_L001_R1_001.fastq.gz,forward
278-1395TOT-CIMI-CR-23-JL,/nfs/turbo/lsa-jbeehner/jlucore/CAT_GM_seqs/final_16S/278-1395TOT-CIMI-CR-23-JL_S278_L001_R2_001.fastq.gz,reverse
279-709TRO-CIMI-CR-23-JL,/nfs/turbo/lsa-jbeehner/jlucore/CAT_GM_seqs/final_16S/279-709TRO-CIMI-CR-23-JL_S279_L001_R1_001.fastq.gz,forward
279-709TRO-CIMI-CR-23-JL,/nfs/turbo/lsa-jbeehner/jlucore/CAT_GM_seqs/final_16S/279-709TRO-CIMI-CR-23-JL_S279_L001_R2_001.fastq.gz,reverse
280-905TRO-CIMI-CR-23-JL,/nfs/turbo/lsa-jbeehner/jlucore/CAT_GM_seqs/final_16S/280-905TRO-CIMI-CR-23-JL_S280_L001_R1_001.fastq.gz,forward
280-905TRO-CIMI-CR-23-JL,/nfs/turbo/lsa-jbeehner/jlucore/CAT_GM_seqs/final_16S/280-905TRO-CIMI-CR-23-JL_S280_L001_R2_001.fastq.gz,reverse
281-1234TRO-CIMI-CR-23-JL,/nfs/turbo/lsa-jbeehner/jlucore/CAT_GM_seqs/final_16S/281-1234TRO-CIMI-CR-23-JL_S281_L001_R1_001.fastq.gz,forward
281-1234TRO-CIMI-CR-23-JL,/nfs/turbo/lsa-jbeehner/jlucore/CAT_GM_seqs/final_16S/281-1234TRO-CIMI-CR-23-JL_S281_L001_R2_001.fastq.gz,reverse
282-133TRU-CIMI-CR-23-JL,/nfs/turbo/lsa-jbeehner/jlucore/CAT_GM_seqs/final_16S/282-133TRU-CIMI-CR-23-JL_S282_L001_R1_001.fastq.gz,forward
282-133TRU-CIMI-CR-23-JL,/nfs/turbo/lsa-jbeehner/jlucore/CAT_GM_seqs/final_16S/282-133TRU-CIMI-CR-23-JL_S282_L001_R2_001.fastq.gz,reverse
283-246TRU-CIMI-CR-23-JL,/nfs/turbo/lsa-jbeehner/jlucore/CAT_GM_seqs/final_16S/283-246TRU-CIMI-CR-23-JL_S283_L001_R1_001.fastq.gz,forward
283-246TRU-CIMI-CR-23-JL,/nfs/turbo/lsa-jbeehner/jlucore/CAT_GM_seqs/final_16S/283-246TRU-CIMI-CR-23-JL_S283_L001_R2_001.fastq.gz,reverse
284-269TRU-CIMI-CR-23-JL,/nfs/turbo/lsa-jbeehner/jlucore/CAT_GM_seqs/final_16S/284-269TRU-CIMI-CR-23-JL_S284_L001_R1_001.fastq.gz,forward
284-269TRU-CIMI-CR-23-JL,/nfs/turbo/lsa-jbeehner/jlucore/CAT_GM_seqs/final_16S/284-269TRU-CIMI-CR-23-JL_S284_L001_R2_001.fastq.gz,reverse
285-349TRU-CIMI-CR-23-JL,/nfs/turbo/lsa-jbeehner/jlucore/CAT_GM_seqs/final_16S/285-349TRU-CIMI-CR-23-JL_S285_L001_R1_001.fastq.gz,forward
285-349TRU-CIMI-CR-23-JL,/nfs/turbo/lsa-jbeehner/jlucore/CAT_GM_seqs/final_16S/285-349TRU-CIMI-CR-23-JL_S285_L001_R2_001.fastq.gz,reverse
286-444TRU-CIMI-CR-23-JL,/nfs/turbo/lsa-jbeehner/jlucore/CAT_GM_seqs/final_16S/286-444TRU-CIMI-CR-23-JL_S286_L001_R1_001.fastq.gz,forward
286-444TRU-CIMI-CR-23-JL,/nfs/turbo/lsa-jbeehner/jlucore/CAT_GM_seqs/final_16S/286-444TRU-CIMI-CR-23-JL_S286_L001_R2_001.fastq.gz,reverse
287-PCR1PltBNeg12-18-23-CIMI-CR-23-JL,/nfs/turbo/lsa-jbeehner/jlucore/CAT_GM_seqs/final_16S/287-PCR1PltBNeg12-18-23-CIMI-CR-23-JL_S287_L001_R1_001.fastq.gz,forward
287-PCR1PltBNeg12-18-23-CIMI-CR-23-JL,/nfs/turbo/lsa-jbeehner/jlucore/CAT_GM_seqs/final_16S/287-PCR1PltBNeg12-18-23-CIMI-CR-23-JL_S287_L001_R2_001.fastq.gz,reverse
289-526TRU-CIMI-CR-23-JL,/nfs/turbo/lsa-jbeehner/jlucore/CAT_GM_seqs/final_16S/289-526TRU-CIMI-CR-23-JL_S289_L001_R1_001.fastq.gz,forward
289-526TRU-CIMI-CR-23-JL,/nfs/turbo/lsa-jbeehner/jlucore/CAT_GM_seqs/final_16S/289-526TRU-CIMI-CR-23-JL_S289_L001_R2_001.fastq.gz,reverse
290-715TRU-CIMI-CR-23-JL,/nfs/turbo/lsa-jbeehner/jlucore/CAT_GM_seqs/final_16S/290-715TRU-CIMI-CR-23-JL_S290_L001_R1_001.fastq.gz,forward
290-715TRU-CIMI-CR-23-JL,/nfs/turbo/lsa-jbeehner/jlucore/CAT_GM_seqs/final_16S/290-715TRU-CIMI-CR-23-JL_S290_L001_R2_001.fastq.gz,reverse
291-856TRU-CIMI-CR-23-JL,/nfs/turbo/lsa-jbeehner/jlucore/CAT_GM_seqs/final_16S/291-856TRU-CIMI-CR-23-JL_S291_L001_R1_001.fastq.gz,forward
291-856TRU-CIMI-CR-23-JL,/nfs/turbo/lsa-jbeehner/jlucore/CAT_GM_seqs/final_16S/291-856TRU-CIMI-CR-23-JL_S291_L001_R2_001.fastq.gz,reverse
292-975TRU-CIMI-CR-23-JL,/nfs/turbo/lsa-jbeehner/jlucore/CAT_GM_seqs/final_16S/292-975TRU-CIMI-CR-23-JL_S292_L001_R1_001.fastq.gz,forward
292-975TRU-CIMI-CR-23-JL,/nfs/turbo/lsa-jbeehner/jlucore/CAT_GM_seqs/final_16S/292-975TRU-CIMI-CR-23-JL_S292_L001_R2_001.fastq.gz,reverse
293-1174TRU-CIMI-CR-23-JL,/nfs/turbo/lsa-jbeehner/jlucore/CAT_GM_seqs/final_16S/293-1174TRU-CIMI-CR-23-JL_S293_L001_R1_001.fastq.gz,forward
293-1174TRU-CIMI-CR-23-JL,/nfs/turbo/lsa-jbeehner/jlucore/CAT_GM_seqs/final_16S/293-1174TRU-CIMI-CR-23-JL_S293_L001_R2_001.fastq.gz,reverse
294-1383TRU-CIMI-CR-23-JL,/nfs/turbo/lsa-jbeehner/jlucore/CAT_GM_seqs/final_16S/294-1383TRU-CIMI-CR-23-JL_S294_L001_R1_001.fastq.gz,forward
294-1383TRU-CIMI-CR-23-JL,/nfs/turbo/lsa-jbeehner/jlucore/CAT_GM_seqs/final_16S/294-1383TRU-CIMI-CR-23-JL_S294_L001_R2_001.fastq.gz,reverse
295-460TSU-CIMI-CR-23-JL,/nfs/turbo/lsa-jbeehner/jlucore/CAT_GM_seqs/final_16S/295-460TSU-CIMI-CR-23-JL_S295_L001_R1_001.fastq.gz,forward
295-460TSU-CIMI-CR-23-JL,/nfs/turbo/lsa-jbeehner/jlucore/CAT_GM_seqs/final_16S/295-460TSU-CIMI-CR-23-JL_S295_L001_R2_001.fastq.gz,reverse
296-736TSU-CIMI-CR-23-JL,/nfs/turbo/lsa-jbeehner/jlucore/CAT_GM_seqs/final_16S/296-736TSU-CIMI-CR-23-JL_S296_L001_R1_001.fastq.gz,forward
296-736TSU-CIMI-CR-23-JL,/nfs/turbo/lsa-jbeehner/jlucore/CAT_GM_seqs/final_16S/296-736TSU-CIMI-CR-23-JL_S296_L001_R2_001.fastq.gz,reverse
297-858TSU-CIMI-CR-23-JL,/nfs/turbo/lsa-jbeehner/jlucore/CAT_GM_seqs/final_16S/297-858TSU-CIMI-CR-23-JL_S297_L001_R1_001.fastq.gz,forward
297-858TSU-CIMI-CR-23-JL,/nfs/turbo/lsa-jbeehner/jlucore/CAT_GM_seqs/final_16S/297-858TSU-CIMI-CR-23-JL_S297_L001_R2_001.fastq.gz,reverse
298-704TUA-CIMI-CR-23-JL,/nfs/turbo/lsa-jbeehner/jlucore/CAT_GM_seqs/final_16S/298-704TUA-CIMI-CR-23-JL_S298_L001_R1_001.fastq.gz,forward
298-704TUA-CIMI-CR-23-JL,/nfs/turbo/lsa-jbeehner/jlucore/CAT_GM_seqs/final_16S/298-704TUA-CIMI-CR-23-JL_S298_L001_R2_001.fastq.gz,reverse
299-875TUA-CIMI-CR-23-JL,/nfs/turbo/lsa-jbeehner/jlucore/CAT_GM_seqs/final_16S/299-875TUA-CIMI-CR-23-JL_S299_L001_R1_001.fastq.gz,forward
299-875TUA-CIMI-CR-23-JL,/nfs/turbo/lsa-jbeehner/jlucore/CAT_GM_seqs/final_16S/299-875TUA-CIMI-CR-23-JL_S299_L001_R2_001.fastq.gz,reverse
300-1225TUA-CIMI-CR-23-JL,/nfs/turbo/lsa-jbeehner/jlucore/CAT_GM_seqs/final_16S/300-1225TUA-CIMI-CR-23-JL_S300_L001_R1_001.fastq.gz,forward
300-1225TUA-CIMI-CR-23-JL,/nfs/turbo/lsa-jbeehner/jlucore/CAT_GM_seqs/final_16S/300-1225TUA-CIMI-CR-23-JL_S300_L001_R2_001.fastq.gz,reverse
301-1345TUA-CIMI-CR-23-JL,/nfs/turbo/lsa-jbeehner/jlucore/CAT_GM_seqs/final_16S/301-1345TUA-CIMI-CR-23-JL_S301_L001_R1_001.fastq.gz,forward
301-1345TUA-CIMI-CR-23-JL,/nfs/turbo/lsa-jbeehner/jlucore/CAT_GM_seqs/final_16S/301-1345TUA-CIMI-CR-23-JL_S301_L001_R2_001.fastq.gz,reverse
302-NegB12-18-23-CIMI-CR-23-JL,/nfs/turbo/lsa-jbeehner/jlucore/CAT_GM_seqs/final_16S/302-NegB12-18-23-CIMI-CR-23-JL_S302_L001_R1_001.fastq.gz,forward
302-NegB12-18-23-CIMI-CR-23-JL,/nfs/turbo/lsa-jbeehner/jlucore/CAT_GM_seqs/final_16S/302-NegB12-18-23-CIMI-CR-23-JL_S302_L001_R2_001.fastq.gz,reverse
303-TAC677-CIMI-CR-23-JL,/nfs/turbo/lsa-jbeehner/jlucore/CAT_GM_seqs/final_16S/303-TAC677-CIMI-CR-23-JL_S303_L001_R1_001.fastq.gz,forward
303-TAC677-CIMI-CR-23-JL,/nfs/turbo/lsa-jbeehner/jlucore/CAT_GM_seqs/final_16S/303-TAC677-CIMI-CR-23-JL_S303_L001_R2_001.fastq.gz,reverse
304-843TAC-CIMI-CR-23-JL,/nfs/turbo/lsa-jbeehner/jlucore/CAT_GM_seqs/final_16S/304-843TAC-CIMI-CR-23-JL_S304_L001_R1_001.fastq.gz,forward
304-843TAC-CIMI-CR-23-JL,/nfs/turbo/lsa-jbeehner/jlucore/CAT_GM_seqs/final_16S/304-843TAC-CIMI-CR-23-JL_S304_L001_R2_001.fastq.gz,reverse
305-536TEM-CIMI-CR-23-JL,/nfs/turbo/lsa-jbeehner/jlucore/CAT_GM_seqs/final_16S/305-536TEM-CIMI-CR-23-JL_S305_L001_R1_001.fastq.gz,forward
305-536TEM-CIMI-CR-23-JL,/nfs/turbo/lsa-jbeehner/jlucore/CAT_GM_seqs/final_16S/305-536TEM-CIMI-CR-23-JL_S305_L001_R2_001.fastq.gz,reverse
306-948TEM-CIMI-CR-23-JL,/nfs/turbo/lsa-jbeehner/jlucore/CAT_GM_seqs/final_16S/306-948TEM-CIMI-CR-23-JL_S306_L001_R1_001.fastq.gz,forward
306-948TEM-CIMI-CR-23-JL,/nfs/turbo/lsa-jbeehner/jlucore/CAT_GM_seqs/final_16S/306-948TEM-CIMI-CR-23-JL_S306_L001_R2_001.fastq.gz,reverse
307-883TAB-CIMI-CR-23-JL,/nfs/turbo/lsa-jbeehner/jlucore/CAT_GM_seqs/final_16S/307-883TAB-CIMI-CR-23-JL_S307_L001_R1_001.fastq.gz,forward
307-883TAB-CIMI-CR-23-JL,/nfs/turbo/lsa-jbeehner/jlucore/CAT_GM_seqs/final_16S/307-883TAB-CIMI-CR-23-JL_S307_L001_R2_001.fastq.gz,reverse
308-983TAN-CIMI-CR-23-JL,/nfs/turbo/lsa-jbeehner/jlucore/CAT_GM_seqs/final_16S/308-983TAN-CIMI-CR-23-JL_S308_L001_R1_001.fastq.gz,forward
308-983TAN-CIMI-CR-23-JL,/nfs/turbo/lsa-jbeehner/jlucore/CAT_GM_seqs/final_16S/308-983TAN-CIMI-CR-23-JL_S308_L001_R2_001.fastq.gz,reverse
309-343TIN-CIMI-CR-23-JL,/nfs/turbo/lsa-jbeehner/jlucore/CAT_GM_seqs/final_16S/309-343TIN-CIMI-CR-23-JL_S309_L001_R1_001.fastq.gz,forward
309-343TIN-CIMI-CR-23-JL,/nfs/turbo/lsa-jbeehner/jlucore/CAT_GM_seqs/final_16S/309-343TIN-CIMI-CR-23-JL_S309_L001_R2_001.fastq.gz,reverse
310-589TER-CIMI-CR-23-JL,/nfs/turbo/lsa-jbeehner/jlucore/CAT_GM_seqs/final_16S/310-589TER-CIMI-CR-23-JL_S310_L001_R1_001.fastq.gz,forward
310-589TER-CIMI-CR-23-JL,/nfs/turbo/lsa-jbeehner/jlucore/CAT_GM_seqs/final_16S/310-589TER-CIMI-CR-23-JL_S310_L001_R2_001.fastq.gz,reverse
311-1520TIL-CIMI-CR-23-JL,/nfs/turbo/lsa-jbeehner/jlucore/CAT_GM_seqs/final_16S/311-1520TIL-CIMI-CR-23-JL_S311_L001_R1_001.fastq.gz,forward
311-1520TIL-CIMI-CR-23-JL,/nfs/turbo/lsa-jbeehner/jlucore/CAT_GM_seqs/final_16S/311-1520TIL-CIMI-CR-23-JL_S311_L001_R2_001.fastq.gz,reverse
312-657TIL-CIMI-CR-23-JL,/nfs/turbo/lsa-jbeehner/jlucore/CAT_GM_seqs/final_16S/312-657TIL-CIMI-CR-23-JL_S312_L001_R1_001.fastq.gz,forward
312-657TIL-CIMI-CR-23-JL,/nfs/turbo/lsa-jbeehner/jlucore/CAT_GM_seqs/final_16S/312-657TIL-CIMI-CR-23-JL_S312_L001_R2_001.fastq.gz,reverse
313-577TIL-CIMI-CR-23-JL,/nfs/turbo/lsa-jbeehner/jlucore/CAT_GM_seqs/final_16S/313-577TIL-CIMI-CR-23-JL_S313_L001_R1_001.fastq.gz,forward
313-577TIL-CIMI-CR-23-JL,/nfs/turbo/lsa-jbeehner/jlucore/CAT_GM_seqs/final_16S/313-577TIL-CIMI-CR-23-JL_S313_L001_R2_001.fastq.gz,reverse
314-674TRO-CIMI-CR-23-JL,/nfs/turbo/lsa-jbeehner/jlucore/CAT_GM_seqs/final_16S/314-674TRO-CIMI-CR-23-JL_S314_L001_R1_001.fastq.gz,forward
314-674TRO-CIMI-CR-23-JL,/nfs/turbo/lsa-jbeehner/jlucore/CAT_GM_seqs/final_16S/314-674TRO-CIMI-CR-23-JL_S314_L001_R2_001.fastq.gz,reverse
315-812TRO-CIMI-CR-23-JL,/nfs/turbo/lsa-jbeehner/jlucore/CAT_GM_seqs/final_16S/315-812TRO-CIMI-CR-23-JL_S315_L001_R1_001.fastq.gz,forward
315-812TRO-CIMI-CR-23-JL,/nfs/turbo/lsa-jbeehner/jlucore/CAT_GM_seqs/final_16S/315-812TRO-CIMI-CR-23-JL_S315_L001_R2_001.fastq.gz,reverse
316-1035TRO-CIMI-CR-23-JL,/nfs/turbo/lsa-jbeehner/jlucore/CAT_GM_seqs/final_16S/316-1035TRO-CIMI-CR-23-JL_S316_L001_R1_001.fastq.gz,forward
316-1035TRO-CIMI-CR-23-JL,/nfs/turbo/lsa-jbeehner/jlucore/CAT_GM_seqs/final_16S/316-1035TRO-CIMI-CR-23-JL_S316_L001_R2_001.fastq.gz,reverse
317-673TIZ-CIMI-CR-23-JL,/nfs/turbo/lsa-jbeehner/jlucore/CAT_GM_seqs/final_16S/317-673TIZ-CIMI-CR-23-JL_S317_L001_R1_001.fastq.gz,forward
317-673TIZ-CIMI-CR-23-JL,/nfs/turbo/lsa-jbeehner/jlucore/CAT_GM_seqs/final_16S/317-673TIZ-CIMI-CR-23-JL_S317_L001_R2_001.fastq.gz,reverse
318-941TER-CIMI-CR-23-JL,/nfs/turbo/lsa-jbeehner/jlucore/CAT_GM_seqs/final_16S/318-941TER-CIMI-CR-23-JL_S318_L001_R1_001.fastq.gz,forward
318-941TER-CIMI-CR-23-JL,/nfs/turbo/lsa-jbeehner/jlucore/CAT_GM_seqs/final_16S/318-941TER-CIMI-CR-23-JL_S318_L001_R2_001.fastq.gz,reverse
319-PCR1PltCNeg12-18-23-CIMI-CR-23-JL,/nfs/turbo/lsa-jbeehner/jlucore/CAT_GM_seqs/final_16S/319-PCR1PltCNeg12-18-23-CIMI-CR-23-JL_S319_L001_R1_001.fastq.gz,forward
319-PCR1PltCNeg12-18-23-CIMI-CR-23-JL,/nfs/turbo/lsa-jbeehner/jlucore/CAT_GM_seqs/final_16S/319-PCR1PltCNeg12-18-23-CIMI-CR-23-JL_S319_L001_R2_001.fastq.gz,reverse
320-PCR2Plt4Neg-CIMI-CR-23-JL,/nfs/turbo/lsa-jbeehner/jlucore/CAT_GM_seqs/final_16S/320-PCR2Plt4Neg-CIMI-CR-23-JL_S320_L001_R1_001.fastq.gz,forward
320-PCR2Plt4Neg-CIMI-CR-23-JL,/nfs/turbo/lsa-jbeehner/jlucore/CAT_GM_seqs/final_16S/320-PCR2Plt4Neg-CIMI-CR-23-JL_S320_L001_R2_001.fastq.gz,reverse
